name,tech,cat,size,Latitude,Longitude,state_abbr,unit,size_perc,size_perc_scurve
Pulsant,Colocation Datacenter,Datacenter,0.2508,53.5021178158598,-1.31444573561415,NA,MW,2.722703105390162e-4,0.3147642132570619
Digital Realty,Colocation Datacenter,Datacenter,3.3000000000000003,51.5166894755559,-0.618846131959685,NA,MW,0.0035912382120964165,0.5864688078909632
NTT Global Data Centers,Colocation Datacenter,Datacenter,9.24,48.29253,11.5736,NA,MW,0.010056760098247196,0.6772969633617073
NTT Global Data Centers,Colocation Datacenter,Datacenter,11.22,52.53844,13.238456,NA,MW,0.012211934060297455,0.6963888196843956
Verne Global,Colocation Datacenter,Datacenter,4.356,51.523611,-0.100806,NA,MW,0.004740664325189888,0.6123018693704554
Pulsant,Colocation Datacenter,Datacenter,2.2176,55.92977,-3.29376,NA,MW,0.002413076446175608,0.5536553346157019
Pulsant,Colocation Datacenter,Datacenter,0.66,51.457005,-0.941395,NA,MW,7.176729293627365e-4,0.4155754666095678
Equinix,Colocation Datacenter,Datacenter,19.2192,51.53107,-0.25566,NA,MW,0.020918836866980508,0.7414339391909887
VIRTUS Data Centres,Colocation Datacenter,Datacenter,7.92,51.496361,-0.40402,NA,MW,0.008619977456880357,0.66263248323203
NTT Global Data Centers,Colocation Datacenter,Datacenter,10.163999999999936,48.15981,16.341587,NA,MW,0.011062507947203913,0.6871748241395402
VIRTUS Data Centres,Colocation Datacenter,Datacenter,15.84,51.50985,-0.454207,NA,MW,0.017240673305081396,0.7248045581963534
Pulsant,Colocation Datacenter,Datacenter,1.3860000000000001,52.05504,-0.75551,NA,MW,0.0015079033821144988,0.5172335636394427
NTT Global Data Centers,Colocation Datacenter,Datacenter,0.792,48.1501,11.74795,NA,MW,8.613511934994207e-4,0.45478548622291065
Global Switch,Colocation Datacenter,Datacenter,11.88,51.51111,-0.00568,NA,MW,0.012930325380980877,0.6991736673911049
NTT Global Data Centers,Colocation Datacenter,Datacenter,13.266000000000002,47.44868,8.5409,NA,MW,0.014438947154416059,0.7169086419800567
VIRTUS Data Centres,Colocation Datacenter,Datacenter,4.751999999999994,51.522059,-0.621549,NA,MW,0.005171699117599933,0.6216736232577689
Digital Realty,Colocation Datacenter,Datacenter,2.3760000000000003,51.521311,-0.072428,NA,MW,0.002585490363139629,0.559740115862271
KDDI Telehouse,Colocation Datacenter,Datacenter,9.24,51.512125,-5.06e-4,NA,MW,0.010056760098247196,0.6772969633617073
CyrusOne,Colocation Datacenter,Datacenter,6.006,50.12807,8.58312,NA,MW,0.006536642626898439,0.6397519331749577
Pulsant,Colocation Datacenter,Datacenter,1.6500000000000001,51.35357,-0.11946,NA,MW,0.0017952599103878667,0.5253577947705927
Pulsant,Colocation Datacenter,Datacenter,1.0164,55.9293907541785,-3.40965892686114,NA,MW,0.0011056042425317836,0.4846459565286789
VIRTUS Data Centres,Colocation Datacenter,Datacenter,10.56,51.510698,-0.453874,NA,MW,0.011493542739614037,0.6880616533755357
DATA4,Colocation Datacenter,Datacenter,81.048,45.470817,9.036271,NA,MW,0.08821773578860329,0.8568191565888912
KDDI Telehouse,Colocation Datacenter,Datacenter,6.6000000000000005,51.511997,-0.001989,NA,MW,0.007183194815513517,0.6455658398812243
Centersquare,Colocation Datacenter,Datacenter,1.6500000000000001,51.4947499960114,-0.019171083695397,NA,MW,0.0017952599103878667,0.5253577947705927
Equinix,Colocation Datacenter,Datacenter,10.758000000000001,51.52353,-0.63639,NA,MW,0.011709060135819063,0.6936390460160106
CyrusOne,Colocation Datacenter,Datacenter,11.616000000000001,50.12765,8.58276,NA,MW,0.01264296885270751,0.6989868916883205
KDDI Telehouse,Colocation Datacenter,Datacenter,4.455,51.511397,-0.001161,NA,MW,0.004848423023292401,0.6143485469279885
Centersquare,Colocation Datacenter,Datacenter,2.64,51.43732,-0.88715,NA,MW,0.002872846891412997,0.5631704731174867
NTT Global Data Centers,Colocation Datacenter,Datacenter,0.7260000000000001,53.637168,10.01633,NA,MW,7.895120614310788e-4,0.45081672041396315
Equinix,Colocation Datacenter,Datacenter,14.783999999999999,51.52204,-0.62912,NA,MW,0.01609124719198792,0.722276162878518
Digital Realty,Colocation Datacenter,Datacenter,6.6000000000000005,51.5164607482855,-0.617844999452842,NA,MW,0.007183194815513517,0.6455658398812243
Digital Realty,Colocation Datacenter,Datacenter,3.2340000000000004,51.52157,-0.07309,NA,MW,0.0035193990800280748,0.5860848572806875
Equinix,Colocation Datacenter,Datacenter,11.22,51.52241,-0.62426,NA,MW,0.012211934060297455,0.6963888196843956
NTT Global Data Centers,Colocation Datacenter,Datacenter,0.99,50.12113,8.73854,NA,MW,0.0010768685897044467,0.46920446292403056
CyrusOne,Colocation Datacenter,Datacenter,14.520000000000001,50.128979,8.576867,NA,MW,0.015803890663714557,0.7206088212890822
NTT Global Data Centers,Colocation Datacenter,Datacenter,34.32,49.97492,8.449991,NA,MW,0.03735563028421716,0.7908890403288203
Pulsant,Colocation Datacenter,Datacenter,0.33,55.021028,-1.496013,NA,MW,3.584772690210266e-4,0.33446925260026933
KDDI Telehouse,Colocation Datacenter,Datacenter,4.62,51.51124,-0.00231,NA,MW,0.005028020853463257,0.6168196233655726
VIRTUS Data Centres,Colocation Datacenter,Datacenter,17.82,51.522059,-0.621549,NA,MW,0.019395847267131658,0.7359462199784954
Equinix,Colocation Datacenter,Datacenter,7.788000000000001,51.498236,-0.01504,NA,MW,0.008476299192743673,0.6623124296616517
Global Switch,Colocation Datacenter,Datacenter,19.668000000000003,51.51096,-0.00358,NA,MW,0.021407342965045234,0.742131940767963
Equinix,Colocation Datacenter,Datacenter,9.24,51.52449,-0.63527,NA,MW,0.010056760098247196,0.6772969633617073
Vantage Data Centers,Colocation Datacenter,Datacenter,98.34,51.5553354319215,-3.03734579483369,NA,MW,0.1070395883905089,0.8714100377449521
VIRTUS Data Centres,Colocation Datacenter,Datacenter,2.8512000000000004,51.65215,-0.055072,NA,MW,0.003102732114031691,0.5769564955587716
NTT Global Data Centers,Colocation Datacenter,Datacenter,45.738,50.1291,8.60095,NA,MW,0.04978380013204032,0.8038355492740002
Green Mountain,Colocation Datacenter,Datacenter,12.21,51.58721,0.16751,NA,MW,0.013289521041322586,0.7054309081452407
Equinix,Colocation Datacenter,Datacenter,2.64,51.52886,-0.27781,NA,MW,0.002872846891412997,0.5631704731174867
Pulsant,Colocation Datacenter,Datacenter,0.66,51.50035,-0.70836,NA,MW,7.176729293627365e-4,0.4155754666095678
Pulsant,Colocation Datacenter,Datacenter,0.33,54.9729,-1.60318,NA,MW,3.584772690210266e-4,0.33446925260026933
iomart,Self-build Datacenter,Datacenter,0.627,52.64038,-1.14045,NA,MW,6.817533633285656e-4,0.4139151427193124
atNorth,Colocation Datacenter,Datacenter,77.88000000000001,63.96375,-22.5363,NA,MW,0.08476945744932288,0.8494710335066711
Global Switch,Colocation Datacenter,Datacenter,11.88,48.89964,2.2961,NA,MW,0.012930325380980877,0.6991736673911049
Digital Realty,Colocation Datacenter,Datacenter,8.58,52.2905462463453,4.67670087059346,NA,MW,0.009338368777563777,0.6715931398612669
Aruba.it,Colocation Datacenter,Datacenter,0.66,43.476738,11.85013,NA,MW,7.176729293627365e-4,0.4155754666095678
Global Switch,Colocation Datacenter,Datacenter,15.84,52.3443104427929,4.8302568773453904,NA,MW,0.017240673305081396,0.7248045581963534
Digital Realty,Colocation Datacenter,Datacenter,3.036,53.412261,-6.370546,NA,MW,0.0033038816838230484,0.5813737134421796
Global Switch,Colocation Datacenter,Datacenter,7.92,50.12985,8.59824,NA,MW,0.008619977456880357,0.66263248323203
EdgeConneX,Colocation Datacenter,Datacenter,4.62,52.28402,4.76597,NA,MW,0.005028020853463257,0.6168196233655726
Digital Realty,Colocation Datacenter,Datacenter,4.422000000000001,52.336746,4.931737,NA,MW,0.0048125034572582305,0.6138016660085016
iomart,Colocation Datacenter,Datacenter,1.8183,51.52869,-0.72528,NA,MW,0.0019784496971621385,0.5351850862283731
Etix Everywhere,Colocation Datacenter,Datacenter,0.198,46.5154735107713,-1.74797220224899,NA,MW,2.1479900488434258e-4,0.2853188752906802
Global Switch,Colocation Datacenter,Datacenter,12.342,48.90077,2.29446,NA,MW,0.013433199305459269,0.706009069921526
KDDI Telehouse,Colocation Datacenter,Datacenter,0.66,48.869898,2.344319,NA,MW,7.176729293627365e-4,0.4155754666095678
KDDI Telehouse,Colocation Datacenter,Datacenter,19.14,48.725908,2.078193,NA,MW,0.020832629908498497,0.7400461339198185
iomart,Self-build Datacenter,Datacenter,0.4752,53.2524328864589,-3.47853930325152,NA,MW,5.165233595713789e-4,0.3947095483879246
Digital Realty,Colocation Datacenter,Datacenter,5.913600000000001,50.08158,8.62337,NA,MW,0.006436067842002761,0.6343370999388145
KDDI Telehouse,Colocation Datacenter,Datacenter,3.96,48.856179,2.384246,NA,MW,0.0043096295327798365,0.6014333584057593
Digital Realty,Colocation Datacenter,Datacenter,3.96,51.127653,-0.175959,NA,MW,0.0043096295327798365,0.6014333584057593
Digital Realty,Colocation Datacenter,Datacenter,30.887999999999998,53.313859,-6.442172,NA,MW,0.03361999541666337,0.7796057568552335
iomart,Self-build Datacenter,Datacenter,0.264,52.95086,-1.13936,NA,MW,2.8663813695268463e-4,0.315989724875794
Proximity Data Centres,Colocation Datacenter,Datacenter,3.96,52.477955,-1.877827,NA,MW,0.0043096295327798365,0.6014333584057593
Ark Data Centres,Colocation Datacenter,Datacenter,33.726,51.2824408159385,-0.794505570192285,NA,MW,0.03670907809560208,0.7902562299204415
Digital Realty,Colocation Datacenter,Datacenter,21.78,50.12754,8.58428,NA,MW,0.02370619519123218,0.7529529397232753
Teknotel Telekom,Colocation Datacenter,Datacenter,0.792,40.975463,29.098072,NA,MW,8.613511934994207e-4,0.45478548622291065
6 Degrees,Colocation Datacenter,Datacenter,1.98,52.27887,-1.89549,NA,MW,0.002154455570729577,0.5378026804166678
Aruba.it,Colocation Datacenter,Datacenter,0.66,48.916644,14.13208,NA,MW,7.176729293627365e-4,0.4155754666095678
iomart,Self-build Datacenter,Datacenter,0.66,51.52284,-0.08465,NA,MW,7.176729293627365e-4,0.4155754666095678
Gulf Data Hub,Colocation Datacenter,Datacenter,46.332,25.11786,55.38222,NA,MW,0.0504303523206554,0.8066493546977002
KDDI Telehouse,Colocation Datacenter,Datacenter,23.496000000000002,50.09608,8.62968,NA,MW,0.025574012625009072,0.7564648833106674
Aruba.it,Colocation Datacenter,Datacenter,1.32,43.45985,11.838041,NA,MW,0.0014360642500461567,0.49707249917727087
Etix Everywhere,Colocation Datacenter,Datacenter,0.23099999999999998,47.2313902460213,-1.63102338694358,NA,MW,2.5071857091851356e-4,0.3101542499938824
Brightsolid,Self-build Datacenter,Datacenter,1.32,57.152589999999996,-2.16031,NA,MW,0.0014360642500461567,0.49707249917727087
atNorth,Colocation Datacenter,Datacenter,2.112,64.04955,-21.99358,NA,MW,0.0022981338348662607,0.5517184480891771
DC Vaults,Colocation Datacenter,Datacenter,0.5676,24.19113,54.47057,NA,MW,6.170981444670577e-4,0.4087702872064242
iomart,Self-build Datacenter,Datacenter,0.495,55.8511315206373,-4.28365451069699,NA,MW,5.380750991918815e-4,0.3964431014066308
KDDI Telehouse,Colocation Datacenter,Datacenter,0.66,51.522295,-0.08345,NA,MW,7.176729293627365e-4,0.4155754666095678
EdgeConneX,Colocation Datacenter,Datacenter,11.88,53.32714,-6.45399,NA,MW,0.012930325380980877,0.6991736673911049
Aptum,Colocation Datacenter,Datacenter,2.64,50.846584,-0.989771,NA,MW,0.002872846891412997,0.5631704731174867
Aruba.it,Colocation Datacenter,Datacenter,32.34,45.7069982477495,9.58848732662784,NA,MW,0.0352004563221669,0.7846823875600722
Oman Data Park,Colocation Datacenter,Datacenter,0.66,23.6129163022983,58.5036282954517,NA,MW,7.176729293627365e-4,0.4155754666095678
iomart,Self-build Datacenter,Datacenter,0.46199999999999997,50.82513,-1.16289,NA,MW,5.021555331577106e-4,0.3902747392171655
Brightsolid,Self-build Datacenter,Datacenter,0.33,56.46394,-3.05479,NA,MW,3.584772690210266e-4,0.33446925260026933
Digital Realty,Colocation Datacenter,Datacenter,5.94,52.35719,4.950896,NA,MW,0.006464803494830097,0.6344822178279486
Global Switch,Colocation Datacenter,Datacenter,7.260000000000001,40.44796,-3.57463,NA,MW,0.007901586136196938,0.6588171395044857
Cellnex Telecom,Colocation Datacenter,Datacenter,0.33,51.176807,5.835275,NA,MW,3.584772690210266e-4,0.33446925260026933
Iron Mountain,Colocation Datacenter,Datacenter,6.996,50.195247,8.639782,NA,MW,0.007614229607923569,0.6580290905793291
AtlasEdge Data Centres,Colocation Datacenter,Datacenter,1.98,53.619829,10.001886,NA,MW,0.002154455570729577,0.5378026804166678
Luxconnect,Colocation Datacenter,Datacenter,1.98,49.5052544651482,6.1132486558898,NA,MW,0.002154455570729577,0.5378026804166678
Africa Data Centres,Colocation Datacenter,Datacenter,5.94,-34.038599,18.478112,NA,MW,0.006464803494830097,0.6344822178279486
AtlasEdge Data Centres,Colocation Datacenter,Datacenter,0.48972000000000004,52.32816,4.92593,NA,MW,5.323279686264142e-4,0.39631001425831314
Cellnex Telecom,Colocation Datacenter,Datacenter,0.23099999999999998,52.903000631069,6.40322428229367,NA,MW,2.5071857091851356e-4,0.3101542499938824
Cellnex Telecom,Colocation Datacenter,Datacenter,0.627,52.080702,4.335528,NA,MW,6.817533633285656e-4,0.4139151427193124
Kao Data,Colocation Datacenter,Datacenter,115.632,51.769163,0.129158,NA,MW,0.1258614409924145,0.8799664188351313
Africa Data Centres,Colocation Datacenter,Datacenter,22.77,-26.009973,28.119703,NA,MW,0.02478378217225731,0.754950710045445
AtlasEdge Data Centres,Colocation Datacenter,Datacenter,2.178,41.3493844435993,2.13857833816348,NA,MW,0.0023699729669346024,0.5531706683215084
Cellnex Telecom,Colocation Datacenter,Datacenter,0.198,52.1367460380476,4.64718147356325,NA,MW,2.1479900488434258e-4,0.2853188752906802
AtlasEdge Data Centres,Colocation Datacenter,Datacenter,0.99,51.5243410530347,-0.079262561610705,NA,MW,0.0010768685897044467,0.46920446292403056
AtlasEdge Data Centres,Colocation Datacenter,Datacenter,2.178,48.897118589561,2.32184133511941,NA,MW,0.0023699729669346024,0.5531706683215084
Previder,Colocation Datacenter,Datacenter,0.0792,51.5791277406563,4.92925352887016,NA,MW,8.548856716132698e-5,0.22301369796723533
Colt DCS,Colocation Datacenter,Datacenter,21.12,51.79986,-0.18354,NA,MW,0.022987803870548756,0.7478184255115174
Rack Centre,Colocation Datacenter,Datacenter,9.57,6.597781,3.373237,NA,MW,0.010415955758588908,0.6827911813630458
Cellnex Telecom,Colocation Datacenter,Datacenter,0.066,50.831989,5.925802,NA,MW,7.112074074765859e-5,0.1721534085159869
Cellnex Telecom,Colocation Datacenter,Datacenter,0.099,51.52625,5.704314,NA,MW,1.0704030678182957e-4,0.23061307124173125
Luxconnect,Colocation Datacenter,Datacenter,4.356,49.5058257115216,6.11249725650406,NA,MW,0.004740664325189888,0.6123018693704554
Luxconnect,Colocation Datacenter,Datacenter,2.3496,49.505071674783,6.11205034727453,NA,MW,0.002556754710312292,0.5596179188363859
AtlasEdge Data Centres,Colocation Datacenter,Datacenter,1.6500000000000001,47.3940794198745,8.47349287935867,NA,MW,0.0017952599103878667,0.5253577947705927
Luxconnect,Colocation Datacenter,Datacenter,5.5440000000000005,49.7875485648662,6.08962347433104,NA,MW,0.006033768702420045,0.6324565788051981
Cellnex Telecom,Colocation Datacenter,Datacenter,0.066,52.3881560393802,4.66967371503912,NA,MW,7.112074074765859e-5,0.1721534085159869
Aruba.it,Colocation Datacenter,Datacenter,19.8,41.930051,12.630637,NA,MW,0.021551021229181917,0.742365222627286
AtlasEdge Data Centres,Colocation Datacenter,Datacenter,1.1880000000000002,55.647623,12.540049,NA,MW,0.0012923859859094728,0.49273851559360243
AtlasEdge Data Centres,Colocation Datacenter,Datacenter,3.4650000000000003,52.52732,13.318519,NA,MW,0.0037708360422672713,0.5963017839021599
Redwire DC,Colocation Datacenter,Datacenter,1.98,51.512942,-0.309978,NA,MW,0.002154455570729577,0.5378026804166678
Keppel Data Centres,Colocation Datacenter,Datacenter,4.356,53.291536,-6.416394,NA,MW,0.004740664325189888,0.6123018693704554
Colt DCS,Colocation Datacenter,Datacenter,1.584,50.12152,8.739734,NA,MW,0.0017234207783195247,0.5212325990682144
AtlasEdge Data Centres,Colocation Datacenter,Datacenter,2.3760000000000003,50.871956,4.504856,NA,MW,0.002585490363139629,0.559740115862271
Eurofiber Cloud Infra,Colocation Datacenter,Datacenter,1.1879999999999935,51.8458338917144,4.67923951667106,NA,MW,0.0012923859859094655,0.49203545034403606
Eurofiber Cloud Infra,Colocation Datacenter,Datacenter,0.495,51.6956611461996,5.03793324749861,NA,MW,5.380750991918815e-4,0.3964431014066308
Cellnex Telecom,Colocation Datacenter,Datacenter,0.264,52.52223,5.43743098330631,NA,MW,2.8663813695268463e-4,0.315989724875794
AtlasEdge Data Centres,Colocation Datacenter,Datacenter,0.99,40.4861840876969,-3.66490397595271,NA,MW,0.0010768685897044467,0.46920446292403056
Colt DCS,Colocation Datacenter,Datacenter,24.222,48.675434,2.197355,NA,MW,0.026364243077760835,0.7616149663395408
Keppel Data Centres,Colocation Datacenter,Datacenter,6.072,53.405971,-6.361129,NA,MW,0.00660848175896678,0.640195177219879
Colt DCS,Colocation Datacenter,Datacenter,7.523999999999935,51.531785,-0.25709,NA,MW,0.008188942664470233,0.6615139933427994
AtlasEdge Data Centres,Colocation Datacenter,Datacenter,0.9239999999999999,45.4952544804397,9.17859739551519,NA,MW,0.0010050294576361045,0.46624023411972476
Cellnex Telecom,Colocation Datacenter,Datacenter,0.528,52.3364995060925,4.88678378260928,NA,MW,5.739946652260526e-4,0.4001521973645303
Cellnex Telecom,Colocation Datacenter,Datacenter,0.7260000000000001,51.510803,3.884337,NA,MW,7.895120614310788e-4,0.45081672041396315
Cellnex Telecom,Colocation Datacenter,Datacenter,0.198,52.242555,5.164241,NA,MW,2.1479900488434258e-4,0.2853188752906802
Eurofiber Cloud Infra,Colocation Datacenter,Datacenter,0.66,51.9304469959043,4.4143381051771,NA,MW,7.176729293627365e-4,0.4155754666095678
Eurofiber Cloud Infra,Colocation Datacenter,Datacenter,1.98,53.2447514179027,6.52714057049536,NA,MW,0.002154455570729577,0.5378026804166678
Colt DCS,Colocation Datacenter,Datacenter,10.89,51.538779407045,4.50760001711085,NA,MW,0.011852738399955745,0.6941862602211482
Digital Realty,Colocation Datacenter,Datacenter,4.29,52.2805508519011,4.75499790701886,NA,MW,0.004668825193121546,0.6108080250133169
STACK Infrastructure,Colocation Datacenter,Datacenter,1.32,59.822004,10.787007,NA,MW,0.0014360642500461567,0.49707249917727087
Previder,Colocation Datacenter,Datacenter,1.122,52.244093,6.767285,NA,MW,0.0012205468538411307,0.48922216070846786
Digital Realty,Colocation Datacenter,Datacenter,0.198,52.400078,4.842283,NA,MW,2.1479900488434258e-4,0.2853188752906802
Equinix,Colocation Datacenter,Datacenter,1.683,52.48857,6.142632,NA,MW,0.0018311794764220375,0.5319804155400691
NorthC,Colocation Datacenter,Datacenter,10.824,52.364302,5.267949,NA,MW,0.011780899267887402,0.6938213003323521
ITB2,Colocation Datacenter,Datacenter,0.2442,52.238773,6.195037,NA,MW,2.6508639733218196e-4,0.3144128728922077
Equinix,Colocation Datacenter,Datacenter,6.336,52.293528,4.945097,NA,MW,0.006895838287240149,0.6416773642125759
Iron Mountain,Colocation Datacenter,Datacenter,14.982000000000001,52.391388,4.66541,NA,MW,0.01630676458819295,0.7226952562872672
Digital Realty,Colocation Datacenter,Datacenter,9.372,52.281475,4.765011,NA,MW,0.01020043836238388,0.6817512700947101
Nikhef,Self-build Datacenter,Datacenter,0.33,52.3570995568473,4.95071439777763,NA,MW,3.584772690210266e-4,0.33446925260026933
Serverius,Colocation Datacenter,Datacenter,0.66,52.7177736463276,6.20051960653549,NA,MW,7.176729293627365e-4,0.4155754666095678
Equinix,Colocation Datacenter,Datacenter,11.154,52.354872,4.961383,NA,MW,0.012140094928229112,0.6962044254744828
NorthC,Colocation Datacenter,Datacenter,1.584,51.407569,5.458925,NA,MW,0.0017234207783195247,0.5212325990682144
NorthC,Colocation Datacenter,Datacenter,0.3168,51.875405016389,4.45008879886324,NA,MW,3.441094426073582e-4,0.3334959151540544
ITB2,Colocation Datacenter,Datacenter,1.089,52.2004418015132,6.02588176979033,NA,MW,0.0011846272878069596,0.4886358187223593
Equinix,Colocation Datacenter,Datacenter,6.930000000000001,52.300125,4.943142,NA,MW,0.007542390475855227,0.6564598479954593
InterConnect,Colocation Datacenter,Datacenter,2.64,51.4416678608544,5.387377,NA,MW,0.002872846891412997,0.5631704731174867
Eurofiber Cloud Infra,Colocation Datacenter,Datacenter,0.33,51.9870424889036,5.93396277478427,NA,MW,3.584772690210266e-4,0.33446925260026933
NorthC,Colocation Datacenter,Datacenter,3.168,52.292984,4.787219,NA,MW,0.003447559947959732,0.5832783197914386
Equinix,Colocation Datacenter,Datacenter,1.584,42.668532,23.395322,NA,MW,0.0017234207783195247,0.5212325990682144
Equinix,Colocation Datacenter,Datacenter,17.16,52.3539316551678,4.96121492293866,NA,MW,0.018677455946448235,0.7332636685184721
Systemec Data Centers,Colocation Datacenter,Datacenter,0.066,51.378576,6.158851,NA,MW,7.112074074765859e-5,0.1721534085159869
SmartDC,Colocation Datacenter,Datacenter,0.066,50.892502,5.971308,NA,MW,7.112074074765859e-5,0.1721534085159869
Previder,Colocation Datacenter,Datacenter,3.5640000000000005,52.2852786061585,6.76716924860826,NA,MW,0.0038785947403697845,0.5969562584597177
SmartDC,Colocation Datacenter,Datacenter,0.99,51.9238743559974,4.433456448035,NA,MW,0.0010768685897044467,0.46920446292403056
Equinix,Colocation Datacenter,Datacenter,9.24,52.300125,4.943142,NA,MW,0.010056760098247196,0.6772969633617073
Systemec Data Centers,Colocation Datacenter,Datacenter,0.0594,51.378453,6.15927,NA,MW,6.393682754082438e-5,0.17046160121121723
Penta Infra,Colocation Datacenter,Datacenter,0.198,53.1925404370246,5.76065762906924,NA,MW,2.1479900488434258e-4,0.2853188752906802
Equinix,Colocation Datacenter,Datacenter,13.1538,52.3029683862495,4.93851811191697,NA,MW,0.014316820629899876,0.7097087145547513
NorthC,Colocation Datacenter,Datacenter,1.32,53.207334,6.473909,NA,MW,0.0014360642500461567,0.49707249917727087
Equinix,Colocation Datacenter,Datacenter,1.32,52.236983111428,6.84964926795018,NA,MW,0.0014360642500461567,0.49707249917727087
Serverius,Colocation Datacenter,Datacenter,1.584,52.543911,5.705118,NA,MW,0.0017234207783195247,0.5212325990682144
Penta Infra,Colocation Datacenter,Datacenter,0.33,53.2047727208876,5.76476168699855,NA,MW,3.584772690210266e-4,0.33446925260026933
Eurofiber Cloud Infra,Colocation Datacenter,Datacenter,1.1879999999999935,52.1233579941977,5.14417611228467,NA,MW,0.0012923859859094655,0.49203545034403606
Digital Realty,Colocation Datacenter,Datacenter,6.6000000000000005,52.285454,4.765978,NA,MW,0.007183194815513517,0.6455658398812243
STACK Infrastructure,Colocation Datacenter,Datacenter,20.592,59.510076,17.897401,NA,MW,0.02241309081400202,0.7473373735071814
Digital Realty,Colocation Datacenter,Datacenter,1.518,52.28417,4.771006,NA,MW,0.0016515816462511826,0.5199379760614532
STACKIT,Colocation Datacenter,Datacenter,0.66,49.145884,9.308051,NA,MW,7.176729293627365e-4,0.4155754666095678
Equinix,Colocation Datacenter,Datacenter,2.9040000000000004,52.397022,4.83887,NA,MW,0.0031602034196863645,0.577333687100005
maincubes B.V.,Colocation Datacenter,Datacenter,3.1020000000000003,52.2821336213835,4.77286556427893,NA,MW,0.0033757208158913905,0.5823886186762807
STACK Infrastructure,Colocation Datacenter,Datacenter,7.0422,59.924963,10.809214,NA,MW,0.007664517000371409,0.65850164318363
Equinix,Colocation Datacenter,Datacenter,6.6000000000000005,52.3373632934676,4.93367692827621,NA,MW,0.007183194815513517,0.6455658398812243
Switch Datacenters,Colocation Datacenter,Datacenter,9.9,52.0823669140523,4.8924711815626996,NA,MW,0.010775151418930618,0.6833128712366293
NorthC,Colocation Datacenter,Datacenter,12.21,52.259632,4.773829,NA,MW,0.013289521041322586,0.7054309081452407
Equinix,Colocation Datacenter,Datacenter,8.712,48.927262308169,2.35042649784745,NA,MW,0.009482047041700461,0.6734240467363076
Equinix,Colocation Datacenter,Datacenter,6.6000000000000005,53.4111728933004,-6.34619220007877,NA,MW,0.007183194815513517,0.6455658398812243
Centron,Self-build Datacenter,Datacenter,0.792,49.9134912091201,10.8655268400812,NA,MW,8.613511934994207e-4,0.45478548622291065
Equinix,Colocation Datacenter,Datacenter,2.6334000000000004,47.3877710097829,8.52022070810406,NA,MW,0.0028656629782061625,0.5630476599219997
Equinix,Colocation Datacenter,Datacenter,1.4520000000000002,41.351619,2.137666,NA,MW,0.001579742514182841,0.5180563038110195
Equinix,Colocation Datacenter,Datacenter,2.706,59.362495,17.95652,NA,MW,0.002944686023481338,0.5750744155771206
Equinix,Colocation Datacenter,Datacenter,0.99,53.464092,-2.236705,NA,MW,0.0010768685897044467,0.46920446292403056
Equinix,Colocation Datacenter,Datacenter,4.356,53.411812,-6.351747,NA,MW,0.004740664325189888,0.6123018693704554
Equinix,Colocation Datacenter,Datacenter,6.2700000000000005,59.263637,18.105334,NA,MW,0.0068239991551718076,0.6409353607160034
Templus,Colocation Datacenter,Datacenter,0.528,37.396285,-5.948006,NA,MW,5.739946652260526e-4,0.4001521973645303
Equinix,Colocation Datacenter,Datacenter,1.4520000000000002,52.153554,21.002694,NA,MW,0.001579742514182841,0.5180563038110195
Equinix,Colocation Datacenter,Datacenter,17.688000000000002,40.996201,29.170973,NA,MW,0.019252169002994972,0.735047642060232
Equinix,Colocation Datacenter,Datacenter,8.91,50.098069,8.588112,NA,MW,0.009697564437905487,0.674260782454463
Equinix,Colocation Datacenter,Datacenter,1.32,53.318349,-6.440482,NA,MW,0.0014360642500461567,0.49707249917727087
Equinix,Colocation Datacenter,Datacenter,1.62558,60.220759,24.983743,NA,MW,0.0017686794315225803,0.5252397963342311
Equinix,Colocation Datacenter,Datacenter,1.98,45.448019,9.147705,NA,MW,0.002154455570729577,0.5378026804166678
maincubes B.V.,Colocation Datacenter,Datacenter,3.96,50.110011,8.742534,NA,MW,0.0043096295327798365,0.6014333584057593
Equinix,Colocation Datacenter,Datacenter,12.012,48.900163,2.422095,NA,MW,0.013074003645117559,0.7052385429961456
Equinix,Colocation Datacenter,Datacenter,2.64,48.143191,11.555765,NA,MW,0.002872846891412997,0.5631704731174867
Equinix,Colocation Datacenter,Datacenter,0.68574,60.1850662554124,24.9688038994011,NA,MW,7.4569019086939e-4,0.45033442571761323
Equinix,Colocation Datacenter,Datacenter,2.112,60.203102,24.778567,NA,MW,0.0022981338348662607,0.5517184480891771
Equinix,Colocation Datacenter,Datacenter,3.3693000000000004,60.2844,24.838825,NA,MW,0.003666669300768176,0.5961710066087166
Lunar Digital,Colocation Datacenter,Datacenter,0.9239999999999999,53.46445,-2.248055,NA,MW,0.0010050294576361045,0.46624023411972476
Equinix,Colocation Datacenter,Datacenter,2.9370000000000003,46.207919,6.09826,NA,MW,0.0031961229857205356,0.5782148235219227
Equinix,Colocation Datacenter,Datacenter,3.6828000000000003,25.0264325005234,55.1866133834176,NA,MW,0.0040079051780928,0.5991889128589328
Equinix,Colocation Datacenter,Datacenter,6.996,50.096903,8.588239,NA,MW,0.007614229607923569,0.6580290905793291
Equinix,Colocation Datacenter,Datacenter,1.8479999999999999,52.227815,21.004713,NA,MW,0.0020107773065928926,0.5353039393158621
Equinix,Colocation Datacenter,Datacenter,5.346,50.099062000000004,8.631859,NA,MW,0.005818251306215019,0.6318801766705284
Equinix,Colocation Datacenter,Datacenter,6.402,48.9275964406299,2.35170895815499,NA,MW,0.006967677419308491,0.6437648134296176
Equinix,Colocation Datacenter,Datacenter,5.94,48.143191,11.555765,NA,MW,0.006464803494830097,0.6344822178279486
Equinix,Colocation Datacenter,Datacenter,1.98,59.391228,17.8758,NA,MW,0.002154455570729577,0.5378026804166678
Equinix,Colocation Datacenter,Datacenter,6.996,40.536756,-3.648706,NA,MW,0.007614229607923569,0.6580290905793291
Equinix,Colocation Datacenter,Datacenter,7.5075,48.910406,2.368266,NA,MW,0.00817098288145322,0.6613545954178719
Equinix,Colocation Datacenter,Datacenter,0.66,47.3877751073998,8.52024575622439,NA,MW,7.176729293627365e-4,0.4155754666095678
Equinix,Colocation Datacenter,Datacenter,2.31,45.3540637813209,9.14716695556376,NA,MW,0.0025136512310712867,0.5553540616822411
Equinix,Colocation Datacenter,Datacenter,1.32,38.78788,-9.12341,NA,MW,0.0014360642500461567,0.49707249917727087
Equinix,Colocation Datacenter,Datacenter,2.64,45.511023,9.243543,NA,MW,0.002872846891412997,0.5631704731174867
Equinix,Colocation Datacenter,Datacenter,2.31,53.468251,-2.293868,NA,MW,0.0025136512310712867,0.5553540616822411
Equinix,Colocation Datacenter,Datacenter,1.32,53.462765,-2.236733,NA,MW,0.0014360642500461567,0.49707249917727087
Equinix,Colocation Datacenter,Datacenter,1.32,46.203601,6.144237,NA,MW,0.0014360642500461567,0.49707249917727087
Equinix,Colocation Datacenter,Datacenter,24.288,50.142067,8.741775,NA,MW,0.026436082209829175,0.7618767847458474
Equinix,Colocation Datacenter,Datacenter,1.6500000000000001,48.905276,2.369761,NA,MW,0.0017952599103878667,0.5253577947705927
Equinix,Colocation Datacenter,Datacenter,2.64,48.9049313072316,2.25935762986565,NA,MW,0.002872846891412997,0.5631704731174867
Equinix,Colocation Datacenter,Datacenter,9.108,50.09711,8.644116,NA,MW,0.009913081834110514,0.6766189714844554
Equinix,Colocation Datacenter,Datacenter,1.32,53.2917,-6.415345,NA,MW,0.0014360642500461567,0.49707249917727087
Equinix,Colocation Datacenter,Datacenter,0.8580000000000001,40.513375,-3.671939,NA,MW,9.331903255677627e-4,0.46326887931108013
Hetzner Online,Self-build Datacenter,Datacenter,15.84,60.342293,25.029537,NA,MW,0.017240673305081396,0.7248045581963534
ColoBale,Colocation Datacenter,Datacenter,0.132,47.5235088516901,7.67460686744101,NA,MW,1.4295987281600058e-4,0.24754281120651617
Hetzner Online,Self-build Datacenter,Datacenter,21.12,50.478551,12.335285,NA,MW,0.022987803870548756,0.7478184255115174
AtlasEdge Data Centres,Colocation Datacenter,Datacenter,0.33,48.7750009703402,9.17626673662954,NA,MW,3.584772690210266e-4,0.33446925260026933
CyrusOne,Colocation Datacenter,Datacenter,5.94,51.525964,-0.627024,NA,MW,0.006464803494830097,0.6344822178279486
STACKIT,Colocation Datacenter,Datacenter,3.6300000000000003,48.032209,12.837387,NA,MW,0.003950433872438127,0.5981368065931115
Ascendas REIT,Colocation Datacenter,Datacenter,1.9008,51.619909,-0.779175,NA,MW,0.0020682486122475664,0.5370881935559207
Hetzner Online,Self-build Datacenter,Datacenter,4.95,49.449381,11.013687,NA,MW,0.005387216513804967,0.6237746529530668
Ascendas REIT,Colocation Datacenter,Datacenter,7.3919999999999995,51.642961,-0.427476,NA,MW,0.00804526440033362,0.6608769765717175
BIT Data Centers,Colocation Datacenter,Datacenter,0.0363,52.027412,5.624324,NA,MW,3.879313131690468e-5,0.1574101880793779
EdgeConneX,Colocation Datacenter,Datacenter,1.584,48.140082,11.52617,NA,MW,0.0017234207783195247,0.5212325990682144
BrainServe,Colocation Datacenter,Datacenter,3.3000000000000003,46.546522,6.57356,NA,MW,0.0035912382120964165,0.5864688078909632
DEEP,Colocation Datacenter,Datacenter,3.3000000000000003,49.648715,5.957744,NA,MW,0.0035912382120964165,0.5864688078909632
conova communications GmbH,Colocation Datacenter,Datacenter,0.7458,47.792039,13.010634,NA,MW,8.110638010515812e-4,0.4535846972032079
BIT Data Centers,Colocation Datacenter,Datacenter,0.7524,52.0271995589855,5.6242574264651,NA,MW,8.182477142584155e-4,0.4538249818597667
Digital Realty,Colocation Datacenter,Datacenter,0.9239999999999999,51.500630251055,-0.011577351373433,NA,MW,0.0010050294576361045,0.46624023411972476
Iron Mountain,Colocation Datacenter,Datacenter,6.006,51.526823,-0.632948,NA,MW,0.006536642626898439,0.6397519331749577
Digital Realty,Colocation Datacenter,Datacenter,1.584,51.524359,-0.086774,NA,MW,0.0017234207783195247,0.5212325990682144
EdgeConneX,Colocation Datacenter,Datacenter,0.99,52.226782,20.999278,NA,MW,0.0010768685897044467,0.46920446292403056
Unix-Solutions,Self-build Datacenter,Datacenter,0.36300000000000004,50.875317,4.499464,NA,MW,3.943968350551976e-4,0.3748174762331749
Digital Realty,Colocation Datacenter,Datacenter,21.12,51.323852,-0.58777,NA,MW,0.022987803870548756,0.7478184255115174
Ascendas REIT,Colocation Datacenter,Datacenter,5.2008,51.384675,-0.137222,NA,MW,0.005660205215664666,0.6274473910598062
next Layer,Colocation Datacenter,Datacenter,0.23099999999999998,48.210912596784,16.3785158742735,NA,MW,2.5071857091851356e-4,0.3101542499938824
Datacenter United,Colocation Datacenter,Datacenter,2.3760000000000003,51.263224,4.414223,NA,MW,0.002585490363139629,0.559740115862271
Digital Realty,Colocation Datacenter,Datacenter,5.676,51.368547,-0.291147,NA,MW,0.006177446966556729,0.6336125065749952
ITENOS,Colocation Datacenter,Datacenter,0.21384000000000003,53.547218,10.076048,NA,MW,2.3204039658074468e-4,0.3083559419134211
NTT Global Data Centers,Colocation Datacenter,Datacenter,42.24,51.547012,0.174612,NA,MW,0.0459763261324182,0.8014206851304136
Datacenter United,Colocation Datacenter,Datacenter,0.5940000000000001,50.881372,4.454248,NA,MW,6.458337972943946e-4,0.4101907163362423
CyrusOne,Colocation Datacenter,Datacenter,23.76,53.3165092082109,-6.45589936798879,NA,MW,0.025861369153282437,0.7567185933142181
DEEP,Colocation Datacenter,Datacenter,4.224,49.694031,6.324698,NA,MW,0.004596986061053205,0.6102662604588424
Etix Everywhere,Colocation Datacenter,Datacenter,0.5939999999999994,50.5796336135251,5.2617748988116,NA,MW,6.458337972943939e-4,0.40941647499946593
PLANET IC,Self-build Datacenter,Datacenter,0.495,53.598308,11.418432,NA,MW,5.380750991918815e-4,0.3964431014066308
NTT Global Data Centers,Colocation Datacenter,Datacenter,46.464000000000006,50.0628285059316,8.48525960485162,NA,MW,0.05057403058479209,0.8070052757230176
The Bunker,Colocation Datacenter,Datacenter,0.66,51.376847,-1.290226,NA,MW,7.176729293627365e-4,0.4155754666095678
Digital Realty,Colocation Datacenter,Datacenter,3.168,51.499894,-0.011063,NA,MW,0.003447559947959732,0.5832783197914386
Green Datacenter AG,Colocation Datacenter,Datacenter,2.97,47.403582,8.437831,NA,MW,0.0032320425517547062,0.5784668419763419
BIT Data Centers,Colocation Datacenter,Datacenter,0.1188,52.027422,5.624293,NA,MW,1.285920464023322e-4,0.24504928995455497
Galaxy Data Centers,Colocation Datacenter,Datacenter,4.752000000000001,51.247603,-0.157077,NA,MW,0.00517169911759994,0.6220928091743572
Green Datacenter AG,Colocation Datacenter,Datacenter,19.470000000000002,47.446495,8.211178,NA,MW,0.021191825568840205,0.7416663001731544
Unix-Solutions,Self-build Datacenter,Datacenter,0.33,50.845154,4.724393,NA,MW,3.584772690210266e-4,0.33446925260026933
Cloud & Heat,Self-build Datacenter,Datacenter,0.33,50.11313,8.671853,NA,MW,3.584772690210266e-4,0.33446925260026933
Digital Realty,Colocation Datacenter,Datacenter,0.4752,51.496862,-0.018816,NA,MW,5.165233595713789e-4,0.3947095483879246
DEEP,Colocation Datacenter,Datacenter,6.336,49.497573,6.052014,NA,MW,0.006895838287240149,0.6416773642125759
NTT Global Data Centers,Colocation Datacenter,Datacenter,28.182000000000002,52.284458,4.743599,NA,MW,0.030674591001861356,0.773844900114431
GRASS-MERKUR,Colocation Datacenter,Datacenter,1.254,52.368634,9.863646,NA,MW,0.0013642251179778145,0.49613560055820116
Digital Realty,Colocation Datacenter,Datacenter,1.914,51.481567,-0.460324,NA,MW,0.0020826164386612347,0.5372072429703549
AtlasEdge Data Centres,Colocation Datacenter,Datacenter,1.1880000000000002,48.738765,9.111556,NA,MW,0.0012923859859094728,0.49273851559360243
Adista,Colocation Datacenter,Datacenter,0.2376,48.7041171989908,6.14078667161988,NA,MW,2.579024841253478e-4,0.31335562806362666
TDF,Colocation Datacenter,Datacenter,0.264,48.12468,-1.627649,NA,MW,2.8663813695268463e-4,0.315989724875794
Datacenter United,Colocation Datacenter,Datacenter,7.260000000000001,51.026989,3.683502,NA,MW,0.007901586136196938,0.6588171395044857
VIRTUS Data Centres,Colocation Datacenter,Datacenter,18.48,51.510838,-0.456482,NA,MW,0.020114238587815077,0.7379844818409318
Sure,Colocation Datacenter,Datacenter,0.33,49.200013,-2.113966,NA,MW,3.584772690210266e-4,0.33446925260026933
nLighten,Colocation Datacenter,Datacenter,0.528,43.6047775979935,7.07552242866447,NA,MW,5.739946652260526e-4,0.4001521973645303
BCE,Colocation Datacenter,Datacenter,0.33,49.719149,6.26431,NA,MW,3.584772690210266e-4,0.33446925260026933
Digital Realty,Colocation Datacenter,Datacenter,2.244,53.331113,-6.362504,NA,MW,0.0024418120990029445,0.5541403024657828
iomart,Self-build Datacenter,Datacenter,1.32,51.568402,-0.230552,NA,MW,0.0014360642500461567,0.49707249917727087
Asco Tlc,Self-build Datacenter,Datacenter,0.006600000000000001,45.9009954980832,12.3340245614915,NA,MW,6.465521886150781e-6,0.02118857845747979
CloudCIX,Colocation Datacenter,Datacenter,0.46199999999999997,51.9036164045775,-8.51255185326266,NA,MW,5.021555331577106e-4,0.3902747392171655
Digital Realty,Colocation Datacenter,Datacenter,0.66,53.334416,-6.365372,NA,MW,7.176729293627365e-4,0.4155754666095678
GlobalConnect,Colocation Datacenter,Datacenter,0.396,53.638777,10.015119,NA,MW,4.3031640108936856e-4,0.37692711334378215
BCE,Colocation Datacenter,Datacenter,0.1584,49.719149,6.26431,NA,MW,1.7169552564333737e-4,0.27349104264133217
Redcentric,Colocation Datacenter,Datacenter,1.32,51.347476,-0.479979,NA,MW,0.0014360642500461567,0.49707249917727087
Bulk Infrastructure,Colocation Datacenter,Datacenter,9.24,59.938687,10.835709,NA,MW,0.010056760098247196,0.6772969633617073
NESSUS,Colocation Datacenter,Datacenter,0.20328000000000002,48.179857,16.363894,NA,MW,2.2054613544980994e-4,0.3072699847054515
Digital Realty,Colocation Datacenter,Datacenter,3.036,53.329508,-6.443061,NA,MW,0.0033038816838230484,0.5813737134421796
Etix Everywhere,Colocation Datacenter,Datacenter,1.0230000000000001,50.378131,3.522107,NA,MW,0.0011127881557386177,0.4847633816909252
Etix Everywhere,Colocation Datacenter,Datacenter,0.7260000000000001,50.584053,3.136668,NA,MW,7.895120614310788e-4,0.45081672041396315
Sure,Colocation Datacenter,Datacenter,1.584,49.4653325259221,-2.54810779131239,NA,MW,0.0017234207783195247,0.5212325990682144
Adista,Colocation Datacenter,Datacenter,0.0198,45.4588828595831,4.39635213503244,NA,MW,2.0833348299819177e-5,0.10664898190967773
MIGSOLV,Colocation Datacenter,Datacenter,1.584,52.644447,1.206412,NA,MW,0.0017234207783195247,0.5212325990682144
Asco Tlc,Colocation Datacenter,Datacenter,0.033,45.8550940135127,12.2711974510232,NA,MW,3.5201174713487585e-5,0.12072065583645451
Datacenter United,Colocation Datacenter,Datacenter,0.33,51.210916,4.345761,NA,MW,3.584772690210266e-4,0.33446925260026933
Netiwan Groupe,Colocation Datacenter,Datacenter,0.4158,43.809570045347,4.40654033266892,NA,MW,4.518681407098712e-4,0.38660796689918075
OpCore,Colocation Datacenter,Datacenter,10.692,49.053701,2.138043,NA,MW,0.01163722100375072,0.6927300152945485
TDF,Colocation Datacenter,Datacenter,0.3168,44.819641,-0.505581,NA,MW,3.441094426073582e-4,0.3334959151540544
OpCore,Colocation Datacenter,Datacenter,1.584,48.82926,2.295521,NA,MW,0.0017234207783195247,0.5212325990682144
nLighten,Colocation Datacenter,Datacenter,0.396,43.6243488573925,7.03851614309016,NA,MW,4.3031640108936856e-4,0.37692711334378215
Green Mountain,Colocation Datacenter,Datacenter,26.862000000000002,59.8815328018117,8.67078331245446,NA,MW,0.029237808360494517,0.7710437223969361
Bulk Infrastructure,Colocation Datacenter,Datacenter,65.67,58.2567265396507,7.89337515682987,NA,MW,0.0714792180166796,0.8361059130034678
Datacenter United,Colocation Datacenter,Datacenter,3.3000000000000003,51.166622,3.235919,NA,MW,0.0035912382120964165,0.5864688078909632
BCE,Colocation Datacenter,Datacenter,1.4520000000000002,49.637659,6.161496,NA,MW,0.001579742514182841,0.5180563038110195
Adista,Colocation Datacenter,Datacenter,0.006600000000000001,48.7033606013248,6.13945155457242,NA,MW,6.465521886150781e-6,0.02118857845747979
GlobalConnect,Self-build Datacenter,Datacenter,0.396,53.550979,10.046431,NA,MW,4.3031640108936856e-4,0.37692711334378215
Echelon,Colocation Datacenter,Datacenter,59.400000000000006,53.330351,-6.382962,NA,MW,0.06465450047018712,0.828267322110371
OpCore,Colocation Datacenter,Datacenter,6.534000000000001,48.775047,2.379603,NA,MW,0.007111355683445175,0.6449642710790582
nLighten,Colocation Datacenter,Datacenter,0.8579999999999934,45.7719322039811,4.87153148233644,NA,MW,9.331903255677556e-4,0.46314986754189114
OpCore,Colocation Datacenter,Datacenter,2.64,48.7947507779296,2.4117986051672,NA,MW,0.002872846891412997,0.5631704731174867
Portus Data Centers,Colocation Datacenter,Datacenter,2.178,49.579331,6.111163,NA,MW,0.0023699729669346024,0.5531706683215084
TDF,Colocation Datacenter,Datacenter,0.396,50.648538,3.040799,NA,MW,4.3031640108936856e-4,0.37692711334378215
nLighten,Colocation Datacenter,Datacenter,0.198,47.226259620337,5.97406031108042,NA,MW,2.1479900488434258e-4,0.2853188752906802
Green Mountain,Colocation Datacenter,Datacenter,17.490000000000002,59.0701675245632,5.74946754287168,NA,MW,0.019036651606789946,0.734600012252912
VIRTUS Data Centres,Colocation Datacenter,Datacenter,11.88,51.509816,-0.456989,NA,MW,0.012930325380980877,0.6991736673911049
Noris Network,Colocation Datacenter,Datacenter,0.528,49.453493,11.063418,NA,MW,5.739946652260526e-4,0.4001521973645303
Athena Data Centres,Colocation Datacenter,Datacenter,0.66,52.521547,-1.8821,NA,MW,7.176729293627365e-4,0.4155754666095678
CDRom,Self-build Datacenter,Datacenter,0.198,47.224301,6.966228,NA,MW,2.1479900488434258e-4,0.2853188752906802
Asseco Data Systems,Colocation Datacenter,Datacenter,0.0858,53.4986811636771,14.5925596604403,NA,MW,9.267248036816118e-5,0.22784188033518366
Penta Infra,Colocation Datacenter,Datacenter,1.6500000000000001,55.6821129171086,12.3954619117989,NA,MW,0.0017952599103878667,0.5253577947705927
LCL,Colocation Datacenter,Datacenter,7.590000000000001,50.887371,4.455546,NA,MW,0.008260781796538648,0.6616734874352997
PFALZKOM,Colocation Datacenter,Datacenter,0.66,49.426328,8.359562,NA,MW,7.176729293627365e-4,0.4155754666095678
Noris Network,Colocation Datacenter,Datacenter,0.528,49.453383,11.064306,NA,MW,5.739946652260526e-4,0.4001521973645303
TALEX,Colocation Datacenter,Datacenter,0.7260000000000001,52.44299,16.958196,NA,MW,7.895120614310788e-4,0.45081672041396315
Noris Network,Colocation Datacenter,Datacenter,11.88,48.161571,11.737445,NA,MW,0.012930325380980877,0.6991736673911049
EWL,Colocation Datacenter,Datacenter,1.584,47.0416054930861,8.32468212508615,NA,MW,0.0017234207783195247,0.5212325990682144
NTS,Colocation Datacenter,Datacenter,1.32,46.9647726552598,7.47827008391565,NA,MW,0.0014360642500461567,0.49707249917727087
Atman,Colocation Datacenter,Datacenter,0.132,50.261598,19.024875,NA,MW,1.4295987281600058e-4,0.24754281120651617
LCL,Colocation Datacenter,Datacenter,2.64,50.503371,4.717644,NA,MW,0.002872846891412997,0.5631704731174867
Atman,Colocation Datacenter,Datacenter,12.00276,52.2364865206215,21.1161783375433,NA,MW,0.013063946166627993,0.7050463547470716
PFALZKOM,Colocation Datacenter,Datacenter,2.112,49.420185,8.351442,NA,MW,0.0022981338348662607,0.5517184480891771
Redcentric,Colocation Datacenter,Datacenter,1.32,51.523024,-0.082959,NA,MW,0.0014360642500461567,0.49707249917727087
TALEX,Colocation Datacenter,Datacenter,0.33,51.149971,17.127406,NA,MW,3.584772690210266e-4,0.33446925260026933
Adeo Datacenter,Colocation Datacenter,Datacenter,0.5544,55.667873,12.367585,NA,MW,6.027303180533894e-4,0.4079936646532089
STACK Infrastructure,Colocation Datacenter,Datacenter,21.12,46.413259,6.2649886,NA,MW,0.022987803870548756,0.7478184255115174
WCSS,Self-build Datacenter,Datacenter,0.1353,51.109534,17.057424,NA,MW,1.4655182941941767e-4,0.269161338415108
EcoDataCenter,Colocation Datacenter,Datacenter,42.9,60.610578,15.609574,NA,MW,0.046694717453101615,0.8031411913412724
LCL,Colocation Datacenter,Datacenter,0.33,51.264029,4.403325,NA,MW,3.584772690210266e-4,0.33446925260026933
WiTCOM,Self-build Datacenter,Datacenter,0.33,50.063736,8.236244,NA,MW,3.584772690210266e-4,0.33446925260026933
WDC,Colocation Datacenter,Datacenter,0.99,50.580705,5.261893,NA,MW,0.0010768685897044467,0.46920446292403056
Redcentric,Colocation Datacenter,Datacenter,0.99,51.420578,-0.975196,NA,MW,0.0010768685897044467,0.46920446292403056
NorthC,Colocation Datacenter,Datacenter,2.0328,47.1557860495625,7.27912426908196,NA,MW,0.0022119268763842502,0.5500274766184117
Green Datacenter AG,Colocation Datacenter,Datacenter,1.056,47.433348,8.559126,NA,MW,0.0011487077217727888,0.48523303232781584
envia TEL,Colocation Datacenter,Datacenter,1.254,51.37269,12.473605,NA,MW,0.0013642251179778145,0.49613560055820116
Pulsant,Colocation Datacenter,Datacenter,1.98,51.42757,-0.978333,NA,MW,0.002154455570729577,0.5378026804166678
Redcentric,Colocation Datacenter,Datacenter,1.32,53.978385,-1.566617,NA,MW,0.0014360642500461567,0.49707249917727087
PFALZKOM,Colocation Datacenter,Datacenter,0.396,49.471941,8.443348,NA,MW,4.3031640108936856e-4,0.37692711334378215
Datum Datacentres,Colocation Datacenter,Datacenter,1.518,53.379096,-2.258579,NA,MW,0.0016515816462511826,0.5199379760614532
Asseco Data Systems,Colocation Datacenter,Datacenter,0.033,51.775059,19.495037,NA,MW,3.5201174713487585e-5,0.12072065583645451
Atman,Colocation Datacenter,Datacenter,3.168,52.184949,20.998276,NA,MW,0.003447559947959732,0.5832783197914386
Noris Network,Colocation Datacenter,Datacenter,11.22,49.410459,11.132254,NA,MW,0.012211934060297455,0.6963888196843956
Redcentric,Colocation Datacenter,Datacenter,0.099,52.230143,0.150844,NA,MW,1.0704030678182957e-4,0.23061307124173125
Infomex,Colocation Datacenter,Datacenter,0.046200000000000005,49.6851565789549,19.1883189028699,NA,MW,4.9569001127155985e-5,0.162535219216057
NTS,Colocation Datacenter,Datacenter,0.33,46.936633,7.42981,NA,MW,3.584772690210266e-4,0.33446925260026933
STACK Infrastructure,Colocation Datacenter,Datacenter,1.98,46.88744,7.046039,NA,MW,0.002154455570729577,0.5378026804166678
Polcom,Colocation Datacenter,Datacenter,1.6632,49.98773,19.8379,NA,MW,0.0018096277368015352,0.5316248408054124
Noris Network,Colocation Datacenter,Datacenter,0.528,49.453511,11.063496,NA,MW,5.739946652260526e-4,0.4001521973645303
WiTCOM,Self-build Datacenter,Datacenter,0.33,50.061681,8.254381,NA,MW,3.584772690210266e-4,0.33446925260026933
LCL,Colocation Datacenter,Datacenter,7.260000000000001,50.913377,4.03786,NA,MW,0.007901586136196938,0.6588171395044857
STACK Infrastructure,Colocation Datacenter,Datacenter,3.036,46.16541,6.107511,NA,MW,0.0033038816838230484,0.5813737134421796
ENGIE,Self-build Datacenter,Datacenter,0.66,50.927866,5.781271,NA,MW,7.176729293627365e-4,0.4155754666095678
Asseco Data Systems,Colocation Datacenter,Datacenter,0.1188,53.124375,18.028466,NA,MW,1.285920464023322e-4,0.24504928995455497
Polcom,Colocation Datacenter,Datacenter,3.3000000000000003,50.09695,19.55617,NA,MW,0.0035912382120964165,0.5864688078909632
Saudi Telecom Company (STC),Colocation Datacenter,Datacenter,0.5049,26.1919025389078,50.5512321421193,NA,MW,5.488509690021329e-4,0.39909582770752583
Comarch,Self-build Datacenter,Datacenter,0.2508,50.080359,19.991079,NA,MW,2.722703105390162e-4,0.3147642132570619
NTS,Colocation Datacenter,Datacenter,0.528,47.383187,8.495474,NA,MW,5.739946652260526e-4,0.4001521973645303
AliÃ©nor.net,Colocation Datacenter,Datacenter,0.33,44.873949,-0.597951,NA,MW,3.584772690210266e-4,0.33446925260026933
Comarch,Colocation Datacenter,Datacenter,0.198,51.036459,13.715746,NA,MW,2.1479900488434258e-4,0.2853188752906802
myLoc,Self-build Datacenter,Datacenter,0.099,48.1092199636124,11.7174876197433,NA,MW,1.0704030678182957e-4,0.23061307124173125
Ardent Data Centers,Colocation Datacenter,Datacenter,25.872000000000003,65.8046638310986,21.6844986412995,NA,MW,0.028160221379469386,0.7645185978369349
Centersquare,Colocation Datacenter,Datacenter,1.6500000000000001,52.312258,-1.883648,NA,MW,0.0017952599103878667,0.5253577947705927
Comarch,Self-build Datacenter,Datacenter,0.2376,50.079327,19.993024,NA,MW,2.579024841253478e-4,0.31335562806362666
EMC HostCo,Colocation Datacenter,Datacenter,1.254,48.195442,11.592865,NA,MW,0.0013642251179778145,0.49613560055820116
Digital Realty,Colocation Datacenter,Datacenter,2.7719999999999936,48.914614,2.362256,NA,MW,0.0030165251555496733,0.575450319900244
Digital Realty,Colocation Datacenter,Datacenter,4.6002,43.338714,5.347038,NA,MW,0.005006469113842753,0.6166819013942708
Digital Realty,Colocation Datacenter,Datacenter,5.5440000000000005,48.914189,2.362357,NA,MW,0.006033768702420045,0.6324565788051981
CyrusOne,Colocation Datacenter,Datacenter,35.64,52.3831024051525,4.70291311173676,NA,MW,0.038792412925584,0.7928044859851143
Jaguar Network Free Pro,Colocation Datacenter,Datacenter,2.2572,45.7385554303445,4.88981958932378,NA,MW,0.002456179925416613,0.5552325986983041
Kalaam,Colocation Datacenter,Datacenter,0.33,26.2358802099046,50.5419280216112,NA,MW,3.584772690210266e-4,0.33446925260026933
Batelco,Self-build Datacenter,Datacenter,4.29,26.1564837601433,50.4747744843582,NA,MW,0.004668825193121546,0.6108080250133169
NorthC,Colocation Datacenter,Datacenter,3.96,49.389441,11.176801,NA,MW,0.0043096295327798365,0.6014333584057593
aixit,Self-build Datacenter,Datacenter,0.99,50.100617,8.629195,NA,MW,0.0010768685897044467,0.46920446292403056
Digital Realty,Colocation Datacenter,Datacenter,3.3000000000000003,45.803755,15.943943,NA,MW,0.0035912382120964165,0.5864688078909632
ITinSell,Colocation Datacenter,Datacenter,0.066,43.2085135610855,5.60863274514372,NA,MW,7.112074074765859e-5,0.1721534085159869
Digital Realty,Colocation Datacenter,Datacenter,0.9239999999999999,48.893938,2.175067,NA,MW,0.0010050294576361045,0.46624023411972476
Rackspace,Colocation Datacenter,Datacenter,5.081999999999994,51.520304,-0.618978,NA,MW,0.005530894777941644,0.626454630000087
Jaguar Network Free Pro,Colocation Datacenter,Datacenter,0.66,45.8065426916727,4.77209343514611,NA,MW,7.176729293627365e-4,0.4155754666095678
DATAWIRE,Colocation Datacenter,Datacenter,0.198,47.187438,8.478894,NA,MW,2.1479900488434258e-4,0.2853188752906802
CC-IN2P3,Self-build Datacenter,Datacenter,1.056,45.782531,4.865354,NA,MW,0.0011487077217727888,0.48523303232781584
Portus Data Centers,Colocation Datacenter,Datacenter,4.62,48.158588,11.769093,NA,MW,0.005028020853463257,0.6168196233655726
myLoc,Self-build Datacenter,Datacenter,0.066,48.135675,11.661122,NA,MW,7.112074074765859e-5,0.1721534085159869
Digital Realty,Colocation Datacenter,Datacenter,0.66,48.815144,2.403047,NA,MW,7.176729293627365e-4,0.4155754666095678
myLoc,Self-build Datacenter,Datacenter,0.099,48.188204,11.588655,NA,MW,1.0704030678182957e-4,0.23061307124173125
R-KOM,Self-build Datacenter,Datacenter,0.066,49.016304,12.120449,NA,MW,7.112074074765859e-5,0.1721534085159869
Teraco,Colocation Datacenter,Datacenter,1.4520000000000002,-29.7784288792701,30.9916063950809,NA,MW,0.001579742514182841,0.5180563038110195
NewTelco,Colocation Datacenter,Datacenter,0.132,41.7208303350122,44.712630547887,NA,MW,1.4295987281600058e-4,0.24754281120651617
Digital Realty,Colocation Datacenter,Datacenter,1.98,48.907556,2.370103,NA,MW,0.002154455570729577,0.5378026804166678
Teraco,Colocation Datacenter,Datacenter,9.24,-26.0752924897219,28.2780534649913,NA,MW,0.010056760098247196,0.6772969633617073
VIRTUS Data Centres,Colocation Datacenter,Datacenter,15.84,51.5195990756004,-0.620569406601533,NA,MW,0.017240673305081396,0.7248045581963534
NorthC,Colocation Datacenter,Datacenter,1.32,48.117235,11.60214,NA,MW,0.0014360642500461567,0.49707249917727087
Telia,Colocation Datacenter,Datacenter,15.84,60.215919,24.877698,NA,MW,0.017240673305081396,0.7248045581963534
Teraco,Colocation Datacenter,Datacenter,1.98,-33.9700456399858,18.4645993986193,NA,MW,0.002154455570729577,0.5378026804166678
STACK Infrastructure,Colocation Datacenter,Datacenter,16.5,45.331119,9.206762,NA,MW,0.017959064625764815,0.7301827761839543
VIRTUS Data Centres,Colocation Datacenter,Datacenter,4.356,51.521255,-0.621021,NA,MW,0.004740664325189888,0.6123018693704554
Digital Realty,Colocation Datacenter,Datacenter,11.088000000000001,48.925271,2.402161,NA,MW,0.012068255796160773,0.6954683990675867
Teraco,Colocation Datacenter,Datacenter,6.6000000000000005,-26.1378904234393,28.1975870819838,NA,MW,0.007183194815513517,0.6455658398812243
Digital Realty,Colocation Datacenter,Datacenter,4.4219999999999935,43.3109582511358,5.37372035053496,NA,MW,0.0048125034572582236,0.6133920331008191
Indectron,Colocation Datacenter,Datacenter,0.99,51.863662,-2.197049,NA,MW,0.0010768685897044467,0.46920446292403056
Lumen Technologies,Self-build Datacenter,Datacenter,0.8250000000000001,50.103661,8.62011,NA,MW,8.972707595335917e-4,0.46160156089888477
SysEleven,Self-build Datacenter,Datacenter,0.132,52.507899,13.467696,NA,MW,1.4295987281600058e-4,0.24754281120651617
NXDATA,Colocation Datacenter,Datacenter,0.66,44.479626,26.114465,NA,MW,7.176729293627365e-4,0.4155754666095678
Lumen Technologies,Colocation Datacenter,Datacenter,1.32,51.528714,-0.100939,NA,MW,0.0014360642500461567,0.49707249917727087
Equinix,Colocation Datacenter,Datacenter,0.9239999999999999,42.6753029519886,23.4011011487715,NA,MW,0.0010050294576361045,0.46624023411972476
Switch Datacenters,Colocation Datacenter,Datacenter,11.22,52.309685,4.935256,NA,MW,0.012211934060297455,0.6963888196843956
Equinix,Colocation Datacenter,Datacenter,4.323,53.644729,9.975059,NA,MW,0.004704744759155718,0.6121658212498697
QTS Datacenters,Colocation Datacenter,Datacenter,3.168,53.245917,6.528093,NA,MW,0.003447559947959732,0.5832783197914386
Lumen Technologies,Colocation Datacenter,Datacenter,1.32,52.296174,4.948818,NA,MW,0.0014360642500461567,0.49707249917727087
Green Mountain,Colocation Datacenter,Datacenter,48.18,59.760218,10.991315,NA,MW,0.05244184801856897,0.8120914634107488
EdgeConneX,Colocation Datacenter,Datacenter,9.9,52.28299,4.76769,NA,MW,0.010775151418930618,0.6833128712366293
3U TELECOM,Colocation Datacenter,Datacenter,0.396,52.404029,9.731815,NA,MW,4.3031640108936856e-4,0.37692711334378215
Verne Global,Colocation Datacenter,Datacenter,3.168,61.500935,21.891578,NA,MW,0.003447559947959732,0.5832783197914386
EdgeConneX,Colocation Datacenter,Datacenter,13.860000000000001,52.28109,4.76775,NA,MW,0.015085499343031137,0.7185445510444096
Comarch,Colocation Datacenter,Datacenter,0.396,50.6147488397866,3.10377917991916,NA,MW,4.3031640108936856e-4,0.37692711334378215
Equinix,Colocation Datacenter,Datacenter,3.168,52.190469,20.922279,NA,MW,0.003447559947959732,0.5832783197914386
Echelon,Colocation Datacenter,Datacenter,11.22,51.4953789008465,-0.018001935282456,NA,MW,0.012211934060297455,0.6963888196843956
3U TELECOM,Self-build Datacenter,Datacenter,0.198,52.455834,13.389124,NA,MW,2.1479900488434258e-4,0.2853188752906802
DATA4,Colocation Datacenter,Datacenter,17.952,40.534976,-3.647744,NA,MW,0.01953952553126834,0.7375295395749277
n@work,Colocation Datacenter,Datacenter,0.132,53.550858,10.039074,NA,MW,1.4295987281600058e-4,0.24754281120651617
Digital 9 Infrastructure,Colocation Datacenter,Datacenter,4.488,55.016978,-1.503736,NA,MW,0.004884342589326573,0.615581999585273
Speedbone,Colocation Datacenter,Datacenter,0.33,52.465863,13.369563,NA,MW,3.584772690210266e-4,0.33446925260026933
CarrierColo,Colocation Datacenter,Datacenter,1.518,52.502023,13.369315,NA,MW,0.0016515816462511826,0.5199379760614532
NXDATA,Colocation Datacenter,Datacenter,1.32,44.4817406889255,26.1208167444165,NA,MW,0.0014360642500461567,0.49707249917727087
Equinix,Colocation Datacenter,Datacenter,8.085,60.203875,24.775863,NA,MW,0.008799575287051211,0.6686257605225053
NorthC,Colocation Datacenter,Datacenter,1.0824,53.547589,10.04363,NA,MW,0.0011774433746001255,0.4885185392289176
Bulk Infrastructure,Colocation Datacenter,Datacenter,22.44,55.509222,8.496314,NA,MW,0.0244245865119156,0.7546996808885446
Lumen Technologies,Self-build Datacenter,Datacenter,1.32,52.453029,13.428282,NA,MW,0.0014360642500461567,0.49707249917727087
Lumen Technologies,Colocation Datacenter,Datacenter,0.99,51.513909,-0.072543,NA,MW,0.0010768685897044467,0.46920446292403056
EdgeConneX,Colocation Datacenter,Datacenter,13.200000000000001,52.28354,4.76688,NA,MW,0.014367108022347716,0.709905288357056
NorthC,Colocation Datacenter,Datacenter,1.32,48.136,11.662797,NA,MW,0.0014360642500461567,0.49707249917727087
Stadtwerke Konstanz,Self-build Datacenter,Datacenter,0.132,47.675004,9.163293,NA,MW,1.4295987281600058e-4,0.24754281120651617
Equinix,Colocation Datacenter,Datacenter,9.24,48.9003901029496,2.42195866101057,NA,MW,0.010056760098247196,0.6772969633617073
Lumen Technologies,Colocation Datacenter,Datacenter,0.66,50.857707,4.412132,NA,MW,7.176729293627365e-4,0.4155754666095678
conova communications GmbH,Colocation Datacenter,Datacenter,0.35640000000000005,47.7062520660198,13.0828022569137,NA,MW,3.8721292184836344e-4,0.3739699395553593
Verne Global,Colocation Datacenter,Datacenter,46.2,60.303547,25.101261,NA,MW,0.05028667405651872,0.8041840708105539
QTS Datacenters,Colocation Datacenter,Datacenter,13.200000000000001,53.437285,6.858686,NA,MW,0.014367108022347716,0.709905288357056
Equinix,Colocation Datacenter,Datacenter,11.22,51.525778,-0.634232,NA,MW,0.012211934060297455,0.6963888196843956
STACK Infrastructure,Colocation Datacenter,Datacenter,11.88,59.632888096012,11.0045008002316,NA,MW,0.012930325380980877,0.6991736673911049
CarrierColo,Self-build Datacenter,Datacenter,0.33,52.432674,13.373395,NA,MW,3.584772690210266e-4,0.33446925260026933
Comarch,Self-build Datacenter,Datacenter,0.264,52.126271,21.018893,NA,MW,2.8663813695268463e-4,0.315989724875794
SysEleven,Self-build Datacenter,Datacenter,0.132,52.507876,13.467898,NA,MW,1.4295987281600058e-4,0.24754281120651617
Portus Data Centers,Colocation Datacenter,Datacenter,0.165,53.5493628183326,10.0479641193145,NA,MW,1.788794388501716e-4,0.27561916636419576
Digital Realty,Colocation Datacenter,Datacenter,1.584,50.120131,8.735325,NA,MW,0.0017234207783195247,0.5212325990682144
CloudHQ,Colocation Datacenter,Datacenter,73.91999999999935,50.108532,8.805447,NA,MW,0.08045910952522164,0.8459768324052631
Akquinet,Colocation Datacenter,Datacenter,0.66,53.7001805546493,9.99367648198216,NA,MW,7.176729293627365e-4,0.4155754666095678
eww ITandTEL,Colocation Datacenter,Datacenter,0.99,48.1910617560831,14.0948383631975,NA,MW,0.0010768685897044467,0.46920446292403056
CloudiA,Colocation Datacenter,Datacenter,1.122,48.269647,16.426906,NA,MW,0.0012205468538411307,0.48922216070846786
Digital Realty,Colocation Datacenter,Datacenter,0.792,50.119351,8.736084,NA,MW,8.613511934994207e-4,0.45478548622291065
HiHo,Self-build Datacenter,Datacenter,0.066,47.2586163991949,8.79890334739178,NA,MW,7.112074074765859e-5,0.1721534085159869
Digital Realty,Colocation Datacenter,Datacenter,6.6000000000000005,50.119545,8.738421,NA,MW,0.007183194815513517,0.6455658398812243
Digital Realty,Colocation Datacenter,Datacenter,1.1880000000000002,50.11953,8.734632,NA,MW,0.0012923859859094728,0.49273851559360243
eww ITandTEL,Colocation Datacenter,Datacenter,0.264,48.16283669631,14.0389714561547,NA,MW,2.8663813695268463e-4,0.315989724875794
First Colo,Self-build Datacenter,Datacenter,0.8712000000000001,50.139577,8.742921,NA,MW,9.475581519814312e-4,0.46552778371294984
Digital Realty,Colocation Datacenter,Datacenter,3.5640000000000005,50.119232,8.737901,NA,MW,0.0038785947403697845,0.5969562584597177
Digital Realty,Colocation Datacenter,Datacenter,2.7720000000000002,55.72767,12.37736,NA,MW,0.0030165251555496807,0.5755756777594437
n@work,Colocation Datacenter,Datacenter,0.198,53.54853,10.043334,NA,MW,2.1479900488434258e-4,0.2853188752906802
kyberio,Self-build Datacenter,Datacenter,0.66,52.329267,9.784629,NA,MW,7.176729293627365e-4,0.4155754666095678
kyberio,Self-build Datacenter,Datacenter,0.396,52.32841,9.783461,NA,MW,4.3031640108936856e-4,0.37692711334378215
Digital Realty,Colocation Datacenter,Datacenter,0.792,50.118911,8.735215,NA,MW,8.613511934994207e-4,0.45478548622291065
Digital Realty,Colocation Datacenter,Datacenter,0.066,50.119771,8.735654,NA,MW,7.112074074765859e-5,0.1721534085159869
Etix Everywhere,Colocation Datacenter,Datacenter,0.5940000000000001,47.2778610433515,-1.46942236662117,NA,MW,6.458337972943946e-4,0.4101907163362423
Digital Realty,Colocation Datacenter,Datacenter,0.264,50.120191,8.735869,NA,MW,2.8663813695268463e-4,0.315989724875794
eww ITandTEL,Self-build Datacenter,Datacenter,0.5940000000000001,48.318849,14.3081,NA,MW,6.458337972943946e-4,0.4101907163362423
eww ITandTEL,Self-build Datacenter,Datacenter,0.264,48.1225549618417,16.3219186286548,NA,MW,2.8663813695268463e-4,0.315989724875794
First Colo,Self-build Datacenter,Datacenter,0.33,50.117048,8.725891,NA,MW,3.584772690210266e-4,0.33446925260026933
Digital Realty,Colocation Datacenter,Datacenter,1.584,40.43965,-3.62095,NA,MW,0.0017234207783195247,0.5212325990682144
Digital Realty,Colocation Datacenter,Datacenter,0.792,50.119743,8.737107,NA,MW,8.613511934994207e-4,0.45478548622291065
Citycom,Self-build Datacenter,Datacenter,0.5940000000000001,47.0568631888031,15.4458341531528,NA,MW,6.458337972943946e-4,0.4101907163362423
Digital Realty,Colocation Datacenter,Datacenter,3.828,40.43419,-3.62414,NA,MW,0.004165951268643152,0.6002436301510863
Raiffeisen Informatik,Self-build Datacenter,Datacenter,1.98,47.028769,15.491352,NA,MW,0.002154455570729577,0.5378026804166678
Digital Realty,Colocation Datacenter,Datacenter,2.3760000000000003,40.43949,-3.6214,NA,MW,0.002585490363139629,0.559740115862271
Greenergy Data Centers,Colocation Datacenter,Datacenter,4.62,59.38689,24.562962,NA,MW,0.005028020853463257,0.6168196233655726
Digital Realty,Colocation Datacenter,Datacenter,6.732,50.119757,8.739024,NA,MW,0.007326873079650201,0.65521092869005
DATASIX,Colocation Datacenter,Datacenter,0.46199999999999997,48.192965,16.353399,NA,MW,5.021555331577106e-4,0.3902747392171655
Digital Realty,Colocation Datacenter,Datacenter,4.752000000000001,50.87034,4.47617,NA,MW,0.00517169911759994,0.6220928091743572
Digital Realty,Colocation Datacenter,Datacenter,1.584,50.120655,8.736663,NA,MW,0.0017234207783195247,0.5212325990682144
Swisscolocation,Colocation Datacenter,Datacenter,0.21120000000000003,45.848117,9.014614,NA,MW,2.29166831298011e-4,0.307451345353899
HiHo,Self-build Datacenter,Datacenter,0.198,47.258371,8.799892,NA,MW,2.1479900488434258e-4,0.2853188752906802
Digital Realty,Colocation Datacenter,Datacenter,1.914,59.422637,17.917433,NA,MW,0.0020826164386612347,0.5372072429703549
ADDIX,Self-build Datacenter,Datacenter,0.264,54.310695,10.132553,NA,MW,2.8663813695268463e-4,0.315989724875794
Digital Realty,Colocation Datacenter,Datacenter,1.7820000000000003,51.521376,-0.07271,NA,MW,0.001938938174524551,0.5332850275105172
Digital Realty,Colocation Datacenter,Datacenter,10.89,43.3392407124293,5.34616896428773,NA,MW,0.011852738399955745,0.6941862602211482
Digital Realty,Colocation Datacenter,Datacenter,1.1880000000000002,59.421469,17.917583,NA,MW,0.0012923859859094728,0.49273851559360243
Akquinet,Colocation Datacenter,Datacenter,0.396,53.611852,10.025577,NA,MW,4.3031640108936856e-4,0.37692711334378215
Digital Realty,Colocation Datacenter,Datacenter,2.7720000000000002,55.728026,12.375901,NA,MW,0.0030165251555496807,0.5755756777594437
Akquinet,Self-build Datacenter,Datacenter,0.132,53.934752,9.498701,NA,MW,1.4295987281600058e-4,0.24754281120651617
Digital Realty,Colocation Datacenter,Datacenter,0.99,59.421704,17.916746,NA,MW,0.0010768685897044467,0.46920446292403056
Nabiax,Colocation Datacenter,Datacenter,8.25,40.433948,-3.629832,NA,MW,0.008979173117222067,0.6692821621543139
Koc Sistem,Colocation Datacenter,Datacenter,0.66,41.005092,29.068014,NA,MW,7.176729293627365e-4,0.4155754666095678
Digital Realty,Colocation Datacenter,Datacenter,12.672,50.118639,8.732658,NA,MW,0.01379239496580098,0.7075587423167835
Vantage Data Centers,Colocation Datacenter,Datacenter,26.400000000000002,47.500403897978,8.76156999299695,NA,MW,0.02873493443601612,0.7650522155526219
CyrusOne,Colocation Datacenter,Datacenter,11.88,51.516589665294,-0.629073671989772,NA,MW,0.012930325380980877,0.6991736673911049
Digital Realty,Colocation Datacenter,Datacenter,15.774,52.275499881321,4.74102869278601,NA,MW,0.017168834173013053,0.7245925782918883
Exa Infrastructure,Colocation Datacenter,Datacenter,0.66,51.504384,-0.01779,NA,MW,7.176729293627365e-4,0.4155754666095678
nLighten,Colocation Datacenter,Datacenter,1.32,52.408533,13.186597,NA,MW,0.0014360642500461567,0.49707249917727087
Digital Realty,Colocation Datacenter,Datacenter,7.92,47.433417,8.556607,NA,MW,0.008619977456880357,0.66263248323203
CyrusOne,Colocation Datacenter,Datacenter,17.82,51.5158456127377,-0.627430509115158,NA,MW,0.019395847267131658,0.7359462199784954
Turk Telekom,Colocation Datacenter,Datacenter,1.056,41.064936,29.003723,NA,MW,0.0011487077217727888,0.48523303232781584
Proximity Data Centres,Colocation Datacenter,Datacenter,1.32,53.699332,-1.397903,NA,MW,0.0014360642500461567,0.49707249917727087
Turk Telekom,Colocation Datacenter,Datacenter,5.94,41.072485,28.657532,NA,MW,0.006464803494830097,0.6344822178279486
OVHcloud,Self-build Datacenter,Datacenter,0.66,50.692979,3.19989,NA,MW,7.176729293627365e-4,0.4155754666095678
nLighten,Colocation Datacenter,Datacenter,0.8250000000000001,52.279382,4.756218,NA,MW,8.972707595335917e-4,0.46160156089888477
Digital Realty,Colocation Datacenter,Datacenter,6.732,50.120111,8.739877,NA,MW,0.007326873079650201,0.65521092869005
Vantage Data Centers,Colocation Datacenter,Datacenter,31.68,52.2936542626468,20.9219149555802,NA,MW,0.03448206500148348,0.7807847652914531
Digital Realty,Colocation Datacenter,Datacenter,1.32,48.904295,2.37088,NA,MW,0.0014360642500461567,0.49707249917727087
Digital Realty,Colocation Datacenter,Datacenter,3.96,47.432747,8.557185,NA,MW,0.0043096295327798365,0.6014333584057593
Vantage Data Centers,Colocation Datacenter,Datacenter,36.96,52.322600693188,13.294473156004,NA,MW,0.04022919556695084,0.7947461664065807
nLighten,Colocation Datacenter,Datacenter,1.1880000000000002,51.491861,-3.580736,NA,MW,0.0012923859859094728,0.49273851559360243
Grid Telekom,Self-build Datacenter,Datacenter,0.099,41.05836,29.004195,NA,MW,1.0704030678182957e-4,0.23061307124173125
Digital Realty,Colocation Datacenter,Datacenter,2.838,48.26891,16.410797,NA,MW,0.0030883642876180224,0.576202892852016
Digital Realty,Colocation Datacenter,Datacenter,6.336,50.118934,8.736829,NA,MW,0.006895838287240149,0.6416773642125759
OVHcloud,Self-build Datacenter,Datacenter,0.66,50.691184,3.2013,NA,MW,7.176729293627365e-4,0.4155754666095678
Nabiax,Colocation Datacenter,Datacenter,5.214,40.519223,-3.341585,NA,MW,0.005674573042078334,0.6275894556349269
nLighten,Colocation Datacenter,Datacenter,2.1483,46.224444,6.060764,NA,MW,0.0023376453575038487,0.5530495485055245
Proximity Data Centres,Colocation Datacenter,Datacenter,1.98,53.245346479929196,-2.92955026735256,NA,MW,0.002154455570729577,0.5378026804166678
Digital Realty,Colocation Datacenter,Datacenter,13.992,48.268953,16.41152,NA,MW,0.01522917760716782,0.7189556645314954
Proximity Data Centres,Colocation Datacenter,Datacenter,3.3000000000000003,53.00647,-1.21447,NA,MW,0.0035912382120964165,0.5864688078909632
Digital Realty,Colocation Datacenter,Datacenter,1.1880000000000002,50.120006,8.737844,NA,MW,0.0012923859859094728,0.49273851559360243
Proximity Data Centres,Colocation Datacenter,Datacenter,1.98,53.3432879426736,-2.97290298704993,NA,MW,0.002154455570729577,0.5378026804166678
TURKCELL,Colocation Datacenter,Datacenter,9.9,40.823304,29.444824,NA,MW,0.010775151418930618,0.6833128712366293
OVHcloud,Self-build Datacenter,Datacenter,7.8672,51.016292,2.154866,NA,MW,0.008562506151225684,0.6624724077327775
Vantage Data Centers,Colocation Datacenter,Datacenter,36.300000000000004,50.109152,8.743549,NA,MW,0.03951080424626742,0.7940959664220075
nLighten,Colocation Datacenter,Datacenter,1.32,48.907073,2.368173,NA,MW,0.0014360642500461567,0.49707249917727087
OVHcloud,Self-build Datacenter,Datacenter,1.98,51.491553,0.166698,NA,MW,0.002154455570729577,0.5378026804166678
Digital Realty,Colocation Datacenter,Datacenter,0.8580000000000001,52.356171,4.952672,NA,MW,9.331903255677627e-4,0.46326887931108013
Digital Realty,Colocation Datacenter,Datacenter,1.1880000000000002,59.421968,17.917557,NA,MW,0.0012923859859094728,0.49273851559360243
Digital Realty,Colocation Datacenter,Datacenter,5.28,52.276351,4.742953,NA,MW,0.0057464121741466765,0.6277315809533437
OVHcloud,Self-build Datacenter,Datacenter,2.64,50.408779,8.062438,NA,MW,0.002872846891412997,0.5631704731174867
Noris Network,Colocation Datacenter,Datacenter,1.98,50.317637,11.896821,NA,MW,0.002154455570729577,0.5378026804166678
Digital Realty,Colocation Datacenter,Datacenter,2.31,59.421755,17.917396,NA,MW,0.0025136512310712867,0.5553540616822411
nLighten,Colocation Datacenter,Datacenter,1.32,40.4904714011401,-3.69106757540609,NA,MW,0.0014360642500461567,0.49707249917727087
OVHcloud,Self-build Datacenter,Datacenter,1.32,52.207763,20.808135,NA,MW,0.0014360642500461567,0.49707249917727087
Cogent Communications,Colocation Datacenter,Datacenter,0.006600000000000001,43.6203345398443,1.42261864053855,NA,MW,6.465521886150781e-6,0.02118857845747979
Jaguar Network Free Pro,Colocation Datacenter,Datacenter,5.28,43.3612274829089,5.33807465277751,NA,MW,0.0057464121741466765,0.6277315809533437
T-Systems,Self-build Datacenter,Datacenter,4.95,52.148872,11.637699,NA,MW,0.005387216513804967,0.6237746529530668
Cogent Communications,Colocation Datacenter,Datacenter,0.006600000000000001,47.2031185340357,-1.55044740222796,NA,MW,6.465521886150781e-6,0.02118857845747979
Cogent Communications,Colocation Datacenter,Datacenter,0.006600000000000001,49.429164,1.075969,NA,MW,6.465521886150781e-6,0.02118857845747979
Atos,Self-build Datacenter,Datacenter,0.66,48.909287,2.397665,NA,MW,7.176729293627365e-4,0.4155754666095678
Atos,Self-build Datacenter,Datacenter,0.396,40.598768,-3.717294,NA,MW,4.3031640108936856e-4,0.37692711334378215
Etix Everywhere,Colocation Datacenter,Datacenter,1.3860000000000001,48.780478,2.216991,NA,MW,0.0015079033821144988,0.5172335636394427
Etix Everywhere,Colocation Datacenter,Datacenter,0.396,45.7292715383112,4.84372726469745,NA,MW,4.3031640108936856e-4,0.37692711334378215
Cogent Communications,Colocation Datacenter,Datacenter,0.006600000000000001,50.637692,3.090547,NA,MW,6.465521886150781e-6,0.02118857845747979
T-Systems,Self-build Datacenter,Datacenter,11.88,51.985272,11.652877,NA,MW,0.012930325380980877,0.6991736673911049
Atos,Self-build Datacenter,Datacenter,0.46199999999999997,48.9247289146319,2.2229476700308,NA,MW,5.021555331577106e-4,0.3902747392171655
Digital Realty,Colocation Datacenter,Datacenter,12.540000000000001,48.9275199035689,2.39794533879748,NA,MW,0.013648716701664296,0.7065888416269518
El Corte Ingles,Colocation Datacenter,Datacenter,0.12738000000000002,38.0246392349639,-1.17089610505391,NA,MW,1.3793113357121666e-4,0.24704706027672474
NTT Global Data Centers,Colocation Datacenter,Datacenter,1.7820000000000003,51.516877,-0.615683,NA,MW,0.001938938174524551,0.5332850275105172
SynAApS,Colocation Datacenter,Datacenter,0.066,45.784504,4.888111,NA,MW,7.112074074765859e-5,0.1721534085159869
Atos,Self-build Datacenter,Datacenter,1.584,49.482593,10.964819,NA,MW,0.0017234207783195247,0.5212325990682144
Fiducial Cloud,Self-build Datacenter,Datacenter,0.013200000000000002,45.770989,4.805224,NA,MW,1.364943509298498e-5,0.0865566768730906
Telstra,Colocation Datacenter,Datacenter,3.3000000000000003,51.494637,-0.018458,NA,MW,0.0035912382120964165,0.5864688078909632
Adam,Colocation Datacenter,Datacenter,0.99,41.408885,2.170112,NA,MW,0.0010768685897044467,0.46920446292403056
NTT Global Data Centers,Colocation Datacenter,Datacenter,13.200000000000001,51.762339,-0.436472,NA,MW,0.014367108022347716,0.709905288357056
Cogent Communications,Colocation Datacenter,Datacenter,0.006600000000000001,46.588515,0.339494,NA,MW,6.465521886150781e-6,0.02118857845747979
NTT Global Data Centers,Colocation Datacenter,Datacenter,3.828,51.765064,-0.442441,NA,MW,0.004165951268643152,0.6002436301510863
Beyond.pl,Colocation Datacenter,Datacenter,0.8580000000000001,52.401236,16.928141,NA,MW,9.331903255677627e-4,0.46326887931108013
Azur Datacenter,Self-build Datacenter,Datacenter,3.96,48.821767,2.64304,NA,MW,0.0043096295327798365,0.6014333584057593
Adam,Colocation Datacenter,Datacenter,3.96,40.292271,-3.944489,NA,MW,0.0043096295327798365,0.6014333584057593
Atos,Self-build Datacenter,Datacenter,1.1880000000000002,52.467885,-1.723312,NA,MW,0.0012923859859094728,0.49273851559360243
Adam,Colocation Datacenter,Datacenter,2.64,41.489819,2.123308,NA,MW,0.002872846891412997,0.5631704731174867
T-Systems,Self-build Datacenter,Datacenter,1.98,49.883088,10.926551,NA,MW,0.002154455570729577,0.5378026804166678
Netwise,Colocation Datacenter,Datacenter,0.33,51.497492,-0.070653,NA,MW,3.584772690210266e-4,0.33446925260026933
Cogent Communications,Colocation Datacenter,Datacenter,0.006600000000000001,48.600577212051,7.74423047232603,NA,MW,6.465521886150781e-6,0.02118857845747979
Cogent Communications,Colocation Datacenter,Datacenter,0.006600000000000001,43.6011145812866,3.86249323461864,NA,MW,6.465521886150781e-6,0.02118857845747979
LCL,Colocation Datacenter,Datacenter,0.561,50.7603182268739,4.27044507121576,NA,MW,6.099142312602236e-4,0.4085115587989264
NTT Global Data Centers,Colocation Datacenter,Datacenter,1.32,51.764325,-0.434481,NA,MW,0.0014360642500461567,0.49707249917727087
Netwise,Colocation Datacenter,Datacenter,0.99,51.5218425049813,0.001893516948812,NA,MW,0.0010768685897044467,0.46920446292403056
Cogent Communications,Colocation Datacenter,Datacenter,0.066,45.189998,5.736633,NA,MW,7.112074074765859e-5,0.1721534085159869
Cogent Communications,Colocation Datacenter,Datacenter,0.066,47.3088265142249,5.03037594902616,NA,MW,7.112074074765859e-5,0.1721534085159869
Swisscom,Self-build Datacenter,Datacenter,4.158,47.005284,7.466219,NA,MW,0.004525146928984862,0.6097252607828345
Atos,Self-build Datacenter,Datacenter,0.198,41.360191,2.069096,NA,MW,2.1479900488434258e-4,0.2853188752906802
Adam,Colocation Datacenter,Datacenter,1.32,40.5146015662736,-3.33884872072463,NA,MW,0.0014360642500461567,0.49707249917727087
T-Systems,Self-build Datacenter,Datacenter,5.94,48.194373,11.592464,NA,MW,0.006464803494830097,0.6344822178279486
Cogent Communications,Colocation Datacenter,Datacenter,0.066,48.907071,2.241552,NA,MW,7.112074074765859e-5,0.1721534085159869
NTT Global Data Centers,Colocation Datacenter,Datacenter,1.1880000000000002,51.516386,-0.614771,NA,MW,0.0012923859859094728,0.49273851559360243
Beyond.pl,Colocation Datacenter,Datacenter,79.2,52.377540155754,16.9763158015584,NA,MW,0.08620624009068971,0.8504903198328608
Cogent Communications,Colocation Datacenter,Datacenter,0.132,47.4324885492736,0.686411243384903,NA,MW,1.4295987281600058e-4,0.24754281120651617
Cogent Communications,Colocation Datacenter,Datacenter,0.066,48.783718,2.208064,NA,MW,7.112074074765859e-5,0.1721534085159869
Magyar Telekom,Self-build Datacenter,Datacenter,7.92,47.493587,19.103334,NA,MW,0.008619977456880357,0.66263248323203
Equinix,Colocation Datacenter,Datacenter,0.99,52.303897,4.939529,NA,MW,0.0010768685897044467,0.46920446292403056
Cogent Communications,Colocation Datacenter,Datacenter,0.006600000000000001,43.7033649027422,7.25969195709973,NA,MW,6.465521886150781e-6,0.02118857845747979
Oni Telecom,Self-build Datacenter,Datacenter,1.056,38.747375,-9.098729,NA,MW,0.0011487077217727888,0.48523303232781584
T-Systems,Self-build Datacenter,Datacenter,3.3000000000000003,41.483495,2.107557,NA,MW,0.0035912382120964165,0.5864688078909632
Tata Communications,Self-build Datacenter,Datacenter,0.33,38.600034,-9.159974,NA,MW,3.584772690210266e-4,0.33446925260026933
Noovle,Colocation Datacenter,Datacenter,2.31,41.7644494986798,12.3439643477173,NA,MW,0.0025136512310712867,0.5553540616822411
Atos,Self-build Datacenter,Datacenter,2.97,47.45759,-0.481175,NA,MW,0.0032320425517547062,0.5784668419763419
Microsoft,Self-build Datacenter,Datacenter,123.486,52.764107,5.038694,NA,MW,0.1344102977085472,0.8878962986752952
Cogent Communications,Colocation Datacenter,Datacenter,0.33,44.863438,-0.55547,NA,MW,3.584772690210266e-4,0.33446925260026933
Altice Portugal,Colocation Datacenter,Datacenter,13.596000000000002,40.265528,-7.479622,NA,MW,0.014798142814757768,0.7173163478514816
ITnow,Self-build Datacenter,Datacenter,4.158,41.489901,2.108384,NA,MW,0.004525146928984862,0.6097252607828345
Noovle,Colocation Datacenter,Datacenter,3.5640000000000005,45.3829135983678,9.16498291147388,NA,MW,0.0038785947403697845,0.5969562584597177
Cogent Communications,Colocation Datacenter,Datacenter,0.006600000000000001,48.1084337813091,-1.63678531713036,NA,MW,6.465521886150781e-6,0.02118857845747979
Amazon Web Services,Self-build Datacenter,Datacenter,5.94,53.400638,-6.220487,NA,MW,0.006464803494830097,0.6344822178279486
Acens,Self-build Datacenter,Datacenter,0.33,41.3782795361306,2.14482958298964,NA,MW,3.584772690210266e-4,0.33446925260026933
Amazon Web Services,Self-build Datacenter,Datacenter,32.34,53.403923,-6.363666,NA,MW,0.0352004563221669,0.7846823875600722
Meta,Self-build Datacenter,Datacenter,71.28,53.417752,-6.432257,NA,MW,0.07758554424248867,0.8416406217042192
Wind Tre,Colocation Datacenter,Datacenter,0.46199999999999997,41.908173936902,12.588172124727,NA,MW,5.021555331577106e-4,0.3902747392171655
Google,Self-build Datacenter,Datacenter,97.68,53.313784,-6.449002,NA,MW,0.10632119706982547,0.8695410781122201
Digital Realty,Colocation Datacenter,Datacenter,2.64,53.3290167122187,-6.44297545908091,NA,MW,0.002872846891412997,0.5631704731174867
BT Global Services,Self-build Datacenter,Datacenter,1.32,45.4632564429836,9.05116648607648,NA,MW,0.0014360642500461567,0.49707249917727087
Noovle,Colocation Datacenter,Datacenter,0.99,41.9632724955391,12.4614733880622,NA,MW,0.0010768685897044467,0.46920446292403056
Altice Portugal,Self-build Datacenter,Datacenter,2.64,38.731315,-9.145731,NA,MW,0.002872846891412997,0.5631704731174867
Microsoft,Self-build Datacenter,Datacenter,146.78400000000002,53.32233,-6.442684,NA,MW,0.15976951132867193,0.9009445474175143
FCT | FCCN,Self-build Datacenter,Datacenter,0.33,38.75921,-9.142103,NA,MW,3.584772690210266e-4,0.33446925260026933
PTisp,Self-build Datacenter,Datacenter,0.132,38.769723,-9.101879,NA,MW,1.4295987281600058e-4,0.24754281120651617
Alphalink,Self-build Datacenter,Datacenter,0.033,48.9055477749776,2.25914016176668,NA,MW,3.5201174713487585e-5,0.12072065583645451
CELESTE,Colocation Datacenter,Datacenter,1.5246000000000002,48.83538,2.587758,NA,MW,0.001658765559458017,0.5211148715710835
Cogent Communications,Self-build Datacenter,Datacenter,0.132,50.081298,8.627109,NA,MW,1.4295987281600058e-4,0.24754281120651617
Microsoft,Self-build Datacenter,Datacenter,30.954,53.324656,-6.454426,NA,MW,0.03369183454873172,0.7801941004682041
Google,Self-build Datacenter,Datacenter,112.2,53.425951,6.864281,NA,MW,0.12212580612486072,0.8779205548903998
NTT Global Data Centers,Colocation Datacenter,Datacenter,31.68,52.4392241594475,13.3736686110439,NA,MW,0.03448206500148348,0.7807847652914531
IBM,Self-build Datacenter,Datacenter,0.99,53.419527,-6.420034,NA,MW,0.0010768685897044467,0.46920446292403056
Mediacloud,Self-build Datacenter,Datacenter,0.33,41.404478,2.193651,NA,MW,3.584772690210266e-4,0.33446925260026933
Atos,Self-build Datacenter,Datacenter,1.98,48.8283270014642,1.97992661443775,NA,MW,0.002154455570729577,0.5378026804166678
Ark Data Centres,Colocation Datacenter,Datacenter,49.830000000000005,51.4184428192504,-2.22040888685262,NA,MW,0.05423782632027752,0.8154690593514948
Vodafone,Self-build Datacenter,Datacenter,0.33,38.742903,-9.229925,NA,MW,3.584772690210266e-4,0.33446925260026933
Digital Realty,Colocation Datacenter,Datacenter,8.976,53.4002684103974,-6.21692820448436,NA,MW,0.00976940356997383,0.6756055251038643
ITnow,Self-build Datacenter,Datacenter,2.574,41.48379,2.108867,NA,MW,0.0028010077593446548,0.5625566336532932
Templus,Colocation Datacenter,Datacenter,1.122,41.3487941602412,2.12952326302993,NA,MW,0.0012205468538411307,0.48922216070846786
Amazon Web Services,Self-build Datacenter,Datacenter,10.89,53.294047,-6.349659,NA,MW,0.011852738399955745,0.6941862602211482
Amazon Web Services,Self-build Datacenter,Datacenter,42.24,53.405966,-6.226099,NA,MW,0.0459763261324182,0.8014206851304136
Jaguar Network Free Pro,Colocation Datacenter,Datacenter,0.66,48.688312,2.212531,NA,MW,7.176729293627365e-4,0.4155754666095678
T-Systems,Self-build Datacenter,Datacenter,0.36300000000000004,41.401045,2.193523,NA,MW,3.943968350551976e-4,0.3748174762331749
Evolutio,Self-build Datacenter,Datacenter,0.66,41.350439,2.124658,NA,MW,7.176729293627365e-4,0.4155754666095678
Atos,Self-build Datacenter,Datacenter,3.3000000000000003,48.9073614624699,2.33702990318078,NA,MW,0.0035912382120964165,0.5864688078909632
Amazon Web Services,Self-build Datacenter,Datacenter,6.336,53.296227,-6.35075,NA,MW,0.006895838287240149,0.6416773642125759
CyrusOne,Colocation Datacenter,Datacenter,19.14,50.132844,8.578768,NA,MW,0.020832629908498497,0.7400461339198185
Meta,Self-build Datacenter,Datacenter,57.42,65.6165166755489,22.1154720075755,NA,MW,0.06249932650813685,0.8274273195545401
Pulsant,Colocation Datacenter,Datacenter,1.98,55.925867,-3.296579,NA,MW,0.002154455570729577,0.5378026804166678
EdgeConneX,Colocation Datacenter,Datacenter,30.887999999999998,52.2845513048194,4.76761164017963,NA,MW,0.03361999541666337,0.7796057568552335
Penta Infra,Colocation Datacenter,Datacenter,2.31,48.836901,2.641422,NA,MW,0.0025136512310712867,0.5553540616822411
Foliateam,Colocation Datacenter,Datacenter,1.32,48.843008441292604,2.40389464454236,NA,MW,0.0014360642500461567,0.49707249917727087
Orange,Self-build Datacenter,Datacenter,6.6000000000000005,49.2647036159487,1.19102114007464,NA,MW,0.007183194815513517,0.6455658398812243
Ville de Paris,Self-build Datacenter,Datacenter,1.6500000000000001,48.8942351547625,2.35708954501183,NA,MW,0.0017952599103878667,0.5253577947705927
maincubes B.V.,Colocation Datacenter,Datacenter,4.884,50.1655304272546,8.53139190748537,NA,MW,0.0053153773817366246,0.6236341848237722
Kyndryl,Self-build Datacenter,Datacenter,1.32,48.830757,2.672548,NA,MW,0.0014360642500461567,0.49707249917727087
BT Global Services,Self-build Datacenter,Datacenter,3.3000000000000003,51.450613,-3.186621,NA,MW,0.0035912382120964165,0.5864688078909632
Global SP,Colocation Datacenter,Datacenter,0.396,48.884934,2.320244,NA,MW,4.3031640108936856e-4,0.37692711334378215
Ark Data Centres,Colocation Datacenter,Datacenter,10.56,51.619735,-0.041276,NA,MW,0.011493542739614037,0.6880616533755357
Digital Realty,Colocation Datacenter,Datacenter,14.520000000000001,51.1290049441132,-0.176937664456517,NA,MW,0.015803890663714557,0.7206088212890822
Apple,Self-build Datacenter,Datacenter,128.502,56.4814490172945,9.57316610221815,NA,MW,0.13987007174574118,0.8894190978400293
CyrusOne,Colocation Datacenter,Datacenter,9.1872,51.502787,-0.446384,NA,MW,0.009999288792592523,0.6769577298564006
CyrusOne,Colocation Datacenter,Datacenter,6.138000000000001,51.5230998026383,-0.623959371332319,NA,MW,0.006680320891035123,0.6403430691920582
Digital Realty,Colocation Datacenter,Datacenter,2.64,51.496862,-0.018581,NA,MW,0.002872846891412997,0.5631704731174867
Mainland China Mobile International,Colocation Datacenter,Datacenter,6.336,51.519627,-0.628116,NA,MW,0.006895838287240149,0.6416773642125759
Ark Data Centres,Colocation Datacenter,Datacenter,65.34,51.501977,-0.410361,NA,MW,0.0711200223563379,0.8352087601750552
Orange,Self-build Datacenter,Datacenter,8.58,48.447135,1.430626,NA,MW,0.009338368777563777,0.6715931398612669
Exa Infrastructure,Self-build Datacenter,Datacenter,1.32,53.400323,-6.217841,NA,MW,0.0014360642500461567,0.49707249917727087
Fiducial Cloud,Colocation Datacenter,Datacenter,0.33,48.7786169134078,2.21482600846286,NA,MW,3.584772690210266e-4,0.33446925260026933
Meta,Self-build Datacenter,Datacenter,118.80000000000001,55.369207,10.480751,NA,MW,0.1293097193316949,0.8834827988820975
Iron Mountain,Colocation Datacenter,Datacenter,17.82,50.133917,8.739926,NA,MW,0.019395847267131658,0.7359462199784954
UltraEdge,Colocation Datacenter,Datacenter,0.99,48.767928,2.002051,NA,MW,0.0010768685897044467,0.46920446292403056
IBM,Self-build Datacenter,Datacenter,1.32,55.7313084316495,12.3850205104124,NA,MW,0.0014360642500461567,0.49707249917727087
Mediactive Network,Self-build Datacenter,Datacenter,0.033,48.874888,2.349385,NA,MW,3.5201174713487585e-5,0.12072065583645451
ThÃ©sÃ©e DataCenter,Colocation Datacenter,Datacenter,11.88,48.9662267422732,1.84064312973293,NA,MW,0.012930325380980877,0.6991736673911049
MBDA,Self-build Datacenter,Datacenter,0.33,48.7784727720932,2.24226078313507,NA,MW,3.584772690210266e-4,0.33446925260026933
Digital Realty,Colocation Datacenter,Datacenter,7.92,48.8243883868698,2.7250548677219,NA,MW,0.008619977456880357,0.66263248323203
MK Netzdienste,Self-build Datacenter,Datacenter,2.0460000000000003,50.1266,8.581895,NA,MW,0.0022262947027979186,0.5503895357677484
Digital Realty,Colocation Datacenter,Datacenter,13.200000000000001,52.2912128648401,4.67788540475589,NA,MW,0.014367108022347716,0.709905288357056
Orange,Self-build Datacenter,Datacenter,8.58,49.2617118949483,1.19003697933262,NA,MW,0.009338368777563777,0.6715931398612669
UltraEdge,Colocation Datacenter,Datacenter,2.64,48.9101442818496,2.39511510010666,NA,MW,0.002872846891412997,0.5631704731174867
Global Switch,Colocation Datacenter,Datacenter,7.92,50.130007,8.598357,NA,MW,0.008619977456880357,0.66263248323203
Datum Datacentres,Colocation Datacenter,Datacenter,4.422000000000001,51.280323,-0.796538,NA,MW,0.0048125034572582305,0.6138016660085016
UltraEdge,Colocation Datacenter,Datacenter,1.98,48.904402,2.259591,NA,MW,0.002154455570729577,0.5378026804166678
EdgeConneX,Colocation Datacenter,Datacenter,5.082000000000001,53.3296635735112,-6.45402310997232,NA,MW,0.005530894777941651,0.6265962726505885
Google,Self-build Datacenter,Datacenter,92.4,55.5572814242889,9.6530064289698,NA,MW,0.10057406650435811,0.8659077710961872
Fujitsu,Self-build Datacenter,Datacenter,3.68214,51.903975,-0.219156,NA,MW,0.0040071867867721165,0.5990572576073725
EdgeConneX,Colocation Datacenter,Datacenter,5.082000000000001,53.3289489820138,-6.45477492034004,NA,MW,0.005530894777941651,0.6265962726505885
Fujitsu,Self-build Datacenter,Datacenter,2.9739600000000004,51.48111,0.270254,NA,MW,0.003236352899678807,0.5811202995426586
Global Switch,Colocation Datacenter,Datacenter,21.12,52.3426173995087,4.83090872738148,NA,MW,0.022987803870548756,0.7478184255115174
ARO,Colocation Datacenter,Datacenter,0.66,53.407378,-2.932728,NA,MW,7.176729293627365e-4,0.4155754666095678
BBVA,Self-build Datacenter,Datacenter,6.6000000000000005,40.613302,-3.69594,NA,MW,0.007183194815513517,0.6455658398812243
UltraEdge,Colocation Datacenter,Datacenter,0.33,48.568933,7.782413,NA,MW,3.584772690210266e-4,0.33446925260026933
Equinix,Colocation Datacenter,Datacenter,6.336,48.9269088032764,2.34884184861687,NA,MW,0.006895838287240149,0.6416773642125759
Hutchinson 3,Self-build Datacenter,Datacenter,2.64,53.4610755321275,-2.32049223916143,NA,MW,0.002872846891412997,0.5631704731174867
Google,Self-build Datacenter,Datacenter,178.20000000000002,50.4691460551979,3.86532353233784,NA,MW,0.19396493819320273,0.912401479409608
Galaxy Data Centers,Colocation Datacenter,Datacenter,3.3000000000000003,51.2476972885652,-0.158545755253897,NA,MW,0.0035912382120964165,0.5864688078909632
Digital Realty,Colocation Datacenter,Datacenter,21.12,40.4385236972074,-3.62973858370091,NA,MW,0.022987803870548756,0.7478184255115174
UltraEdge,Colocation Datacenter,Datacenter,0.99,44.888776,-0.55659,NA,MW,0.0010768685897044467,0.46920446292403056
NorthC,Colocation Datacenter,Datacenter,0.9504,51.9876449042695,4.3783209276527,NA,MW,0.0010337651104634414,0.46801958445993097
STACK Infrastructure,Colocation Datacenter,Datacenter,6.6000000000000005,47.6008506854178,8.5417856,NA,MW,0.007183194815513517,0.6455658398812243
NorthC,Colocation Datacenter,Datacenter,0.66,52.3933331211635,4.84958235143491,NA,MW,7.176729293627365e-4,0.4155754666095678
NorthC,Colocation Datacenter,Datacenter,1.6500000000000001,52.0184056933574,5.10492511666183,NA,MW,0.0017952599103878667,0.5253577947705927
IP Core,Colocation Datacenter,Datacenter,0.66,40.44584,-3.569945,NA,MW,7.176729293627365e-4,0.4155754666095678
Digital Realty,Colocation Datacenter,Datacenter,46.2,50.05869,8.455524,NA,MW,0.05028667405651872,0.8041840708105539
Equinix,Colocation Datacenter,Datacenter,12.672,51.523186,-0.638135,NA,MW,0.01379239496580098,0.7075587423167835
Verne Global,Colocation Datacenter,Datacenter,0.33,61.497966,23.775412,NA,MW,3.584772690210266e-4,0.33446925260026933
BBVA,Self-build Datacenter,Datacenter,0.495,40.5005095722053,-3.66284322877641,NA,MW,5.380750991918815e-4,0.3964431014066308
Colt DCS,Colocation Datacenter,Datacenter,16.5,50.125582,8.588149,NA,MW,0.017959064625764815,0.7301827761839543
Kao Data,Colocation Datacenter,Datacenter,11.88,51.5156417571433,-0.616317550198005,NA,MW,0.012930325380980877,0.6991736673911049
Bank of America,Self-build Datacenter,Datacenter,1.98,51.3332850631984,-0.766126359290268,NA,MW,0.002154455570729577,0.5378026804166678
Eurofiber Cloud Infra,Colocation Datacenter,Datacenter,1.584,51.5874381783511,4.3049786951876,NA,MW,0.0017234207783195247,0.5212325990682144
UltraEdge,Colocation Datacenter,Datacenter,0.66,49.253185,1.177575,NA,MW,7.176729293627365e-4,0.4155754666095678
Node4,Colocation Datacenter,Datacenter,1.32,53.71447,-1.409266,NA,MW,0.0014360642500461567,0.49707249917727087
TDF,Colocation Datacenter,Datacenter,0.396,43.460696,5.324335,NA,MW,4.3031640108936856e-4,0.37692711334378215
Morgan Stanley,Self-build Datacenter,Datacenter,2.64,51.383967767872,-0.135824871540279,NA,MW,0.002872846891412997,0.5631704731174867
Koesio,Colocation Datacenter,Datacenter,0.132,44.889092,-0.607442,NA,MW,1.4295987281600058e-4,0.24754281120651617
Node4,Colocation Datacenter,Datacenter,0.66,52.916956,-1.449211,NA,MW,7.176729293627365e-4,0.4155754666095678
NorthC,Colocation Datacenter,Datacenter,6.2700000000000005,51.9529990370353,4.44785512803397,NA,MW,0.0068239991551718076,0.6409353607160034
Yondr,Colocation Datacenter,Datacenter,39.6,52.791819,5.028715,NA,MW,0.04310276084968452,0.7970459035014654
Barclays,Self-build Datacenter,Datacenter,3.96,51.863999826174,-2.2007939465887,NA,MW,0.0043096295327798365,0.6014333584057593
Hutchinson 3,Self-build Datacenter,Datacenter,0.66,51.7619649711583,-0.430297046690328,NA,MW,7.176729293627365e-4,0.4155754666095678
UltraEdge,Colocation Datacenter,Datacenter,2.64,45.722494,4.862987,NA,MW,0.002872846891412997,0.5631704731174867
Santander,Self-build Datacenter,Datacenter,0.264,40.4670737126105,-3.66014122951534,NA,MW,2.8663813695268463e-4,0.315989724875794
Morgan Stanley,Self-build Datacenter,Datacenter,2.64,51.4667466441659,-0.396052573797675,NA,MW,0.002872846891412997,0.5631704731174867
Digital Realty,Colocation Datacenter,Datacenter,3.5013,59.42095,17.914617,NA,MW,0.0038103475649048594,0.5966943507159038
Digital Realty,Colocation Datacenter,Datacenter,6.336,50.120352,8.738666,NA,MW,0.006895838287240149,0.6416773642125759
Eurofiber Cloud Infra,Colocation Datacenter,Datacenter,2.64,52.2904666837472,4.68674099156481,NA,MW,0.002872846891412997,0.5631704731174867
Equinix,Colocation Datacenter,Datacenter,6.930000000000001,45.4755161978274,9.03845031883453,NA,MW,0.007542390475855227,0.6564598479954593
Google,Self-build Datacenter,Datacenter,240.24,60.5378924365449,27.1165742765687,NA,MW,0.2614937223374442,0.9328666017821657
envia TEL,Colocation Datacenter,Datacenter,1.98,51.372962,12.473559,NA,MW,0.002154455570729577,0.5378026804166678
Equinix,Colocation Datacenter,Datacenter,2.9040000000000004,23.7268578886988,57.7945454526517,NA,MW,0.0031602034196863645,0.577333687100005
Hutchinson 3,Self-build Datacenter,Datacenter,0.33,51.7634769292726,-0.442901821987306,NA,MW,3.584772690210266e-4,0.33446925260026933
Soltia,Colocation Datacenter,Datacenter,0.792,40.4340659823731,-3.69343888010615,NA,MW,8.613511934994207e-4,0.45478548622291065
Node4,Colocation Datacenter,Datacenter,1.32,52.281699,-0.872145,NA,MW,0.0014360642500461567,0.49707249917727087
Cheops Technology,Colocation Datacenter,Datacenter,0.66,44.773368,-0.656936,NA,MW,7.176729293627365e-4,0.4155754666095678
Greenhouse,Colocation Datacenter,Datacenter,0.66,52.0012258698769,4.21077357913168,NA,MW,7.176729293627365e-4,0.4155754666095678
Vodafone,Self-build Datacenter,Datacenter,1.32,45.452423,9.117822,NA,MW,0.0014360642500461567,0.49707249917727087
Amazon Web Services,Self-build Datacenter,Datacenter,71.28,53.703911,-6.381571,NA,MW,0.07758554424248867,0.8416406217042192
Swisscom,Colocation Datacenter,Datacenter,5.28,47.392947,8.499679,NA,MW,0.0057464121741466765,0.6277315809533437
OVHcloud,Self-build Datacenter,Datacenter,1.32,48.586147,7.79757,NA,MW,0.0014360642500461567,0.49707249917727087
MasMovil Ibercom,Self-build Datacenter,Datacenter,0.264,40.513848,-3.673483,NA,MW,2.8663813695268463e-4,0.315989724875794
Retelit,Colocation Datacenter,Datacenter,2.64,45.475584,9.103738,NA,MW,0.002872846891412997,0.5631704731174867
OVHcloud,Self-build Datacenter,Datacenter,0.99,50.69121,3.200857,NA,MW,0.0010768685897044467,0.46920446292403056
CDLAN,Colocation Datacenter,Datacenter,1.98,45.4771798515546,9.10250272073193,NA,MW,0.002154455570729577,0.5378026804166678
CapitaLand Ascendas REIT Management Limited,Colocation Datacenter,Datacenter,1.584,52.333395,4.919125,NA,MW,0.0017234207783195247,0.5212325990682144
Grupalia Internet (GNET),Self-build Datacenter,Datacenter,0.264,40.437493,-3.627785,NA,MW,2.8663813695268463e-4,0.315989724875794
Teraco,Colocation Datacenter,Datacenter,19.14,-26.1371950552274,28.1993761404346,NA,MW,0.020832629908498497,0.7400461339198185
OVHcloud,Self-build Datacenter,Datacenter,0.66,50.6918405447267,3.19969487007548,NA,MW,7.176729293627365e-4,0.4155754666095678
Espacio Rack,Colocation Datacenter,Datacenter,0.33,40.396072,-3.795878,NA,MW,3.584772690210266e-4,0.33446925260026933
Milan Internet Exchange,Colocation Datacenter,Datacenter,0.6930000000000001,45.475821,9.103298,NA,MW,7.535924953969077e-4,0.45057560744630054
OVHcloud,Self-build Datacenter,Datacenter,1.3859999999999935,50.691644,3.19793,NA,MW,0.0015079033821144914,0.5171160524828473
Greenhouse,Colocation Datacenter,Datacenter,1.32,52.0013208776854,4.20938711110665,NA,MW,0.0014360642500461567,0.49707249917727087
Hispaweb,Self-build Datacenter,Datacenter,0.198,40.440281,-3.62498,NA,MW,2.1479900488434258e-4,0.2853188752906802
K2 Data Centres,Colocation Datacenter,Datacenter,11.88,53.4065,-6.358368,NA,MW,0.012930325380980877,0.6991736673911049
DARZ,Self-build Datacenter,Datacenter,3.3000000000000003,49.876936,8.642676,NA,MW,0.0035912382120964165,0.5864688078909632
BT Global Services,Self-build Datacenter,Datacenter,2.64,53.291817,-6.415438,NA,MW,0.002872846891412997,0.5631704731174867
DATAWIRE,Colocation Datacenter,Datacenter,0.33,47.186581,8.478989,NA,MW,3.584772690210266e-4,0.33446925260026933
Cheops Technology,Colocation Datacenter,Datacenter,0.66,44.835297,-0.526036,NA,MW,7.176729293627365e-4,0.4155754666095678
NTT Global Data Centers,Colocation Datacenter,Datacenter,15.84,51.757302014111,-0.429402047095778,NA,MW,0.017240673305081396,0.7248045581963534
Green Datacenter AG,Colocation Datacenter,Datacenter,23.1,47.4819942776392,8.46160999484013,NA,MW,0.025142977832599018,0.7552021174680965
Swisscom,Self-build Datacenter,Datacenter,0.198,47.365243,8.530357,NA,MW,2.1479900488434258e-4,0.2853188752906802
Datacenter Groningen,Colocation Datacenter,Datacenter,0.165,53.166837,6.864429,NA,MW,1.788794388501716e-4,0.27561916636419576
Amazon Web Services,Self-build Datacenter,Datacenter,95.7,53.4155391774636,-6.38096955053839,NA,MW,0.10416602310777522,0.868926051908517
Fibernet,Colocation Datacenter,Datacenter,0.33,40.593283,-3.709224,NA,MW,3.584772690210266e-4,0.33446925260026933
IBM,Self-build Datacenter,Datacenter,2.64,50.051252,8.524046,NA,MW,0.002872846891412997,0.5631704731174867
The Bunker,Colocation Datacenter,Datacenter,1.32,51.271023,1.295502,NA,MW,0.0014360642500461567,0.49707249917727087
OVHcloud,Self-build Datacenter,Datacenter,0.66,50.6928751998098,3.19924728534426,NA,MW,7.176729293627365e-4,0.4155754666095678
Lumen Technologies,Self-build Datacenter,Datacenter,0.46199999999999997,50.099685,8.634757,NA,MW,5.021555331577106e-4,0.3902747392171655
Teraco,Colocation Datacenter,Datacenter,32.868,-33.9072396148182,18.6789518457919,NA,MW,0.03577516937871363,0.7855966576964288
eTop,Self-build Datacenter,Datacenter,0.0792,52.194772,20.925431,NA,MW,8.548856716132698e-5,0.22301369796723533
Plus,Self-build Datacenter,Datacenter,0.66,52.111313,20.600526,NA,MW,7.176729293627365e-4,0.4155754666095678
LIM Data Center,Colocation Datacenter,Datacenter,0.82632,52.227684000000004,21.004429,NA,MW,8.987075421749586e-4,0.4625546202549737
Etix Everywhere,Colocation Datacenter,Datacenter,0.33,48.869591,2.347585,NA,MW,3.584772690210266e-4,0.33446925260026933
DXC Technology,Self-build Datacenter,Datacenter,2.64,54.8612988118222,-1.43441165282777,NA,MW,0.002872846891412997,0.5631704731174867
Seeweb,Colocation Datacenter,Datacenter,0.132,45.536572,9.218791,NA,MW,1.4295987281600058e-4,0.24754281120651617
Verizon,Self-build Datacenter,Datacenter,0.66,50.1008229258797,8.62868640383763,NA,MW,7.176729293627365e-4,0.4155754666095678
Aviva,Self-build Datacenter,Datacenter,9.9,52.6374695669877,1.37104319305109,NA,MW,0.010775151418930618,0.6833128712366293
root,Colocation Datacenter,Datacenter,0.33,49.670944,6.124954,NA,MW,3.584772690210266e-4,0.33446925260026933
Fastweb,Self-build Datacenter,Datacenter,0.66,45.4916763139066,9.15988796447691,NA,MW,7.176729293627365e-4,0.4155754666095678
FCT | FCCN,Self-build Datacenter,Datacenter,0.33,41.17794,-8.597688,NA,MW,3.584772690210266e-4,0.33446925260026933
EdgeConneX,Colocation Datacenter,Datacenter,32.868,52.2037996211514,20.8862535250999,NA,MW,0.03577516937871363,0.7855966576964288
EdgeConneX,Colocation Datacenter,Datacenter,18.48,52.186973421858,20.9377258867317,NA,MW,0.020114238587815077,0.7379844818409318
Amazon Web Services,Self-build Datacenter,Datacenter,24.288,41.7943006791232,-0.846047293432178,NA,MW,0.026436082209829175,0.7618767847458474
Amazon Web Services,Self-build Datacenter,Datacenter,24.288,42.10459,-0.450643,NA,MW,0.026436082209829175,0.7618767847458474
IBM,Self-build Datacenter,Datacenter,3.3000000000000003,40.453968,-3.505853,NA,MW,0.0035912382120964165,0.5864688078909632
T-Systems,Self-build Datacenter,Datacenter,0.33,54.8624437805461,-1.43259717648049,NA,MW,3.584772690210266e-4,0.33446925260026933
Equinix,Colocation Datacenter,Datacenter,15.84,48.146914916439,11.6822157457444,NA,MW,0.017240673305081396,0.7248045581963534
Visual Online,Colocation Datacenter,Datacenter,0.17622000000000002,49.595078,6.223373,NA,MW,1.9109209130178974e-4,0.28309135801994334
Tiscali,Colocation Datacenter,Datacenter,0.66,39.227927,9.069733,NA,MW,7.176729293627365e-4,0.4155754666095678
DXC Technology,Self-build Datacenter,Datacenter,5.28,54.6334578925655,-1.30994626768381,NA,MW,0.0057464121741466765,0.6277315809533437
FCT | FCCN,Self-build Datacenter,Datacenter,0.33,38.759346,-9.142334,NA,MW,3.584772690210266e-4,0.33446925260026933
Seeweb,Colocation Datacenter,Datacenter,0.132,41.6195215243083,13.3197894063117,NA,MW,1.4295987281600058e-4,0.24754281120651617
Digital Realty,Colocation Datacenter,Datacenter,14.520000000000001,48.9269934487265,2.39871179336267,NA,MW,0.015803890663714557,0.7206088212890822
Ericsson,Self-build Datacenter,Datacenter,5.94,59.563444,17.885454,NA,MW,0.006464803494830097,0.6344822178279486
Noovle,Colocation Datacenter,Datacenter,2.64,45.5041498665877,9.34904025185023,NA,MW,0.002872846891412997,0.5631704731174867
Iron Mountain,Colocation Datacenter,Datacenter,52.14,40.459135,-3.497706,NA,MW,0.056752195942669496,0.8177711969300131
Wiit,Self-build Datacenter,Datacenter,0.5445,45.4268464034276,9.20170584418551,NA,MW,5.91954448243138e-4,0.40734547109064545
Retelit,Colocation Datacenter,Datacenter,0.99,45.47642,9.10487,NA,MW,0.0010768685897044467,0.46920446292403056
Templus,Self-build Datacenter,Datacenter,6.6000000000000005,40.491726,-3.394202,NA,MW,0.007183194815513517,0.6455658398812243
Atos,Self-build Datacenter,Datacenter,0.99,45.476764,9.104251,NA,MW,0.0010768685897044467,0.46920446292403056
NTE,Self-build Datacenter,Datacenter,1.056,54.8617392665703,-1.42936116182053,NA,MW,0.0011487077217727888,0.48523303232781584
Amazon Web Services,Self-build Datacenter,Datacenter,19.8,53.295098,-6.366766,NA,MW,0.021551021229181917,0.742365222627286
Verizon,Colocation Datacenter,Datacenter,2.64,45.508892,9.076921,NA,MW,0.002872846891412997,0.5631704731174867
DXC Technology,Self-build Datacenter,Datacenter,2.244,51.8715410058267,-2.48577926926606,NA,MW,0.0024418120990029445,0.5541403024657828
Digital Realty,Colocation Datacenter,Datacenter,14.520000000000001,48.9281463122399,2.39879283550797,NA,MW,0.015803890663714557,0.7206088212890822
Seeweb,Colocation Datacenter,Datacenter,0.66,41.6327952372794,13.2712331774039,NA,MW,7.176729293627365e-4,0.4155754666095678
Verizon,Colocation Datacenter,Datacenter,0.7788,49.595332,6.217513,NA,MW,8.469833670857522e-4,0.4545454545454546
DXC Technology,Self-build Datacenter,Datacenter,0.33,52.02553903708,-0.679120759465746,NA,MW,3.584772690210266e-4,0.33446925260026933
Seeweb,Colocation Datacenter,Datacenter,0.33,45.477791,9.104881,NA,MW,3.584772690210266e-4,0.33446925260026933
Santander,Self-build Datacenter,Datacenter,5.28,43.3901693065477,-3.75394613566845,NA,MW,0.0057464121741466765,0.6277315809533437
Prescient Data Centres,Colocation Datacenter,Datacenter,2.97,55.153069,-6.685066,NA,MW,0.0032320425517547062,0.5784668419763419
Amazon Web Services,Self-build Datacenter,Datacenter,24.288,41.535157,-0.684196,NA,MW,0.026436082209829175,0.7618767847458474
Tiscali,Self-build Datacenter,Datacenter,0.198,45.476197,9.103883,NA,MW,2.1479900488434258e-4,0.2853188752906802
Exa Infrastructure,Self-build Datacenter,Datacenter,0.132,45.476389,9.104444,NA,MW,1.4295987281600058e-4,0.24754281120651617
Telnet,Self-build Datacenter,Datacenter,1.155,45.4776015645223,9.10341049948174,NA,MW,0.0012564664198753018,0.49109788158026263
KDDI Telehouse,Colocation Datacenter,Datacenter,11.88,51.507189,-0.003523,NA,MW,0.012930325380980877,0.6991736673911049
Vodafone,Self-build Datacenter,Datacenter,0.528,40.466446,-3.803453,NA,MW,5.739946652260526e-4,0.4001521973645303
Luxembourg Space Agency,Self-build Datacenter,Datacenter,0.66,49.613518,6.127431,NA,MW,7.176729293627365e-4,0.4155754666095678
Sungard Availability Services,Self-build Datacenter,Datacenter,0.09240000000000001,49.637893,6.270858,NA,MW,9.985639357499539e-5,0.2289562776030639
Rabobank,Self-build Datacenter,Datacenter,4.29,51.575149,5.323206,NA,MW,0.004668825193121546,0.6108080250133169
RENTELECOM,Self-build Datacenter,Datacenter,0.33,38.748831,-9.137491,NA,MW,3.584772690210266e-4,0.33446925260026933
RENTELECOM,Self-build Datacenter,Datacenter,0.33,38.784209,-9.102687,NA,MW,3.584772690210266e-4,0.33446925260026933
TDF,Self-build Datacenter,Datacenter,0.198,46.376763,6.866749,NA,MW,2.1479900488434258e-4,0.2853188752906802
Altice Portugal,Self-build Datacenter,Datacenter,0.7260000000000001,38.758286,-9.185866,NA,MW,7.895120614310788e-4,0.45081672041396315
NESSUS,Colocation Datacenter,Datacenter,0.5808,48.178124,16.364967,NA,MW,6.314659708807262e-4,0.4091581080820858
Acens,Self-build Datacenter,Datacenter,0.99,40.526519,-3.660862,NA,MW,0.0010768685897044467,0.46920446292403056
Swisscom,Colocation Datacenter,Datacenter,0.33,46.520352,6.623516,NA,MW,3.584772690210266e-4,0.33446925260026933
Altice Portugal,Self-build Datacenter,Datacenter,0.264,41.163535,-8.639022,NA,MW,2.8663813695268463e-4,0.315989724875794
Datacenter United,Colocation Datacenter,Datacenter,0.066,51.264069,4.399498,NA,MW,7.112074074765859e-5,0.1721534085159869
IBM,Self-build Datacenter,Datacenter,0.42900000000000005,46.220431,6.066381,NA,MW,4.6623596712353963e-4,0.3872896907487881
CrÃ©dit Agricole,Self-build Datacenter,Datacenter,1.6500000000000001,48.450928,1.438023,NA,MW,0.0017952599103878667,0.5253577947705927
CERN,Self-build Datacenter,Datacenter,2.244,46.232535,6.045938,NA,MW,0.0024418120990029445,0.5541403024657828
IP Telecom,Colocation Datacenter,Datacenter,0.33,38.766452,-9.098968,NA,MW,3.584772690210266e-4,0.33446925260026933
Enagas,Self-build Datacenter,Datacenter,0.132,41.619762,-1.038907,NA,MW,1.4295987281600058e-4,0.24754281120651617
Nexica | Econocom,Colocation Datacenter,Datacenter,0.33,40.466786,-3.671636,NA,MW,3.584772690210266e-4,0.33446925260026933
Rabobank,Self-build Datacenter,Datacenter,5.28,51.488508,5.39839,NA,MW,0.0057464121741466765,0.6277315809533437
RENTELECOM,Colocation Datacenter,Datacenter,1.056,41.403736,-8.391656,NA,MW,0.0011487077217727888,0.48523303232781584
BME Market Data,Self-build Datacenter,Datacenter,0.528,40.480754,-3.853729,NA,MW,5.739946652260526e-4,0.4001521973645303
Amadeus,Self-build Datacenter,Datacenter,3.3000000000000003,48.277205,11.897173,NA,MW,0.0035912382120964165,0.5864688078909632
MasMovil Ibercom,Self-build Datacenter,Datacenter,0.46199999999999997,43.297466,-2.008781,NA,MW,5.021555331577106e-4,0.3902747392171655
IP Telecom,Colocation Datacenter,Datacenter,0.33,41.158307,-8.62978,NA,MW,3.584772690210266e-4,0.33446925260026933
CrÃ©dit Agricole,Self-build Datacenter,Datacenter,1.6500000000000001,48.47049,1.32696,NA,MW,0.0017952599103878667,0.5253577947705927
BMW,Self-build Datacenter,Datacenter,1.98,48.197628,11.565568,NA,MW,0.002154455570729577,0.5378026804166678
Datacenter United,Colocation Datacenter,Datacenter,5.28,50.911776,4.423388,NA,MW,0.0057464121741466765,0.6277315809533437
Orange,Self-build Datacenter,Datacenter,0.66,43.4500274076149,-3.83279111534051,NA,MW,7.176729293627365e-4,0.4155754666095678
Proximus,Self-build Datacenter,Datacenter,0.132,50.853225,4.358686,NA,MW,1.4295987281600058e-4,0.24754281120651617
Iliad,Self-build Datacenter,Datacenter,1.98,48.9256189605107,2.22346918868582,NA,MW,0.002154455570729577,0.5378026804166678
Orange,Self-build Datacenter,Datacenter,0.66,50.876036,4.414221,NA,MW,7.176729293627365e-4,0.4155754666095678
Mediacloud,Self-build Datacenter,Datacenter,0.33,40.397898,-3.790831,NA,MW,3.584772690210266e-4,0.33446925260026933
Lumen Technologies,Self-build Datacenter,Datacenter,0.33,51.511269,-0.0691,NA,MW,3.584772690210266e-4,0.33446925260026933
Verizon,Self-build Datacenter,Datacenter,0.198,50.884472,4.451661,NA,MW,2.1479900488434258e-4,0.2853188752906802
Docalia,Self-build Datacenter,Datacenter,0.528,40.533263,-3.662399,NA,MW,5.739946652260526e-4,0.4001521973645303
Alpine DC,Colocation Datacenter,Datacenter,0.132,46.5459206590293,6.57456699274121,NA,MW,1.4295987281600058e-4,0.24754281120651617
Swisscom,Colocation Datacenter,Datacenter,0.8580000000000001,46.218336,6.141727,NA,MW,9.331903255677627e-4,0.46326887931108013
Orange,Self-build Datacenter,Datacenter,0.99,51.1783572827873,4.33412454893985,NA,MW,0.0010768685897044467,0.46920446292403056
IP Telecom,Colocation Datacenter,Datacenter,0.33,40.662016,-7.910651,NA,MW,3.584772690210266e-4,0.33446925260026933
Lumen Technologies,Colocation Datacenter,Datacenter,0.198,51.264054,4.403279,NA,MW,2.1479900488434258e-4,0.2853188752906802
NOS Sistemas,Self-build Datacenter,Datacenter,0.5939999999999994,38.725171,-9.230774,NA,MW,6.458337972943939e-4,0.40941647499946593
Orange,Self-build Datacenter,Datacenter,0.46199999999999997,50.872767,4.416553,NA,MW,5.021555331577106e-4,0.3902747392171655
RENTELECOM,Colocation Datacenter,Datacenter,0.33,41.204094,-8.55554,NA,MW,3.584772690210266e-4,0.33446925260026933
BNP Paribas,Self-build Datacenter,Datacenter,0.264,50.881414,4.432915,NA,MW,2.8663813695268463e-4,0.315989724875794
NOS Sistemas,Self-build Datacenter,Datacenter,0.66,38.7259755162951,-9.23038711746724,NA,MW,7.176729293627365e-4,0.4155754666095678
SwissCenter,Self-build Datacenter,Datacenter,0.33,46.536875,6.617558,NA,MW,3.584772690210266e-4,0.33446925260026933
Eni,Self-build Datacenter,Datacenter,3.96,45.099319,8.860883,NA,MW,0.0043096295327798365,0.6014333584057593
Orange,Self-build Datacenter,Datacenter,0.198,50.877704,4.503513,NA,MW,2.1479900488434258e-4,0.2853188752906802
Infomaniak,Colocation Datacenter,Datacenter,0.66,46.1972767641631,6.04964050782592,NA,MW,7.176729293627365e-4,0.4155754666095678
Ar Telecom,Self-build Datacenter,Datacenter,0.99,38.702697,-9.169011,NA,MW,0.0010768685897044467,0.46920446292403056
Bahnhof,Colocation Datacenter,Datacenter,0.33,59.347497,18.039252,NA,MW,3.584772690210266e-4,0.33446925260026933
Orange,Colocation Datacenter,Datacenter,6.6000000000000005,59.926712,10.942232,NA,MW,0.007183194815513517,0.6455658398812243
Lumen Technologies,Colocation Datacenter,Datacenter,0.198,59.926454,10.79972,NA,MW,2.1479900488434258e-4,0.2853188752906802
Tet,Colocation Datacenter,Datacenter,0.66,56.951266,24.123798,NA,MW,7.176729293627365e-4,0.4155754666095678
Borealis Data Center,Colocation Datacenter,Datacenter,42.174,65.647105,-20.24309,NA,MW,0.04590448700034986,0.8010791759466553
atNorth,Colocation Datacenter,Datacenter,7.92,59.415581,17.929417,NA,MW,0.008619977456880357,0.66263248323203
CloudHosting,Colocation Datacenter,Datacenter,0.066,56.969824,24.159374,NA,MW,7.112074074765859e-5,0.1721534085159869
Verne Global,Colocation Datacenter,Datacenter,77.88000000000001,63.9773993924573,-22.5756961030791,NA,MW,0.08476945744932288,0.8494710335066711
Bahnhof,Colocation Datacenter,Datacenter,0.4752,59.337085,18.064073,NA,MW,5.165233595713789e-4,0.3947095483879246
Servercentralen,Colocation Datacenter,Datacenter,0.132,59.353531,17.975873,NA,MW,1.4295987281600058e-4,0.24754281120651617
CapMan Infra,Colocation Datacenter,Datacenter,2.64,59.335117,18.071282,NA,MW,0.002872846891412997,0.5631704731174867
High Sec Hosting,Colocation Datacenter,Datacenter,0.099,59.317558,18.063845,NA,MW,1.0704030678182957e-4,0.23061307124173125
GleSYS,Colocation Datacenter,Datacenter,0.792,56.89811,12.472548,NA,MW,8.613511934994207e-4,0.45478548622291065
Teracom,Self-build Datacenter,Datacenter,0.066,59.337959,18.008605,NA,MW,7.112074074765859e-5,0.1721534085159869
Tet,Colocation Datacenter,Datacenter,0.264,56.951269,24.123958,NA,MW,2.8663813695268463e-4,0.315989724875794
DELSKA,Colocation Datacenter,Datacenter,0.264,56.956711,24.154595,NA,MW,2.8663813695268463e-4,0.315989724875794
Atos,Self-build Datacenter,Datacenter,0.792,48.1880917,16.4179564,NA,MW,8.613511934994207e-4,0.45478548622291065
Conapto,Colocation Datacenter,Datacenter,2.97,59.448599,17.956552,NA,MW,0.0032320425517547062,0.5784668419763419
Orange,Colocation Datacenter,Datacenter,2.64,59.94722,10.768325,NA,MW,0.002872846891412997,0.5631704731174867
CapMan Infra,Colocation Datacenter,Datacenter,0.627,65.265923,21.38409,NA,MW,6.817533633285656e-4,0.4139151427193124
Videnca,Colocation Datacenter,Datacenter,0.33,59.327113,18.016071,NA,MW,3.584772690210266e-4,0.33446925260026933
Borealis Data Center,Colocation Datacenter,Datacenter,6.6000000000000005,63.961536,-22.534886,NA,MW,0.007183194815513517,0.6455658398812243
Verizon,Self-build Datacenter,Datacenter,1.32,59.387719,17.886071,NA,MW,0.0014360642500461567,0.49707249917727087
Bahnhof,Colocation Datacenter,Datacenter,0.528,59.312388,18.085512,NA,MW,5.739946652260526e-4,0.4001521973645303
AlphaHost.lv,Colocation Datacenter,Datacenter,0.066,56.940646,24.126268,NA,MW,7.112074074765859e-5,0.1721534085159869
Telia,Self-build Datacenter,Datacenter,0.026400000000000003,59.313262,18.022967,NA,MW,2.801726150665338e-5,0.11210370132470486
Tet,Colocation Datacenter,Datacenter,0.56364,56.961465,24.020861,NA,MW,6.127877965429573e-4,0.4086409411655789
Borealis Data Center,Colocation Datacenter,Datacenter,0.66,64.145558782479,-21.7534516143986,NA,MW,7.176729293627365e-4,0.4155754666095678
GleSYS,Colocation Datacenter,Datacenter,0.264,59.289727,18.016731,NA,MW,2.8663813695268463e-4,0.315989724875794
Datason,Self-build Datacenter,Datacenter,0.033,59.235483,17.834894,NA,MW,3.5201174713487585e-5,0.12072065583645451
Versija,Colocation Datacenter,Datacenter,0.0825,56.952704,24.12245,NA,MW,8.908052376474408e-5,0.22728166433812882
Tet,Colocation Datacenter,Datacenter,0.165,56.938638,24.206166,NA,MW,1.788794388501716e-4,0.27561916636419576
Genesis Digital Assets,Self-build Datacenter,Datacenter,5.28,66.967209,19.834683,NA,MW,0.0057464121741466765,0.6277315809533437
IBM,Self-build Datacenter,Datacenter,0.132,59.405888,17.95377,NA,MW,1.4295987281600058e-4,0.24754281120651617
Tet,Colocation Datacenter,Datacenter,0.165,56.978148,24.183741,NA,MW,1.788794388501716e-4,0.27561916636419576
T-Systems,Self-build Datacenter,Datacenter,1.0296,48.18648,16.40343,NA,MW,0.0011199720689454519,0.48499821693331
Conapto,Colocation Datacenter,Datacenter,1.8479999999999999,59.2835120454157,17.9267894081985,NA,MW,0.0020107773065928926,0.5353039393158621
DELSKA,Colocation Datacenter,Datacenter,1.6500000000000001,56.889291,24.231806,NA,MW,0.0017952599103878667,0.5253577947705927
Atos,Self-build Datacenter,Datacenter,0.99,48.2669,16.42539,NA,MW,0.0010768685897044467,0.46920446292403056
Bolooba,Colocation Datacenter,Datacenter,2.64,63.187936,17.072146,NA,MW,0.002872846891412997,0.5631704731174867
CapMan Infra,Colocation Datacenter,Datacenter,0.6929999999999935,65.336316,21.423449,NA,MW,7.535924953969006e-4,0.45045502520038033
LVRTC,Colocation Datacenter,Datacenter,0.66,56.923894,24.136943,NA,MW,7.176729293627365e-4,0.4155754666095678
Bahnhof,Colocation Datacenter,Datacenter,0.132,55.600104,13.003029,NA,MW,1.4295987281600058e-4,0.24754281120651617
Digita Data Centers,Colocation Datacenter,Datacenter,0.33,60.204638,24.923104,NA,MW,3.584772690210266e-4,0.33446925260026933
Telia,Self-build Datacenter,Datacenter,0.033,59.164896,18.134714,NA,MW,3.5201174713487585e-5,0.12072065583645451
Ericsson,Self-build Datacenter,Datacenter,1.32,60.130741,24.514016,NA,MW,0.0014360642500461567,0.49707249917727087
Marsh,Self-build Datacenter,Datacenter,0.44880000000000003,50.7144814261148,-3.47253746477221,NA,MW,4.8778770674404225e-4,0.3898690609399489
Telia,Self-build Datacenter,Datacenter,0.033,59.401294,24.699843,NA,MW,3.5201174713487585e-5,0.12072065583645451
Levira,Colocation Datacenter,Datacenter,0.198,59.471139,24.887396,NA,MW,2.1479900488434258e-4,0.2853188752906802
RBS,Self-build Datacenter,Datacenter,6.6000000000000005,55.9449842931065,-2.90108740042961,NA,MW,0.007183194815513517,0.6455658398812243
31173 Services,Colocation Datacenter,Datacenter,0.066,55.598457,13.037534,NA,MW,7.112074074765859e-5,0.1721534085159869
Goldman Sachs,Self-build Datacenter,Datacenter,5.28,51.1354352081689,-0.042029575979711,NA,MW,0.0057464121741466765,0.6277315809533437
Fujitsu,Self-build Datacenter,Datacenter,0.066,59.911424,10.811472,NA,MW,7.112074074765859e-5,0.1721534085159869
Infonet DC,Colocation Datacenter,Datacenter,1.01376,59.457463,24.693081,NA,MW,0.00110273067724905,0.4845285262867215
Data Logistics Center,Colocation Datacenter,Datacenter,2.4816,54.611622,25.11941,NA,MW,0.002700432974448976,0.5616982017534894
Obehosting,Colocation Datacenter,Datacenter,1.32,59.40919,17.949169,NA,MW,0.0014360642500461567,0.49707249917727087
CITIC Telecom International,Self-build Datacenter,Datacenter,0.23099999999999998,59.437439,24.708333,NA,MW,2.5071857091851356e-4,0.3101542499938824
TalkTalk,Self-build Datacenter,Datacenter,0.7656,52.0586929223945,-0.766481860371528,NA,MW,8.326155406720838e-4,0.4541852893526274
Kao Data,Colocation Datacenter,Datacenter,2.64,51.5453310364359,-0.363941773040835,NA,MW,0.002872846891412997,0.5631704731174867
Telia,Colocation Datacenter,Datacenter,0.7260000000000001,60.153803,24.883091,NA,MW,7.895120614310788e-4,0.45081672041396315
WaveCom,Colocation Datacenter,Datacenter,0.099,59.429335,24.731178,NA,MW,1.0704030678182957e-4,0.23061307124173125
31173 Services,Colocation Datacenter,Datacenter,0.066,56.044571,12.698347,NA,MW,7.112074074765859e-5,0.1721534085159869
LU MII,Self-build Datacenter,Datacenter,0.066,56.948574,24.118208,NA,MW,7.112074074765859e-5,0.1721534085159869
Junet,Colocation Datacenter,Datacenter,0.066,57.787092,14.262251,NA,MW,7.112074074765859e-5,0.1721534085159869
Atos,Self-build Datacenter,Datacenter,3.168,51.2130491933856,-1.47924849459678,NA,MW,0.003447559947959732,0.5832783197914386
Astrec Data,Colocation Datacenter,Datacenter,0.33,59.352722,27.413151,NA,MW,3.584772690210266e-4,0.33446925260026933
Baltneta,Colocation Datacenter,Datacenter,1.10352,54.6373521131521,25.30683277387,NA,MW,0.001200431896861995,0.48898763485457003
Lefdal Mine Datacenter,Colocation Datacenter,Datacenter,132,61.932101,5.505887,NA,MW,0.14367754574536332,0.8917559585146559
Telia,Colocation Datacenter,Datacenter,0.132,56.977225,24.188304,NA,MW,1.4295987281600058e-4,0.24754281120651617
Oulun DataCenter,Colocation Datacenter,Datacenter,0.0792,65.062356,25.438044,NA,MW,8.548856716132698e-5,0.22301369796723533
TalkTalk,Self-build Datacenter,Datacenter,0.43560000000000004,52.4791577754406,-1.87856148216999,NA,MW,4.734198803303738e-4,0.3886494397029038
Nano IT,Colocation Datacenter,Datacenter,0.066,56.920935,24.169771,NA,MW,7.112074074765859e-5,0.1721534085159869
HSBC,Self-build Datacenter,Datacenter,1.98,53.4890498543048,-1.49214750562768,NA,MW,0.002154455570729577,0.5378026804166678
Hostline,Self-build Datacenter,Datacenter,0.4026,54.648789,25.273529,NA,MW,4.375003142962028e-4,0.3860616893507834
DNA,Colocation Datacenter,Datacenter,0.33,60.219838,24.942614,NA,MW,3.584772690210266e-4,0.33446925260026933
RETN,Colocation Datacenter,Datacenter,0.165,56.948463,24.201075,NA,MW,1.788794388501716e-4,0.27561916636419576
CSC,Self-build Datacenter,Datacenter,1.6500000000000001,64.2313618456916,27.6921242503651,NA,MW,0.0017952599103878667,0.5253577947705927
RBS,Self-build Datacenter,Datacenter,3.3000000000000003,55.8942986194452,-3.08639849037237,NA,MW,0.0035912382120964165,0.5864688078909632
Virgin Media,Self-build Datacenter,Datacenter,0.396,53.3989672640372,-2.29485381360081,NA,MW,4.3031640108936856e-4,0.37692711334378215
Unisys,Self-build Datacenter,Datacenter,0.264,52.0515246677199,-0.711828757618974,NA,MW,2.8663813695268463e-4,0.315989724875794
Elisa,Colocation Datacenter,Datacenter,0.33,60.21354,24.811186,NA,MW,3.584772690210266e-4,0.33446925260026933
DELSKA,Colocation Datacenter,Datacenter,1.09626,54.677329,25.26675,NA,MW,0.0011925295923344774,0.48887036649626087
Elisa,Colocation Datacenter,Datacenter,6.6000000000000005,60.178502,24.798193,NA,MW,0.007183194815513517,0.6455658398812243
Datalahti,Colocation Datacenter,Datacenter,0.7260000000000001,60.197057,24.948316,NA,MW,7.895120614310788e-4,0.45081672041396315
Cygrids,Colocation Datacenter,Datacenter,0.33,55.832137,13.325,NA,MW,3.584772690210266e-4,0.33446925260026933
Optinet,Colocation Datacenter,Datacenter,0.528,57.740438,12.091261,NA,MW,5.739946652260526e-4,0.4001521973645303
American Express,Self-build Datacenter,Datacenter,0.99,50.8236198189353,-0.133090313193577,NA,MW,0.0010768685897044467,0.46920446292403056
Unisys,Self-build Datacenter,Datacenter,0.132,57.92732,12.560839,NA,MW,1.4295987281600058e-4,0.24754281120651617
Telia,Colocation Datacenter,Datacenter,0.1551,59.928427,10.811711,NA,MW,1.6810356903992029e-4,0.2732769112298626
Excellent Hosting,Colocation Datacenter,Datacenter,0.066,55.583734,12.996661,NA,MW,7.112074074765859e-5,0.1721534085159869
Santander,Self-build Datacenter,Datacenter,2.64,52.0172022650338,-0.78797350150009,NA,MW,0.002872846891412997,0.5631704731174867
Oulun DataCenter,Colocation Datacenter,Datacenter,0.264,65.058967,25.439424,NA,MW,2.8663813695268463e-4,0.315989724875794
ING TÃ¼rkiye,Self-build Datacenter,Datacenter,0.66,41.108135,29.01647,NA,MW,7.176729293627365e-4,0.4155754666095678
Africa Data Centres,Colocation Datacenter,Datacenter,23.1,-26.074192,28.046008,NA,MW,0.025142977832599018,0.7552021174680965
Premier DC,Colocation Datacenter,Datacenter,1.32,41.037588,28.932391,NA,MW,0.0014360642500461567,0.49707249917727087
Akbank,Self-build Datacenter,Datacenter,2.5146,40.8711042627721,29.3884662760835,NA,MW,0.002736352540483147,0.5623112556980873
Vodafone,Self-build Datacenter,Datacenter,1.2375,41.0482511883041,28.6701492893841,NA,MW,0.0013462653349607292,0.49601848291135214
Vodafone,Self-build Datacenter,Datacenter,0.99,40.888068,29.392671,NA,MW,0.0010768685897044467,0.46920446292403056
TÃ¼rkiye Ä°ÅŸ BankasÄ±,Self-build Datacenter,Datacenter,3.96,40.891709,29.386037,NA,MW,0.0043096295327798365,0.6014333584057593
Dimension Data,Self-build Datacenter,Datacenter,2.31,-26.146602,28.036776,NA,MW,0.0025136512310712867,0.5553540616822411
Borsa Ä°stanbul,Self-build Datacenter,Datacenter,0.66,41.110042,29.038544,NA,MW,7.176729293627365e-4,0.4155754666095678
Telia,Colocation Datacenter,Datacenter,0.264,54.723858,25.297547,NA,MW,2.8663813695268463e-4,0.315989724875794
xneelo,Self-build Datacenter,Datacenter,0.99,-25.927344,28.142023,NA,MW,0.0010768685897044467,0.46920446292403056
Radore,Colocation Datacenter,Datacenter,1.056,41.0758531074027,29.0133441688961,NA,MW,0.0011487077217727888,0.48523303232781584
Natro Hosting,Self-build Datacenter,Datacenter,0.46199999999999997,41.0701912023424,29.0044220350009,NA,MW,5.021555331577106e-4,0.3902747392171655
Halkbank,Self-build Datacenter,Datacenter,1.32,40.848228,29.406149,NA,MW,0.0014360642500461567,0.49707249917727087
Dimension Data,Self-build Datacenter,Datacenter,0.66,-26.042361,28.02383,NA,MW,7.176729293627365e-4,0.4155754666095678
VakÄ±fBank,Self-build Datacenter,Datacenter,0.66,41.032703,29.112906,NA,MW,7.176729293627365e-4,0.4155754666095678
Teraco,Colocation Datacenter,Datacenter,33,-26.0242006201983,28.2698527784329,NA,MW,0.03591884764285032,0.7862093600561548
TurkNet,Self-build Datacenter,Datacenter,0.198,41.067835,29.00499,NA,MW,2.1479900488434258e-4,0.2853188752906802
Dimension Data,Self-build Datacenter,Datacenter,0.9239999999999999,-26.090146,27.983681,NA,MW,0.0010050294576361045,0.46624023411972476
IBM,Self-build Datacenter,Datacenter,2.64,41.080489136118,29.0125620469511,NA,MW,0.002872846891412997,0.5631704731174867
YapÄ± Kredi,Self-build Datacenter,Datacenter,0.99,40.837092,29.413057,NA,MW,0.0010768685897044467,0.46920446292403056
Sparkle,Colocation Datacenter,Datacenter,1.32,40.993537,28.827096,NA,MW,0.0014360642500461567,0.49707249917727087
Ä°sttelkom,Colocation Datacenter,Datacenter,0.66,41.107235,28.801334,NA,MW,7.176729293627365e-4,0.4155754666095678
DGN Teknoloji,Self-build Datacenter,Datacenter,0.33,40.267927,29.088315,NA,MW,3.584772690210266e-4,0.33446925260026933
Netdirekt,Self-build Datacenter,Datacenter,0.5082,38.424671,27.234753,NA,MW,5.5244292560555e-4,0.3992280194689741
NTT Global Data Centers,Colocation Datacenter,Datacenter,4.158,40.500264,-3.890268,NA,MW,0.004525146928984862,0.6097252607828345
Datema Bilisim,Colocation Datacenter,Datacenter,1.6500000000000001,41.0998090206573,28.771789493507,NA,MW,0.0017952599103878667,0.5253577947705927
Vodacom,Self-build Datacenter,Datacenter,0.66,-25.9718325320387,28.125699751042202,NA,MW,7.176729293627365e-4,0.4155754666095678
TURKCELL,Colocation Datacenter,Datacenter,10.296,39.808132,32.377797,NA,MW,0.011206186211340669,0.6877065083045039
IGA HavalimanÄ± Ä°ÅŸletmesi,Self-build Datacenter,Datacenter,0.46199999999999997,41.260489,28.745092,NA,MW,5.021555331577106e-4,0.3902747392171655
TURKCELL,Colocation Datacenter,Datacenter,5.94,41.26337,27.927078,NA,MW,0.006464803494830097,0.6344822178279486
Ziraat BankasÄ±,Self-build Datacenter,Datacenter,1.122,41.049672,28.667212,NA,MW,0.0012205468538411307,0.48922216070846786
IBM,Self-build Datacenter,Datacenter,0.66,38.44697,27.175937,NA,MW,7.176729293627365e-4,0.4155754666095678
Digital Parks Africa,Colocation Datacenter,Datacenter,7.92,-25.927025,28.152497,NA,MW,0.008619977456880357,0.66263248323203
KKB Kredi KayÄ±t BÃ¼rosu,Self-build Datacenter,Datacenter,7.92,39.796265,32.423647,NA,MW,0.008619977456880357,0.66263248323203
TURKCELL,Colocation Datacenter,Datacenter,2.64,38.20166,27.206245,NA,MW,0.002872846891412997,0.5631704731174867
itself,Self-build Datacenter,Datacenter,0.66,49.2058042694379,16.6618334183845,NA,MW,7.176729293627365e-4,0.4155754666095678
Bouygues Telecom,Self-build Datacenter,Datacenter,1.32,48.794446,2.035832,NA,MW,0.0014360642500461567,0.49707249917727087
o2 Czech,Self-build Datacenter,Datacenter,1.32,50.0837873267619,14.4806420655799,NA,MW,0.0014360642500461567,0.49707249917727087
Bouygues Telecom,Self-build Datacenter,Datacenter,0.33,48.76929,2.227553,NA,MW,3.584772690210266e-4,0.33446925260026933
eHosting DataFort,Colocation Datacenter,Datacenter,0.132,25.0938607709558,55.159058182219,NA,MW,1.4295987281600058e-4,0.24754281120651617
HSBC,Self-build Datacenter,Datacenter,7.92,53.7034474114499,-1.37699263751415,NA,MW,0.008619977456880357,0.66263248323203
o2 Czech,Self-build Datacenter,Datacenter,1.32,50.049576639742,14.3306557646003,NA,MW,0.0014360642500461567,0.49707249917727087
Faster.CZ,Self-build Datacenter,Datacenter,0.528,49.2163797599055,16.6594476813741,NA,MW,5.739946652260526e-4,0.4001521973645303
NGN,Colocation Datacenter,Datacenter,5.28,40.8911899505156,29.402670978578,NA,MW,0.0057464121741466765,0.6277315809533437
Garanti BBVA,Self-build Datacenter,Datacenter,1.32,40.868281,29.277081,NA,MW,0.0014360642500461567,0.49707249917727087
du,Self-build Datacenter,Datacenter,0.43560000000000004,25.1809179331463,55.2771080587843,NA,MW,4.734198803303738e-4,0.3886494397029038
TTC Teleport,Colocation Datacenter,Datacenter,3.5640000000000005,50.0805699861355,14.5213579480184,NA,MW,0.0038785947403697845,0.5969562584597177
MasterDC,Self-build Datacenter,Datacenter,1.056,49.1968471404422,16.6186750471472,NA,MW,0.0011487077217727888,0.48523303232781584
itself,Self-build Datacenter,Datacenter,0.099,49.8298404187722,18.2659658552839,NA,MW,1.0704030678182957e-4,0.23061307124173125
Redcentric,Colocation Datacenter,Datacenter,1.32,51.132481,-0.175689,NA,MW,0.0014360642500461567,0.49707249917727087
Etisalat by e&,Self-build Datacenter,Datacenter,0.4752,25.2310797772029,55.2917102603341,NA,MW,5.165233595713789e-4,0.3947095483879246
o2 Czech,Self-build Datacenter,Datacenter,0.66,50.2182055388759,15.8286600515225,NA,MW,7.176729293627365e-4,0.4155754666095678
Bouygues Telecom,Self-build Datacenter,Datacenter,0.66,48.731066,2.165528,NA,MW,7.176729293627365e-4,0.4155754666095678
Khazna Data Centers,Self-build Datacenter,Datacenter,0.40392,25.22661543989,55.2819541460056,NA,MW,4.389370969375696e-4,0.38619833399149844
Equinix,Colocation Datacenter,Datacenter,15.84,53.507101,-2.305178,NA,MW,0.017240673305081396,0.7248045581963534
T-Systems Pragonet,Self-build Datacenter,Datacenter,0.33,50.062114,14.426496,NA,MW,3.584772690210266e-4,0.33446925260026933
Khazna Data Centers,Self-build Datacenter,Datacenter,0.57024,25.2819496412581,55.3329547066755,NA,MW,6.199717097497915e-4,0.40889959699231554
ServerFarm,Colocation Datacenter,Datacenter,6.930000000000001,51.446699,-0.454209,NA,MW,0.007542390475855227,0.6564598479954593
Dubai Health Authority,Self-build Datacenter,Datacenter,0.132,25.2233085338979,55.3178787942072,NA,MW,1.4295987281600058e-4,0.24754281120651617
Khazna Data Centers,Colocation Datacenter,Datacenter,9.702,24.4128377032399,54.5673687754289,NA,MW,0.01055963402272559,0.6831388453218603
Khazna Data Centers,Colocation Datacenter,Datacenter,2.64,24.219301363074,55.7585079561523,NA,MW,0.002872846891412997,0.5631704731174867
Khazna Data Centers,Colocation Datacenter,Datacenter,9.9,24.4189390831684,54.621504273863,NA,MW,0.010775151418930618,0.6833128712366293
itself,Self-build Datacenter,Datacenter,0.23099999999999998,49.0903740591548,16.3561866899063,NA,MW,2.5071857091851356e-4,0.3101542499938824
Etisalat by e&,Colocation Datacenter,Datacenter,3.8808000000000002,24.9167416298947,55.0664599797312,NA,MW,0.0042234225742978256,0.6009041722924741
MasterDC,Self-build Datacenter,Datacenter,1.155,50.0696587073506,14.4629682561383,NA,MW,0.0012564664198753018,0.49109788158026263
CRA,Colocation Datacenter,Datacenter,0.132,48.8289622705351,17.0605628329816,NA,MW,1.4295987281600058e-4,0.24754281120651617
Dubai International Financial Centre,Self-build Datacenter,Datacenter,0.7405199999999934,25.2142445123904,55.2809457193627,NA,MW,8.053166704861067e-4,0.4534645308399824
Morohub,Colocation Datacenter,Datacenter,1.98,25.065620002456,55.1303895116882,NA,MW,0.002154455570729577,0.5378026804166678
Dubai Silicon Oasis Authority,Colocation Datacenter,Datacenter,0.1584,25.1248010000142,55.3808352884755,NA,MW,1.7169552564333737e-4,0.27349104264133217
o2 Czech,Self-build Datacenter,Datacenter,1.518,50.0252221039781,14.5035542859855,NA,MW,0.0016515816462511826,0.5199379760614532
Etisalat by e&,Self-build Datacenter,Datacenter,0.99,25.2399275638177,55.3082443302288,NA,MW,0.0010768685897044467,0.46920446292403056
Injazat,Colocation Datacenter,Datacenter,1.1880000000000002,24.3176055411149,54.5547077576751,NA,MW,0.0012923859859094728,0.49273851559360243
Khazna Data Centers,Colocation Datacenter,Datacenter,11.088000000000001,25.174771825595,55.3182595645698,NA,MW,0.012068255796160773,0.6954683990675867
SYNOT ICT Services,Self-build Datacenter,Datacenter,0.5939999999999994,49.0776393724745,17.483388934326,NA,MW,6.458337972943939e-4,0.40941647499946593
SafeDX,Colocation Datacenter,Datacenter,0.792,50.098933,14.495439,NA,MW,8.613511934994207e-4,0.45478548622291065
Khazna Data Centers,Colocation Datacenter,Datacenter,8.448,25.0282758314178,55.1202475531143,NA,MW,0.009194690513427094,0.6709306834690454
TTC Teleport,Colocation Datacenter,Datacenter,1.0559999999999936,50.0818619076256,14.5336660203259,NA,MW,0.0011487077217727816,0.4851156270919335
aql,Colocation Datacenter,Datacenter,0.66,53.7855425571728,-1.54434828039664,NA,MW,7.176729293627365e-4,0.4155754666095678
ADNOC,Self-build Datacenter,Datacenter,0.066,24.4618872908643,54.3242178643867,NA,MW,7.112074074765859e-5,0.1721534085159869
Equinix,Colocation Datacenter,Datacenter,17.688000000000002,50.0985244549485,8.58568745577827,NA,MW,0.019252169002994972,0.735047642060232
NTT Global Data Centers,Colocation Datacenter,Datacenter,7.92,-25.9204485199771,28.1393309635884,NA,MW,0.008619977456880357,0.66263248323203
Itility,Colocation Datacenter,Datacenter,0.396,53.4743980951527,-2.17476669093711,NA,MW,4.3031640108936856e-4,0.37692711334378215
HEDNO,Self-build Datacenter,Datacenter,0.066,37.9666489631625,23.7320645181181,NA,MW,7.112074074765859e-5,0.1721534085159869
CE Colo,Colocation Datacenter,Datacenter,1.7160000000000002,50.0602641557999,14.4831293992719,NA,MW,0.0018670990424562088,0.532098961937512
Vegacom,Self-build Datacenter,Datacenter,0.66,50.125739,14.485918,NA,MW,7.176729293627365e-4,0.4155754666095678
Asanti Data Centres,Colocation Datacenter,Datacenter,0.33,53.4633855903329,-2.27812878923463,NA,MW,3.584772690210266e-4,0.33446925260026933
Pulsant,Colocation Datacenter,Datacenter,0.5939999999999994,53.4615608928329,-2.32447798070542,NA,MW,6.458337972943939e-4,0.40941647499946593
Aspire Technology Solutions,Colocation Datacenter,Datacenter,0.66,54.9518154015802,-1.55218473983884,NA,MW,7.176729293627365e-4,0.4155754666095678
Citibank,Self-build Datacenter,Datacenter,1.32,51.461159132817,-0.013743073069492,NA,MW,0.0014360642500461567,0.49707249917727087
Equinix,Colocation Datacenter,Datacenter,7.590000000000001,48.9274560084187,2.34873129169381,NA,MW,0.008260781796538648,0.6616734874352997
Vodafone,Self-build Datacenter,Datacenter,6.336,51.5292114736683,-0.273189027483568,NA,MW,0.006895838287240149,0.6416773642125759
VeriTeknik,Self-build Datacenter,Datacenter,0.0726,39.8796640215988,32.65366022,NA,MW,7.830465395449279e-5,0.22214558442781288
aql,Colocation Datacenter,Datacenter,0.33,53.7923698384471,-1.54077478988813,NA,MW,3.584772690210266e-4,0.33446925260026933
AtlasEdge Data Centres,Colocation Datacenter,Datacenter,1.584,53.7794746496189,-1.58326814916055,NA,MW,0.0017234207783195247,0.5212325990682144
iomart,Self-build Datacenter,Datacenter,0.1386,53.464408,-2.246272,NA,MW,1.5014378602283478e-4,0.26959885252876387
Zen Internet,Colocation Datacenter,Datacenter,1.32,53.6028469682157,-2.15973834625912,NA,MW,0.0014360642500461567,0.49707249917727087
Casablanca INT,Self-build Datacenter,Datacenter,0.99,50.0780223107162,14.4721694372673,NA,MW,0.0010768685897044467,0.46920446292403056
National Hellenic Research Foundation,Self-build Datacenter,Datacenter,0.165,37.9732058287154,23.7459556240609,NA,MW,1.788794388501716e-4,0.27561916636419576
Datacentreplus,Colocation Datacenter,Datacenter,0.66,53.4796346591803,-2.2968610855093,NA,MW,7.176729293627365e-4,0.4155754666095678
PYUR Business,Colocation Datacenter,Datacenter,2.3760000000000003,51.3390349781265,12.3016810149404,NA,MW,0.002585490363139629,0.559740115862271
Business Connexion,Self-build Datacenter,Datacenter,0.33,-25.978543,28.12408,NA,MW,3.584772690210266e-4,0.33446925260026933
Lancom,Colocation Datacenter,Datacenter,0.23099999999999998,38.0398492598877,23.8032107973248,NA,MW,2.5071857091851356e-4,0.3101542499938824
Parseq,Self-build Datacenter,Datacenter,0.66,53.4262960991982,-1.24513974356379,NA,MW,7.176729293627365e-4,0.4155754666095678
CE Colo,Colocation Datacenter,Datacenter,8.712,50.0648307021477,14.528184686531,NA,MW,0.009482047041700461,0.6734240467363076
Daisy Group,Colocation Datacenter,Datacenter,0.99,53.4789422819319,-2.23857659645902,NA,MW,0.0010768685897044467,0.46920446292403056
ANS,Colocation Datacenter,Datacenter,1.32,53.4611403943501,-2.32599570062049,NA,MW,0.0014360642500461567,0.49707249917727087
Computacenter,Self-build Datacenter,Datacenter,0.66,53.471316128152,-2.29456429394314,NA,MW,7.176729293627365e-4,0.4155754666095678
Virgin Media,Self-build Datacenter,Datacenter,0.66,53.4752164569024,-2.30594747034996,NA,MW,7.176729293627365e-4,0.4155754666095678
Vodacom,Self-build Datacenter,Datacenter,1.32,-33.920085,18.432475,NA,MW,0.0014360642500461567,0.49707249917727087
GCI,Self-build Datacenter,Datacenter,0.33,53.4677639724891,-2.27624105350312,NA,MW,3.584772690210266e-4,0.33446925260026933
Piraeus Bank,Self-build Datacenter,Datacenter,0.23099999999999998,37.9871808929303,23.756468727646,NA,MW,2.5071857091851356e-4,0.3101542499938824
ANS,Colocation Datacenter,Datacenter,0.66,53.4615582512801,-2.32660391987904,NA,MW,7.176729293627365e-4,0.4155754666095678
iomart,Self-build Datacenter,Datacenter,0.17820000000000003,53.4650755033588,-2.24680734594531,NA,MW,1.9324726526384e-4,0.28329489597858815
CRA,Self-build Datacenter,Datacenter,0.495,50.079848607837,14.3759361411376,NA,MW,5.380750991918815e-4,0.3964431014066308
MTN Business,Self-build Datacenter,Datacenter,0.99,-26.066111,28.073346,NA,MW,0.0010768685897044467,0.46920446292403056
iomart,Self-build Datacenter,Datacenter,0.4884,53.4666590772762,-2.29401339332267,NA,MW,5.308911859850474e-4,0.39591049123597416
Akquinet,Colocation Datacenter,Datacenter,2.112,53.6028914829321,10.1944943094897,NA,MW,0.0022981338348662607,0.5517184480891771
Sparkle,Colocation Datacenter,Datacenter,2.112,38.0726918786985,23.7735899969192,NA,MW,0.0022981338348662607,0.5517184480891771
Lancom,Colocation Datacenter,Datacenter,0.46199999999999997,40.633371,22.943482,NA,MW,5.021555331577106e-4,0.3902747392171655
Pulsant,Colocation Datacenter,Datacenter,0.264,53.4613883587467,-2.32525800803477,NA,MW,2.8663813695268463e-4,0.315989724875794
MTN Business,Self-build Datacenter,Datacenter,0.66,-25.917018,28.173125,NA,MW,7.176729293627365e-4,0.4155754666095678
KDDI Telehouse,Colocation Datacenter,Datacenter,3.3000000000000003,48.8567053776187,2.38526337360947,NA,MW,0.0035912382120964165,0.5864688078909632
Verizon,Self-build Datacenter,Datacenter,3.168,52.3224951866173,4.80198501644306,NA,MW,0.003447559947959732,0.5832783197914386
ServerFarm,Colocation Datacenter,Datacenter,16.5,52.3956926671308,4.87014295158064,NA,MW,0.017959064625764815,0.7301827761839543
Sparkle,Colocation Datacenter,Datacenter,1.32,37.89148409218,23.879000517434,NA,MW,0.0014360642500461567,0.49707249917727087
iomart,Self-build Datacenter,Datacenter,0.2838,53.9800851563659,-1.12980747382215,NA,MW,3.081898765731872e-4,0.33005972573294146
Neterra,Colocation Datacenter,Datacenter,0.33,42.6563909037347,23.3692936024573,NA,MW,3.584772690210266e-4,0.33446925260026933
Orange Polska,Self-build Datacenter,Datacenter,0.33,51.0828142606913,17.0383442299527,NA,MW,3.584772690210266e-4,0.33446925260026933
VIRTUS Data Centres,Colocation Datacenter,Datacenter,8.58,51.5189977255148,-0.626603586507826,NA,MW,0.009338368777563777,0.6715931398612669
Pure Data Centres,Colocation Datacenter,Datacenter,14.520000000000001,51.57049,-0.237826,NA,MW,0.015803890663714557,0.7206088212890822
CLOUDROCK,Colocation Datacenter,Datacenter,0.66,38.1470592298335,23.8519014785301,NA,MW,7.176729293627365e-4,0.4155754666095678
Orange Polska,Self-build Datacenter,Datacenter,0.33,51.1104997980385,17.0412886999981,NA,MW,3.584772690210266e-4,0.33446925260026933
Sparkle,Colocation Datacenter,Datacenter,2.97,38.0727000273923,23.7736055790816,NA,MW,0.0032320425517547062,0.5784668419763419
Iron Mountain,Colocation Datacenter,Datacenter,17.82,51.5206132749806,-0.621594526430194,NA,MW,0.019395847267131658,0.7359462199784954
Neterra,Colocation Datacenter,Datacenter,0.0858,43.852154455415,25.9516761601817,NA,MW,9.267248036816118e-5,0.22784188033518366
Friktoria,Self-build Datacenter,Datacenter,0.066,39.3632425739371,22.9464099593171,NA,MW,7.112074074765859e-5,0.1721534085159869
Neterra,Colocation Datacenter,Datacenter,1.32,42.6561751183933,23.369498232156,NA,MW,0.0014360642500461567,0.49707249917727087
T-Mobile,Colocation Datacenter,Datacenter,3.3000000000000003,52.3154195019786,21.0217669270444,NA,MW,0.0035912382120964165,0.5864688078909632
Exa Infrastructure,Colocation Datacenter,Datacenter,1.584,51.7603350724649,-0.002286508418529,NA,MW,0.0017234207783195247,0.5212325990682144
du,Colocation Datacenter,Datacenter,1.7820000000000003,24.6992996738521,54.7494123986484,NA,MW,0.001938938174524551,0.5332850275105172
SYNAPSECOM,Colocation Datacenter,Datacenter,0.66,38.0759547614751,23.6874386802676,NA,MW,7.176729293627365e-4,0.4155754666095678
du,Colocation Datacenter,Datacenter,12.540000000000001,25.1328370354182,55.3914565599401,NA,MW,0.013648716701664296,0.7065888416269518
ONI,Self-build Datacenter,Datacenter,0.33,51.8780941352105,-0.405246544649231,NA,MW,3.584772690210266e-4,0.33446925260026933
Sparkle,Colocation Datacenter,Datacenter,0.528,35.5055626367956,24.007039700842,NA,MW,5.739946652260526e-4,0.4001521973645303
Neterra,Colocation Datacenter,Datacenter,0.66,42.7224574789442,23.6166449453564,NA,MW,7.176729293627365e-4,0.4155754666095678
IP House,Colocation Datacenter,Datacenter,1.98,51.5152249891207,0.00198413845418,NA,MW,0.002154455570729577,0.5378026804166678
T-Mobile,Colocation Datacenter,Datacenter,3.3000000000000003,52.0786697058522,21.0060494116774,NA,MW,0.0035912382120964165,0.5864688078909632
Data Techno Park,Colocation Datacenter,Datacenter,0.99,51.0723195043449,17.0293181902339,NA,MW,0.0010768685897044467,0.46920446292403056
T-Mobile,Colocation Datacenter,Datacenter,0.46199999999999997,51.1175517423899,16.9772621853603,NA,MW,5.021555331577106e-4,0.3902747392171655
T-Mobile,Colocation Datacenter,Datacenter,0.396,52.2236216292931,21.0181176619641,NA,MW,4.3031640108936856e-4,0.37692711334378215
SYNAPSECOM,Colocation Datacenter,Datacenter,0.33,40.6627001368711,22.8603355661814,NA,MW,3.584772690210266e-4,0.33446925260026933
TSYS,Self-build Datacenter,Datacenter,0.99,54.0004853661231,-1.4465783313112,NA,MW,0.0010768685897044467,0.46920446292403056
Korbank,Colocation Datacenter,Datacenter,1.056,51.1065705298146,16.9834581273444,NA,MW,0.0011487077217727888,0.48523303232781584
Evolink,Colocation Datacenter,Datacenter,0.11549999999999999,42.6463855942363,23.4186540423085,NA,MW,1.2500008979891508e-4,0.2447978825319035
Invitech,Self-build Datacenter,Datacenter,1.32,47.4860378254161,19.1805533133467,NA,MW,0.0014360642500461567,0.49707249917727087
Varna Data Center,Colocation Datacenter,Datacenter,0.013200000000000002,43.2109189369382,27.926353198804,NA,MW,1.364943509298498e-5,0.0865566768730906
Teletrans,Self-build Datacenter,Datacenter,0.099,44.4342802937439,26.1072523798498,NA,MW,1.0704030678182957e-4,0.23061307124173125
Orange Polska,Self-build Datacenter,Datacenter,0.66,50.244597517001,19.0238134271711,NA,MW,7.176729293627365e-4,0.4155754666095678
Oderland,Colocation Datacenter,Datacenter,0.132,57.7049948034399,11.9692984576706,NA,MW,1.4295987281600058e-4,0.24754281120651617
GÃ¶teborg Energi Gothnet,Colocation Datacenter,Datacenter,0.8910000000000001,57.7453226352488,11.9908554042829,NA,MW,9.691098916019338e-4,0.465646554334948
Orange Polska,Self-build Datacenter,Datacenter,0.66,52.223260651538,21.0182029031902,NA,MW,7.176729293627365e-4,0.4155754666095678
HCL Technologies,Self-build Datacenter,Datacenter,0.33,57.7251775062291,11.8553246493587,NA,MW,3.584772690210266e-4,0.33446925260026933
atNorth,Colocation Datacenter,Datacenter,0.66,57.7270061006364,12.012174464574,NA,MW,7.176729293627365e-4,0.4155754666095678
Servergarden,Self-build Datacenter,Datacenter,0.33,47.4968096639358,19.1175814470863,NA,MW,3.584772690210266e-4,0.33446925260026933
NATS,Self-build Datacenter,Datacenter,1.32,50.8867876654408,-1.28618536424909,NA,MW,0.0014360642500461567,0.49707249917727087
iNES,Self-build Datacenter,Datacenter,0.198,44.4847708760905,26.0914587189605,NA,MW,2.1479900488434258e-4,0.2853188752906802
Netia,Colocation Datacenter,Datacenter,0.66,52.2108851499422,20.8485963818282,NA,MW,7.176729293627365e-4,0.4155754666095678
Clydesdale Bank,Self-build Datacenter,Datacenter,1.32,55.8617135533869,-4.3825646217372,NA,MW,0.0014360642500461567,0.49707249917727087
Digital Realty,Colocation Datacenter,Datacenter,9.24,55.726919262881,12.3785098104095,NA,MW,0.010056760098247196,0.6772969633617073
Orange Polska,Colocation Datacenter,Datacenter,1.056,52.074553850814,20.8769074884101,NA,MW,0.0011487077217727888,0.48523303232781584
Pulsant,Self-build Datacenter,Datacenter,2.97,50.868462421164,-1.24703789032327,NA,MW,0.0032320425517547062,0.5784668419763419
EdgeIT,Self-build Datacenter,Datacenter,0.0396,57.6507622094994,11.9462967434131,NA,MW,4.238508792032178e-5,0.1583593782957809
FI-TS,Self-build Datacenter,Datacenter,0.36300000000000004,48.7862061869935,9.18154795705775,NA,MW,3.943968350551976e-4,0.3748174762331749
Evolink,Colocation Datacenter,Datacenter,0.10824,42.6969531442755,23.3223565924428,NA,MW,1.1709778527139746e-4,0.2437884389520692
Decsis,Colocation Datacenter,Datacenter,0.33,38.5475805620451,-7.90977142848423,NA,MW,3.584772690210266e-4,0.33446925260026933
Digital Realty,Colocation Datacenter,Datacenter,16.5,47.4343379946881,8.55781738527724,NA,MW,0.017959064625764815,0.7301827761839543
Northern Data,Self-build Datacenter,Datacenter,0.198,50.1175994815901,8.67129814490983,NA,MW,2.1479900488434258e-4,0.2853188752906802
Sirma Group,Colocation Datacenter,Datacenter,0.264,42.6557371597731,23.3912303629837,NA,MW,2.8663813695268463e-4,0.315989724875794
CyrusOne,Colocation Datacenter,Datacenter,17.82,48.731836561946,2.32080442885378,NA,MW,0.019395847267131658,0.7359462199784954
GÃ¶teborg Energi Gothnet,Colocation Datacenter,Datacenter,0.99,57.7312931354856,12.002174065295,NA,MW,0.0010768685897044467,0.46920446292403056
3S Data Center,Colocation Datacenter,Datacenter,0.1584,50.2366041857775,18.9778901614409,NA,MW,1.7169552564333737e-4,0.27349104264133217
Telepoint,Colocation Datacenter,Datacenter,5.94,42.6729762064013,23.383048114659,NA,MW,0.006464803494830097,0.6344822178279486
Orange Romania,Self-build Datacenter,Datacenter,0.132,45.6448170387308,25.5921805678612,NA,MW,1.4295987281600058e-4,0.24754281120651617
KIFU,Self-build Datacenter,Datacenter,0.35640000000000005,47.5174992567768,19.0556028372292,NA,MW,3.8721292184836344e-4,0.3739699395553593
PYUR Business,Colocation Datacenter,Datacenter,1.98,52.513998,13.618251,NA,MW,0.002154455570729577,0.5378026804166678
Netia,Colocation Datacenter,Datacenter,0.99,52.1533952570525,21.012085639728,NA,MW,0.0010768685897044467,0.46920446292403056
Digital Realty,Colocation Datacenter,Datacenter,8.976,43.3397534913007,5.34674882785532,NA,MW,0.00976940356997383,0.6756055251038643
Ember,Colocation Datacenter,Datacenter,2.64,58.5080947966661,13.1581658875589,NA,MW,0.002872846891412997,0.5631704731174867
Vivacom,Colocation Datacenter,Datacenter,0.99,42.6829916297761,23.2854297833238,NA,MW,0.0010768685897044467,0.46920446292403056
Coig,Colocation Datacenter,Datacenter,0.198,50.2484294233326,19.0000954074932,NA,MW,2.1479900488434258e-4,0.2853188752906802
3S Data Center,Colocation Datacenter,Datacenter,2.24268,50.245563979528,19.0636233814502,NA,MW,0.002440375316361578,0.5540190320638179
FI-TS,Self-build Datacenter,Datacenter,0.2574,48.8169937495762,9.26580654618828,NA,MW,2.794542237458504e-4,0.31546529785338473
Telepoint,Colocation Datacenter,Datacenter,1.98,43.4062229740626,23.2251328891664,NA,MW,0.002154455570729577,0.5378026804166678
3S Data Center,Colocation Datacenter,Datacenter,0.7623000000000001,52.3031211492048,21.0188477452646,NA,MW,8.290235840686668e-4,0.4540652027266456
Orange Romania,Self-build Datacenter,Datacenter,0.66,44.4217159664021,26.0377845220989,NA,MW,7.176729293627365e-4,0.4155754666095678
Canmer Data,Self-build Datacenter,Datacenter,0.066,57.6419314737025,11.993933981778,NA,MW,7.112074074765859e-5,0.1721534085159869
FI-TS,Self-build Datacenter,Datacenter,0.99,49.4464069097565,11.0425330247805,NA,MW,0.0010768685897044467,0.46920446292403056
BT Global Services,Self-build Datacenter,Datacenter,0.66,54.5947280248277,-5.8650443676089,NA,MW,7.176729293627365e-4,0.4155754666095678
BorÃ¥s ElnÃ¤t,Self-build Datacenter,Datacenter,0.066,57.7154803073492,12.9247306500724,NA,MW,7.112074074765859e-5,0.1721534085159869
BT Global Services,Self-build Datacenter,Datacenter,1.98,54.5957854153975,-5.92517171364181,NA,MW,0.002154455570729577,0.5378026804166678
Smals,Self-build Datacenter,Datacenter,0.66,50.8641813403479,4.3530488787398,NA,MW,7.176729293627365e-4,0.4155754666095678
Redcentric,Self-build Datacenter,Datacenter,6.6000000000000005,51.4683146844288,-0.397419219361325,NA,MW,0.007183194815513517,0.6455658398812243
Amazon Web Services,Self-build Datacenter,Datacenter,116.16000000000001,58.9964450654525,16.2352163386124,NA,MW,0.12643615404896125,0.8806587491593151
Datacenter United,Colocation Datacenter,Datacenter,0.66,50.8798072905745,4.39437984552485,NA,MW,7.176729293627365e-4,0.4155754666095678
Google,Self-build Datacenter,Datacenter,26.400000000000002,50.1231424008065,8.97443004088445,NA,MW,0.02873493443601612,0.7650522155526219
Redcentric,Self-build Datacenter,Datacenter,2.706,53.6939404793193,-1.82150433474066,NA,MW,0.002944686023481338,0.5750744155771206
Zayo Group,Colocation Datacenter,Datacenter,0.33,50.860877255473,4.43301401976355,NA,MW,3.584772690210266e-4,0.33446925260026933
Viatel Technology Group,Self-build Datacenter,Datacenter,0.33,53.3310379604557,-6.37716285886421,NA,MW,3.584772690210266e-4,0.33446925260026933
Lancom,Colocation Datacenter,Datacenter,6.6000000000000005,40.6572991515999,22.8677486331599,NA,MW,0.007183194815513517,0.6455658398812243
Data Logistics Center,Colocation Datacenter,Datacenter,0.6336,54.6917412622737,25.2876122341023,NA,MW,6.889372765353998e-4,0.4146821409619919
Noovle,Colocation Datacenter,Datacenter,0.66,44.4995862452025,11.4068363263625,NA,MW,7.176729293627365e-4,0.4155754666095678
Gruppo TIM,Self-build Datacenter,Datacenter,0.033,43.7896365221367,11.2652156366061,NA,MW,3.5201174713487585e-5,0.12072065583645451
Amazon Web Services,Self-build Datacenter,Datacenter,31.68,53.4091062519695,-6.22268723177246,NA,MW,0.03448206500148348,0.7807847652914531
University of Groningen,Self-build Datacenter,Datacenter,0.264,53.2381637539262,6.54082353241241,NA,MW,2.8663813695268463e-4,0.315989724875794
Amazon Web Services,Self-build Datacenter,Datacenter,4.224,53.2953167502611,-6.35137488594252,NA,MW,0.004596986061053205,0.6102662604588424
MEEZA,Colocation Datacenter,Datacenter,1.7160000000000002,25.3241011653646,51.4382360225494,NA,MW,0.0018670990424562088,0.532098961937512
Mainland China Mobile International,Colocation Datacenter,Datacenter,4.62,49.9864279116921,8.58273995479285,NA,MW,0.005028020853463257,0.6168196233655726
University of Southampton,Self-build Datacenter,Datacenter,0.46199999999999997,50.868001628971,-1.24603474128792,NA,MW,5.021555331577106e-4,0.3902747392171655
Cherry Servers,Self-build Datacenter,Datacenter,0.23099999999999998,55.9210585354854,23.2942967149711,NA,MW,2.5071857091851356e-4,0.3101542499938824
Noovle,Colocation Datacenter,Datacenter,0.165,45.4156435099468,11.9306146161229,NA,MW,1.788794388501716e-4,0.27561916636419576
Redcentric,Self-build Datacenter,Datacenter,0.132,51.1378122425796,-0.163480030706921,NA,MW,1.4295987281600058e-4,0.24754281120651617
Equinix,Colocation Datacenter,Datacenter,1.98,44.8960512846946,-0.611756250334309,NA,MW,0.002154455570729577,0.5378026804166678
Amazon Web Services,Self-build Datacenter,Datacenter,15.180000000000001,53.4027807675439,-6.21952756966112,NA,MW,0.016522281984397976,0.7231152642639214
MAIN,Colocation Datacenter,Datacenter,0.11154000000000001,52.2303043712937,20.9747843214831,NA,MW,1.2068974187481457e-4,0.24429392666290758
Verixi,Self-build Datacenter,Datacenter,0.0792,50.8230521537108,4.36898894259095,NA,MW,8.548856716132698e-5,0.22301369796723533
Sungard Availability Services,Self-build Datacenter,Datacenter,0.57684,52.4308700228108,-1.93004835778268,NA,MW,6.271556229566256e-4,0.40902887059399334
Ooredoo,Colocation Datacenter,Datacenter,1.7820000000000003,25.3102415802538,51.5038055614744,NA,MW,0.001938938174524551,0.5332850275105172
K2 Data Centres,Colocation Datacenter,Datacenter,39.6,53.4077976895436,-6.36226537221239,NA,MW,0.04310276084968452,0.7970459035014654
Ooredoo,Self-build Datacenter,Datacenter,0.18150000000000002,25.1287348184425,51.2240649086131,NA,MW,1.968392218672571e-4,0.28430946112783484
MEEZA,Colocation Datacenter,Datacenter,3.7620000000000005,25.5505554157459,51.4391795474418,NA,MW,0.004094112136574811,0.599715942615646
Ooredoo,Colocation Datacenter,Datacenter,6.501,25.2156246138583,51.525978946033,NA,MW,0.007075436117411004,0.6448140714500307
RBS,Self-build Datacenter,Datacenter,0.66,52.8391449862431,-1.28857747941495,NA,MW,7.176729293627365e-4,0.4155754666095678
Smals,Self-build Datacenter,Datacenter,0.528,50.8264412714773,4.31108552085065,NA,MW,5.739946652260526e-4,0.4001521973645303
Retelit,Colocation Datacenter,Datacenter,0.495,45.4839953905877,9.05042362672852,NA,MW,5.380750991918815e-4,0.3964431014066308
Telecentras,Self-build Datacenter,Datacenter,0.03696,54.6882814201472,25.281336313247,NA,MW,3.95115226375881e-5,0.1578857826414324
AFR-IX telecom,Colocation Datacenter,Datacenter,0.132,41.4270395614567,2.23124650528612,NA,MW,1.4295987281600058e-4,0.24754281120651617
Telecentras,Self-build Datacenter,Datacenter,1.3754400000000002,54.6869980823833,25.2153170534558,NA,MW,0.001496409120983564,0.5169985469962518
Noovle,Self-build Datacenter,Datacenter,2.31,45.6354763339981,9.11106865211326,NA,MW,0.0025136512310712867,0.5553540616822411
Proximity Data Centres,Colocation Datacenter,Datacenter,0.66,52.4015983951681,-1.23688517240248,NA,MW,7.176729293627365e-4,0.4155754666095678
IntercontinentalExchange (ICE),Colocation Datacenter,Datacenter,4.62,51.5868740258985,0.484798411728661,NA,MW,0.005028020853463257,0.6168196233655726
Nabiax,Colocation Datacenter,Datacenter,0.8580000000000001,41.572099058965,2.01199623858161,NA,MW,9.331903255677627e-4,0.46326887931108013
European Patent Office (EPO),Self-build Datacenter,Datacenter,0.099,52.0396504649562,4.33798476609185,NA,MW,1.0704030678182957e-4,0.23061307124173125
SAP,Self-build Datacenter,Datacenter,2.64,49.293684,8.632071,NA,MW,0.002872846891412997,0.5631704731174867
3S Data Center,Colocation Datacenter,Datacenter,0.0594,50.0737692865212,19.9157307658052,NA,MW,6.393682754082438e-5,0.17046160121121723
DXC Technology,Colocation Datacenter,Datacenter,0.66,41.654987107529,-0.990854305529894,NA,MW,7.176729293627365e-4,0.4155754666095678
Nabiax,Colocation Datacenter,Datacenter,9.504000000000001,40.518167498589,-3.34087952069208,NA,MW,0.010344116626520565,0.6820973962189433
Swisscom,Colocation Datacenter,Datacenter,1.32,46.9682501807898,7.45433821991727,NA,MW,0.0014360642500461567,0.49707249917727087
ING Group,Self-build Datacenter,Datacenter,0.46199999999999997,51.9572297390199,4.4592720747151,NA,MW,5.021555331577106e-4,0.3902747392171655
Cellnex Telecom,Colocation Datacenter,Datacenter,0.046200000000000005,50.8403413659287,5.65930660296174,NA,MW,4.9569001127155985e-5,0.162535219216057
UBS,Self-build Datacenter,Datacenter,2.2308,51.506791123589,-0.42715741529517,NA,MW,0.002427444272589276,0.5538977806536401
IONOS,Self-build Datacenter,Datacenter,1.98,52.206105592342396,-2.15674503612612,NA,MW,0.002154455570729577,0.5378026804166678
EdgeConneX,Colocation Datacenter,Datacenter,5.5440000000000005,41.32463,2.03324,NA,MW,0.006033768702420045,0.6324565788051981
CDRom,Self-build Datacenter,Datacenter,0.46199999999999997,47.3543821707509,7.36488533683535,NA,MW,5.021555331577106e-4,0.3902747392171655
Equinix,Colocation Datacenter,Datacenter,12.540000000000001,53.4049862555202,-6.37094926863028,NA,MW,0.013648716701664296,0.7065888416269518
SABIC,Self-build Datacenter,Datacenter,0.0165,51.5083353198563,4.25341352332092,NA,MW,1.7241391696402082e-5,0.10080665796483938
Serverius,Colocation Datacenter,Datacenter,0.528,52.2470251513698,6.0011594334123,NA,MW,5.739946652260526e-4,0.4001521973645303
SAP,Self-build Datacenter,Datacenter,2.64,49.2934789359602,8.63156230509789,NA,MW,0.002872846891412997,0.5631704731174867
Portus Data Centers,Colocation Datacenter,Datacenter,0.132,53.5493067559399,10.047945527723,NA,MW,1.4295987281600058e-4,0.24754281120651617
RAKBANK,Self-build Datacenter,Datacenter,0.29700000000000004,25.1129926616792,55.3757548455146,NA,MW,3.225577029868556e-4,0.3313742394774948
Data Facilities Data Centers,Colocation Datacenter,Datacenter,2.5542000000000002,52.0646281263615,4.38687808811718,NA,MW,0.002779456019724152,0.5624339334540689
Penta Infra,Colocation Datacenter,Datacenter,1.98,52.5140884085566,13.6186188395702,NA,MW,0.002154455570729577,0.5378026804166678
Portus Data Centers,Colocation Datacenter,Datacenter,0.66,53.5509474135299,10.0383466716847,NA,MW,7.176729293627365e-4,0.4155754666095678
Previder,Colocation Datacenter,Datacenter,0.1716,51.5769773493694,4.93660580608465,NA,MW,1.860633520570058e-4,0.2824794829666707
Cellnex Telecom,Colocation Datacenter,Datacenter,0.33,52.2412920256797,5.16964045618852,NA,MW,3.584772690210266e-4,0.33446925260026933
Unidata,Colocation Datacenter,Datacenter,0.013200000000000002,41.8038854116676,12.3301799073388,NA,MW,1.364943509298498e-5,0.0865566768730906
Alpilink,Colocation Datacenter,Datacenter,0.006600000000000001,45.168797114363,5.68851482127973,NA,MW,6.465521886150781e-6,0.02118857845747979
DTiX,Colocation Datacenter,Datacenter,0.5346000000000001,47.3401490911932,5.07803245313658,NA,MW,5.811785784328869e-4,0.4069561110400446
Irideos,Self-build Datacenter,Datacenter,0.033,41.9281126211022,12.6024404557307,NA,MW,3.5201174713487585e-5,0.12072065583645451
Exa Infrastructure,Self-build Datacenter,Datacenter,0.006600000000000001,50.6271124779577,2.99648932098548,NA,MW,6.465521886150781e-6,0.02118857845747979
CELESTE,Self-build Datacenter,Datacenter,0.264,46.1378007176923,6.11704468056821,NA,MW,2.8663813695268463e-4,0.315989724875794
BAdW,Self-build Datacenter,Datacenter,29.700000000000003,48.2618027199582,11.6666315207233,NA,MW,0.03232689103943322,0.7761231252406989
Exa Infrastructure,Self-build Datacenter,Datacenter,0.066,41.890463913508,12.3824083264591,NA,MW,7.112074074765859e-5,0.1721534085159869
Open Hub Med,Colocation Datacenter,Datacenter,0.33,38.166993404669,13.2170486021649,NA,MW,3.584772690210266e-4,0.33446925260026933
oXya,Self-build Datacenter,Datacenter,0.033,48.8292571857673,2.58733849061899,NA,MW,3.5201174713487585e-5,0.12072065583645451
ATE,Colocation Datacenter,Datacenter,0.006600000000000001,50.6399616863503,3.14596256045066,NA,MW,6.465521886150781e-6,0.02118857845747979
oXya,Self-build Datacenter,Datacenter,0.66,50.6168331994188,3.02225605121796,NA,MW,7.176729293627365e-4,0.4155754666095678
Etix Everywhere,Colocation Datacenter,Datacenter,0.10824,43.5846581546263,3.87195411905202,NA,MW,1.1709778527139746e-4,0.2437884389520692
Extendo Datacenter,Colocation Datacenter,Datacenter,0.66,47.6445380546235,6.843174581762,NA,MW,7.176729293627365e-4,0.4155754666095678
IELO,Self-build Datacenter,Datacenter,0.033,43.2778548234021,5.39088849330644,NA,MW,3.5201174713487585e-5,0.12072065583645451
Gruppo TIM,Self-build Datacenter,Datacenter,0.33,38.1610016578684,13.3158406457082,NA,MW,3.584772690210266e-4,0.33446925260026933
AZNETWORK,Colocation Datacenter,Datacenter,0.132,48.4421106324876,0.091933219391145,NA,MW,1.4295987281600058e-4,0.24754281120651617
Verizon,Self-build Datacenter,Datacenter,0.006600000000000001,43.3393084107214,5.36687814473686,NA,MW,6.465521886150781e-6,0.02118857845747979
TLCWEB,Self-build Datacenter,Datacenter,0.165,38.9546558893313,16.2853594142821,NA,MW,1.788794388501716e-4,0.27561916636419576
Irideos,Self-build Datacenter,Datacenter,0.132,43.4611716852539,11.8345879674144,NA,MW,1.4295987281600058e-4,0.24754281120651617
Tiscali,Self-build Datacenter,Datacenter,0.264,38.1581513109406,13.3168908490567,NA,MW,2.8663813695268463e-4,0.315989724875794
OVHcloud,Self-build Datacenter,Datacenter,1.584,50.6912116723876,3.19992700970935,NA,MW,0.0017234207783195247,0.5212325990682144
Dassault SystÃ¨mes,Self-build Datacenter,Datacenter,0.66,48.7877134831526,2.21101785970873,NA,MW,7.176729293627365e-4,0.4155754666095678
Cineca,Self-build Datacenter,Datacenter,0.5544,41.8988911251594,12.5121790890829,NA,MW,6.027303180533894e-4,0.4079936646532089
BT BLUE,Colocation Datacenter,Datacenter,1.32,48.1007150442951,-1.40400501334802,NA,MW,0.0014360642500461567,0.49707249917727087
Exa Infrastructure,Self-build Datacenter,Datacenter,0.033,43.3428069624768,5.36772941354925,NA,MW,3.5201174713487585e-5,0.12072065583645451
FASTNET,Colocation Datacenter,Datacenter,0.33,43.5714500588344,13.5037192668651,NA,MW,3.584772690210266e-4,0.33446925260026933
Convergenze,Self-build Datacenter,Datacenter,0.132,40.4430809149657,15.0083108666338,NA,MW,1.4295987281600058e-4,0.24754281120651617
Etix Everywhere,Colocation Datacenter,Datacenter,0.396,50.6991020765482,3.15793771771431,NA,MW,4.3031640108936856e-4,0.37692711334378215
Bynet Data Communications,Colocation Datacenter,Datacenter,1.122,31.8038588744736,35.2103433835593,NA,MW,0.0012205468538411307,0.48922216070846786
Cogent Communications,Colocation Datacenter,Datacenter,0.006600000000000001,43.6079981741864,7.07280226385343,NA,MW,6.465521886150781e-6,0.02118857845747979
Irideos,Self-build Datacenter,Datacenter,0.033,45.4006702608411,10.9709408411947,NA,MW,3.5201174713487585e-5,0.12072065583645451
Bouygues Telecom,Self-build Datacenter,Datacenter,0.033,48.7872086596557,2.22049752215323,NA,MW,3.5201174713487585e-5,0.12072065583645451
IBM,Self-build Datacenter,Datacenter,1.32,50.5653849547049,3.03067976696801,NA,MW,0.0014360642500461567,0.49707249917727087
Wicity,Self-build Datacenter,Datacenter,0.066,40.2890079017117,18.3016957777904,NA,MW,7.112074074765859e-5,0.1721534085159869
Noovle,Self-build Datacenter,Datacenter,8.58,45.1462806052739,7.74280512845835,NA,MW,0.009338368777563777,0.6715931398612669
oXya,Self-build Datacenter,Datacenter,0.792,47.238133721511,-1.66779789102212,NA,MW,8.613511934994207e-4,0.45478548622291065
Irideos,Self-build Datacenter,Datacenter,0.198,41.922499175874,12.5314919387565,NA,MW,2.1479900488434258e-4,0.2853188752906802
BaCloud,Colocation Datacenter,Datacenter,0.198,55.9118073717657,23.3130115150617,NA,MW,2.1479900488434258e-4,0.2853188752906802
Etisalat by e&,Colocation Datacenter,Datacenter,0.5940000000000001,25.0055398412466,56.334331760204,NA,MW,6.458337972943946e-4,0.4101907163362423
DÃ©cima Data Center,Colocation Datacenter,Datacenter,0.66,50.2902614792456,2.80637660595189,NA,MW,7.176729293627365e-4,0.4155754666095678
Microsoft,Self-build Datacenter,Datacenter,31.68,55.6388328570832,13.1816035857497,NA,MW,0.03448206500148348,0.7807847652914531
Ikoula,Colocation Datacenter,Datacenter,0.36300000000000004,49.2337498682734,4.03455886182065,NA,MW,3.943968350551976e-4,0.3748174762331749
Bezeq International,Colocation Datacenter,Datacenter,0.792,32.084698192945,34.8582536937154,NA,MW,8.613511934994207e-4,0.45478548622291065
Datagrex,Colocation Datacenter,Datacenter,0.528,48.0538692332152,0.187106823801578,NA,MW,5.739946652260526e-4,0.4001521973645303
Inforsud Technologies,Self-build Datacenter,Datacenter,0.396,44.4224613040651,2.66964098183339,NA,MW,4.3031640108936856e-4,0.37692711334378215
One System,Colocation Datacenter,Datacenter,0.1914,45.8657356549816,4.90672069080673,NA,MW,2.0761509167750838e-4,0.28511740086334325
Lasotel,Self-build Datacenter,Datacenter,0.013200000000000002,45.7508274399605,4.93035956963439,NA,MW,1.364943509298498e-5,0.0865566768730906
Arteone,Colocation Datacenter,Datacenter,0.006600000000000001,45.1575909203435,1.5092000415766,NA,MW,6.465521886150781e-6,0.02118857845747979
Bank Hapoalim,Self-build Datacenter,Datacenter,1.6500000000000001,32.4044894475037,34.8993763715549,NA,MW,0.0017952599103878667,0.5253577947705927
Global Technical Realty,Colocation Datacenter,Datacenter,26.73,51.5177252104338,-0.619134550186124,NA,MW,0.02909413009635783,0.7704895029047354
ThÃ©sÃ©e DataCenter,Colocation Datacenter,Datacenter,1.6500000000000001,48.7654355442706,2.05697850901993,NA,MW,0.0017952599103878667,0.5253577947705927
Netstyle,Self-build Datacenter,Datacenter,0.33,31.9150237405979,34.8026788330808,NA,MW,3.584772690210266e-4,0.33446925260026933
Adgar,Colocation Datacenter,Datacenter,1.6500000000000001,32.1077922526499,34.9691005361816,NA,MW,0.0017952599103878667,0.5253577947705927
Tamares Telecom,Self-build Datacenter,Datacenter,0.33,32.1612778628859,34.8090056945601,NA,MW,3.584772690210266e-4,0.33446925260026933
Adgar,Colocation Datacenter,Datacenter,0.9239999999999999,32.0616773399401,34.7887237806125,NA,MW,0.0010050294576361045,0.46624023411972476
MedOne,Colocation Datacenter,Datacenter,23.1,32.7701678094586,34.9668633074975,NA,MW,0.025142977832599018,0.7552021174680965
Netvision,Self-build Datacenter,Datacenter,0.05280000000000001,32.7846149482322,34.9618620132927,NA,MW,5.675291433399018e-5,0.1678782234493634
BT Global Services,Self-build Datacenter,Datacenter,0.006600000000000001,48.8244978939749,2.37051009148505,NA,MW,6.465521886150781e-6,0.02118857845747979
Bezeq International,Colocation Datacenter,Datacenter,1.056,32.1066294608833,34.9690026699626,NA,MW,0.0011487077217727888,0.48523303232781584
MAXNOD,Colocation Datacenter,Datacenter,0.528,46.0705910182081,4.91723183243913,NA,MW,5.739946652260526e-4,0.4001521973645303
Etix Everywhere,Colocation Datacenter,Datacenter,0.22440000000000002,46.6660572488717,-1.35337748804162,NA,MW,2.435346577116794e-4,0.3099750646040024
Etix Everywhere,Colocation Datacenter,Datacenter,0.1716,43.625382658183,1.48721207851797,NA,MW,1.860633520570058e-4,0.2824794829666707
Bezeq International,Colocation Datacenter,Datacenter,0.7260000000000001,32.08807,34.855134,NA,MW,7.895120614310788e-4,0.45081672041396315
Bezeq International,Colocation Datacenter,Datacenter,1.914,32.0490081515483,34.7658616992648,NA,MW,0.0020826164386612347,0.5372072429703549
Microsoft,Self-build Datacenter,Datacenter,88.70400000000001,60.6359102265573,16.7400200746866,NA,MW,0.09655107510853096,0.8624033099424746
Adgar,Colocation Datacenter,Datacenter,0.198,32.0980162155422,34.8480385457731,NA,MW,2.1479900488434258e-4,0.2853188752906802
UltraEdge,Colocation Datacenter,Datacenter,0.66,48.1098623047654,-1.61350835434137,NA,MW,7.176729293627365e-4,0.4155754666095678
Microsoft,Self-build Datacenter,Datacenter,142.56,60.6309751940687,17.1366589649704,NA,MW,0.15517180687629803,0.8983321748078558
MEEZA,Colocation Datacenter,Datacenter,5.8740000000000006,25.3258748785731,51.4400423964983,NA,MW,0.006392964362761756,0.6341920486292625
Nexeren,Colocation Datacenter,Datacenter,1.0098,45.9038577623802,4.87886427922729,NA,MW,0.0010984203293249494,0.48441109092578244
Ikoula,Colocation Datacenter,Datacenter,0.396,49.5602883113904,3.74190299509305,NA,MW,4.3031640108936856e-4,0.37692711334378215
EdgeConneX,Colocation Datacenter,Datacenter,4.488,32.0981370633405,34.869121676501,NA,MW,0.004884342589326573,0.615581999585273
Webaxys,Colocation Datacenter,Datacenter,0.006600000000000001,49.4104226220915,1.09793151997935,NA,MW,6.465521886150781e-6,0.02118857845747979
MedOne,Colocation Datacenter,Datacenter,0.33,32.081142,34.768528,NA,MW,3.584772690210266e-4,0.33446925260026933
Orange,Self-build Datacenter,Datacenter,0.006600000000000001,48.5907097381304,7.73642653132563,NA,MW,6.465521886150781e-6,0.02118857845747979
Interhost Networks,Self-build Datacenter,Datacenter,0.29700000000000004,31.9857059201859,34.7693942736306,NA,MW,3.225577029868556e-4,0.3313742394774948
MedOne,Colocation Datacenter,Datacenter,1.32,32.0932795062206,34.8586241653335,NA,MW,0.0014360642500461567,0.49707249917727087
EdgeConneX,Colocation Datacenter,Datacenter,1.98,32.161088660348,34.8066104904758,NA,MW,0.002154455570729577,0.5378026804166678
Omantel,Self-build Datacenter,Datacenter,0.66,23.6042794144421,58.5458245755275,NA,MW,7.176729293627365e-4,0.4155754666095678
Adista,Colocation Datacenter,Datacenter,0.006600000000000001,47.0641360908501,2.37014538838042,NA,MW,6.465521886150781e-6,0.02118857845747979
Ooredoo,Self-build Datacenter,Datacenter,1.6500000000000001,23.5387371738711,58.389200415913,NA,MW,0.0017952599103878667,0.5253577947705927
Oman Data Park,Colocation Datacenter,Datacenter,2.0460000000000003,23.5675182752321,58.1721519219672,NA,MW,0.0022262947027979186,0.5503895357677484
Mobily,Colocation Datacenter,Datacenter,1.2672,21.4896346517465,39.2252768504349,NA,MW,0.001378592944391483,0.4968382810751302
ITnet,Self-build Datacenter,Datacenter,0.006600000000000001,45.4398645034995,9.20927976496065,NA,MW,6.465521886150781e-6,0.02118857845747979
Ooredoo,Self-build Datacenter,Datacenter,1.485,25.401722843409,51.504828107094,NA,MW,0.0016156620802170118,0.5197026776792971
Adista,Colocation Datacenter,Datacenter,0.792,47.4359049178108,0.695456091643607,NA,MW,8.613511934994207e-4,0.45478548622291065
Bynet Data Communications,Colocation Datacenter,Datacenter,6.6000000000000005,31.8044158707062,35.2113190176427,NA,MW,0.007183194815513517,0.6455658398812243
Ooredoo,Self-build Datacenter,Datacenter,1.98,23.5388346562009,58.3889092740854,NA,MW,0.002154455570729577,0.5378026804166678
LWLcom,Self-build Datacenter,Datacenter,0.198,53.110671984599,8.76517347329897,NA,MW,2.1479900488434258e-4,0.2853188752906802
Ericsson,Self-build Datacenter,Datacenter,1.32,44.4254143690966,8.86254358075848,NA,MW,0.0014360642500461567,0.49707249917727087
CRIF,Self-build Datacenter,Datacenter,0.198,44.5126700005309,11.3280731081133,NA,MW,2.1479900488434258e-4,0.2853188752906802
Coval Networks,Self-build Datacenter,Datacenter,0.132,43.5426717563912,1.50967198150409,NA,MW,1.4295987281600058e-4,0.24754281120651617
FullSave,Colocation Datacenter,Datacenter,1.32,43.6200031512518,1.42121397416593,NA,MW,0.0014360642500461567,0.49707249917727087
Mobily,Colocation Datacenter,Datacenter,1.4784000000000002,24.8183351734682,46.6080060072251,NA,MW,0.0016084781670101776,0.5195850383195496
Sky Italia,Self-build Datacenter,Datacenter,1.6500000000000001,45.4337594661246,9.24159635207904,NA,MW,0.0017952599103878667,0.5253577947705927
Qatar National Bank,Self-build Datacenter,Datacenter,0.066,25.2902011464728,51.5385936747534,NA,MW,7.112074074765859e-5,0.1721534085159869
Cloud Acropolis,Colocation Datacenter,Datacenter,0.4752,23.5927870006902,58.4087784310897,NA,MW,5.165233595713789e-4,0.3947095483879246
Retelit,Colocation Datacenter,Datacenter,0.066,46.0772563479444,13.1878150803302,NA,MW,7.112074074765859e-5,0.1721534085159869
Intesa Sanpaolo,Self-build Datacenter,Datacenter,0.66,44.9887354500705,7.70134109128402,NA,MW,7.176729293627365e-4,0.4155754666095678
UniMÃ©dia,Colocation Datacenter,Datacenter,0.006600000000000001,47.4816581887519,-0.605151822274866,NA,MW,6.465521886150781e-6,0.02118857845747979
Castle IT,Colocation Datacenter,Datacenter,0.5148,47.3492933337079,0.76926890065822,NA,MW,5.596268388123842e-4,0.3996243445942571
LWLcom,Self-build Datacenter,Datacenter,0.198,53.0846646726714,8.7695208484794,NA,MW,2.1479900488434258e-4,0.2853188752906802
Panservice,Colocation Datacenter,Datacenter,0.013200000000000002,41.4793720630495,12.8758012777976,NA,MW,1.364943509298498e-5,0.0865566768730906
Virgin Media,Self-build Datacenter,Datacenter,0.33,53.8263118212371,-1.46046601484481,NA,MW,3.584772690210266e-4,0.33446925260026933
3S Data Center,Colocation Datacenter,Datacenter,0.396,50.3917502950591,18.8881131032711,NA,MW,4.3031640108936856e-4,0.37692711334378215
Exa Infrastructure,Self-build Datacenter,Datacenter,0.006600000000000001,45.3934009105452,9.25411988300057,NA,MW,6.465521886150781e-6,0.02118857845747979
NXS,Self-build Datacenter,Datacenter,0.066,23.6020414314759,58.3716366151969,NA,MW,7.112074074765859e-5,0.1721534085159869
CELESTE,Colocation Datacenter,Datacenter,0.792,43.9195205312568,2.18262145219229,NA,MW,8.613511934994207e-4,0.45478548622291065
Elmec,Colocation Datacenter,Datacenter,0.132,45.7683945256117,8.80700062836778,NA,MW,1.4295987281600058e-4,0.24754281120651617
Cineca,Self-build Datacenter,Datacenter,3.96,44.5202169035711,11.3599471490159,NA,MW,0.0043096295327798365,0.6014333584057593
EWE Tel,Self-build Datacenter,Datacenter,0.132,53.1107080982327,8.20926924221863,NA,MW,1.4295987281600058e-4,0.24754281120651617
IP Telecom Italy,Self-build Datacenter,Datacenter,0.013200000000000002,42.8605879169376,13.7232378994612,NA,MW,1.364943509298498e-5,0.0865566768730906
WOBCOM,Self-build Datacenter,Datacenter,0.792,52.4282225327627,10.7919730999322,NA,MW,8.613511934994207e-4,0.45478548622291065
Intesa Sanpaolo,Self-build Datacenter,Datacenter,0.66,45.1318217500237,7.75103085415494,NA,MW,7.176729293627365e-4,0.4155754666095678
htp,Self-build Datacenter,Datacenter,0.198,52.3226564842303,9.81982712998307,NA,MW,2.1479900488434258e-4,0.2853188752906802
Unipol,Self-build Datacenter,Datacenter,1.254,44.4962577610331,11.3914186392404,NA,MW,0.0013642251179778145,0.49613560055820116
htp,Self-build Datacenter,Datacenter,0.396,52.3614677969551,9.91491260682806,NA,MW,4.3031640108936856e-4,0.37692711334378215
Omantel,Self-build Datacenter,Datacenter,0.3168,23.5984763704158,58.4448223854288,NA,MW,3.441094426073582e-4,0.3334959151540544
Ooredoo,Self-build Datacenter,Datacenter,0.792,24.4409101446172,56.6035286096263,NA,MW,8.613511934994207e-4,0.45478548622291065
Artfiles New Media,Colocation Datacenter,Datacenter,0.2376,53.5493765992364,10.047976228728,NA,MW,2.579024841253478e-4,0.31335562806362666
EXE.IT,Colocation Datacenter,Datacenter,0.7260000000000001,44.4102027107544,11.5887832544601,NA,MW,7.895120614310788e-4,0.45081672041396315
Intesa Sanpaolo,Self-build Datacenter,Datacenter,0.66,44.784582174298,10.3243309644804,NA,MW,7.176729293627365e-4,0.4155754666095678
T.net,Colocation Datacenter,Datacenter,0.006600000000000001,37.5145600596394,15.1040834472022,NA,MW,6.465521886150781e-6,0.02118857845747979
Datamount,Colocation Datacenter,Datacenter,2.0196,23.6003680329089,58.4374587177573,NA,MW,0.002197559049970582,0.5499068251450762
Ooredoo,Self-build Datacenter,Datacenter,0.14850000000000002,22.9090191502014,57.5338950763238,NA,MW,1.609196558330861e-4,0.27090525660622
Applico,Colocation Datacenter,Datacenter,0.21120000000000003,43.070913023065,12.3468205496008,NA,MW,2.29166831298011e-4,0.307451345353899
Park Naukowo-Technologiczny w Opolu,Colocation Datacenter,Datacenter,0.264,50.6835729780771,17.8741161238656,NA,MW,2.8663813695268463e-4,0.315989724875794
Center3,Colocation Datacenter,Datacenter,6.336,24.710312994039,46.7629601632052,NA,MW,0.006895838287240149,0.6416773642125759
wilhelm.tel,Self-build Datacenter,Datacenter,0.396,53.7053796138092,9.99378459205567,NA,MW,4.3031640108936856e-4,0.37692711334378215
Lepida,Colocation Datacenter,Datacenter,0.006600000000000001,44.5086434847871,11.3635798009802,NA,MW,6.465521886150781e-6,0.02118857845747979
Irideos,Self-build Datacenter,Datacenter,0.006600000000000001,45.0907813066701,7.65937909200916,NA,MW,6.465521886150781e-6,0.02118857845747979
Saudi Telecom Company (STC),Colocation Datacenter,Datacenter,0.5940000000000001,21.4646046867643,39.2126029788999,NA,MW,6.458337972943946e-4,0.4101907163362423
TNG,Self-build Datacenter,Datacenter,0.66,54.3636899336745,10.1337666691394,NA,MW,7.176729293627365e-4,0.4155754666095678
Mobily,Colocation Datacenter,Datacenter,0.8448000000000001,26.4332648189261,50.105282110777,NA,MW,9.188224991540943e-4,0.462792757029645
Poste Italiane,Self-build Datacenter,Datacenter,0.528,45.0375050242268,7.61459362273364,NA,MW,5.739946652260526e-4,0.4001521973645303
Riyad Bank,Self-build Datacenter,Datacenter,0.792,24.7985715256854,46.619163607311,NA,MW,8.613511934994207e-4,0.45478548622291065
UNGSC,Self-build Datacenter,Datacenter,0.033,40.6494618415675,17.948803927634,NA,MW,3.5201174713487585e-5,0.12072065583645451
PLUTEX,Self-build Datacenter,Datacenter,0.03564,53.0772131355137,8.77207631424537,NA,MW,3.8074739996221257e-5,0.15645291427939512
Yondr,Colocation Datacenter,Datacenter,66,51.5121505640529,-0.576460349996944,NA,MW,0.07183841367702132,0.8365570995351937
CSI Piemonte,Self-build Datacenter,Datacenter,0.495,45.0385265895951,7.65172061811366,NA,MW,5.380750991918815e-4,0.3964431014066308
i2,Self-build Datacenter,Datacenter,0.066,55.7843899719999,12.5195746688923,NA,MW,7.112074074765859e-5,0.1721534085159869
Salam,Self-build Datacenter,Datacenter,0.0495,21.5586947411521,39.1194218101488,NA,MW,5.3160957730573077e-5,0.16523724046341057
TNG,Self-build Datacenter,Datacenter,0.21780000000000002,54.3662586452032,10.1081603219736,NA,MW,2.363507445048452e-4,0.30871675772651785
Lepida,Colocation Datacenter,Datacenter,0.006600000000000001,44.8338995249785,11.5981994685635,NA,MW,6.465521886150781e-6,0.02118857845747979
ColocationIX,Colocation Datacenter,Datacenter,0.99,53.0939438523247,8.79055184775041,NA,MW,0.0010768685897044467,0.46920446292403056
Gulf Data Hub,Colocation Datacenter,Datacenter,9.504000000000001,22.3092630834928,39.1229286736015,NA,MW,0.010344116626520565,0.6820973962189433
Retelit,Colocation Datacenter,Datacenter,0.033,46.0930244812179,11.1111138341121,NA,MW,3.5201174713487585e-5,0.12072065583645451
JN DATA,Self-build Datacenter,Datacenter,2.64,56.1941055834696,9.56527608574701,NA,MW,0.002872846891412997,0.5631704731174867
NourNet: KSA,Colocation Datacenter,Datacenter,1.3661999999999999,24.7675142257644,46.8315949324431,NA,MW,0.001486351642493996,0.5168810471402189
Center3,Colocation Datacenter,Datacenter,3.168,24.4164148263289,39.5245572769875,NA,MW,0.003447559947959732,0.5832783197914386
Fuzion,Colocation Datacenter,Datacenter,0.528,56.0700267732847,9.99310094551046,NA,MW,5.739946652260526e-4,0.4001521973645303
Aire Networks,Colocation Datacenter,Datacenter,1.584,39.9561886731478,-4.84424712802801,NA,MW,0.0017234207783195247,0.5212325990682144
Penta Infra,Colocation Datacenter,Datacenter,0.198,50.9799840437564,5.82815035627553,NA,MW,2.1479900488434258e-4,0.2853188752906802
PLUTEX,Self-build Datacenter,Datacenter,0.03564,53.0774710182408,8.77234843505679,NA,MW,3.8074739996221257e-5,0.15645291427939512
NNIT,Self-build Datacenter,Datacenter,1.7820000000000003,55.6935383617589,12.4168960039478,NA,MW,0.001938938174524551,0.5332850275105172
Naquadria,Colocation Datacenter,Datacenter,0.42900000000000005,45.0499695029558,9.73857324728426,NA,MW,4.6623596712353963e-4,0.3872896907487881
team.blue,Self-build Datacenter,Datacenter,0.099,56.0528411241336,9.95078018665852,NA,MW,1.0704030678182957e-4,0.23061307124173125
Retelit,Colocation Datacenter,Datacenter,0.033,46.4820147416325,11.3303616429534,NA,MW,3.5201174713487585e-5,0.12072065583645451
Cibicom,Colocation Datacenter,Datacenter,2.244,55.7166089002059,12.2377283768794,NA,MW,0.0024418120990029445,0.5541403024657828
ColocationIX,Colocation Datacenter,Datacenter,0.066,53.0745727035824,8.80759436120929,NA,MW,7.112074074765859e-5,0.1721534085159869
Saudi Telecom Company (STC),Self-build Datacenter,Datacenter,0.33,21.4803704641764,39.1816325168467,NA,MW,3.584772690210266e-4,0.33446925260026933
National Commercial Bank - AlahliNCB,Self-build Datacenter,Datacenter,2.31,22.4993481359043,39.1000611020163,NA,MW,0.0025136512310712867,0.5553540616822411
Center3,Colocation Datacenter,Datacenter,3.5640000000000005,24.7433867548741,46.6343601710587,NA,MW,0.0038785947403697845,0.5969562584597177
Center3,Colocation Datacenter,Datacenter,3.168,21.4613471327659,39.2127516441074,NA,MW,0.003447559947959732,0.5832783197914386
Al Rajhi Bank,Self-build Datacenter,Datacenter,0.8580000000000001,24.7522297978233,46.6312893070206,NA,MW,9.331903255677627e-4,0.46326887931108013
SocietÃ  OGR-CRT,Self-build Datacenter,Datacenter,0.33,45.0666851768505,7.6595549035882,NA,MW,3.584772690210266e-4,0.33446925260026933
NNIT,Self-build Datacenter,Datacenter,0.3828,55.7539680404798,12.4473644285783,NA,MW,4.1594857467570017e-4,0.3765062257600086
Vivacom,Colocation Datacenter,Datacenter,0.43164,43.3134031182258,27.1574474703498,NA,MW,4.691095324062733e-4,0.38837788119684086
IT.Gate,Colocation Datacenter,Datacenter,0.006600000000000001,45.0906796616737,7.65845344464069,NA,MW,6.465521886150781e-6,0.02118857845747979
BBBell,Self-build Datacenter,Datacenter,0.006600000000000001,45.0906470477943,7.65920175262978,NA,MW,6.465521886150781e-6,0.02118857845747979
KUES,Self-build Datacenter,Datacenter,0.5346000000000001,49.5051420776894,6.80427324819947,NA,MW,5.811785784328869e-4,0.4069561110400446
IBM,Self-build Datacenter,Datacenter,1.056,55.6710548366203,12.4422334991512,NA,MW,0.0011487077217727888,0.48523303232781584
Axione,Self-build Datacenter,Datacenter,0.013200000000000002,44.9889588823034,4.97598617266051,NA,MW,1.364943509298498e-5,0.0865566768730906
STACK Infrastructure,Colocation Datacenter,Datacenter,22.209,59.9204152473116,11.2141072409771,NA,MW,0.0241731495496764,0.7544490284530726
Switch Datacenters,Colocation Datacenter,Datacenter,10.56,52.331507518743,4.97357935611356,NA,MW,0.011493542739614037,0.6880616533755357
First Abu Dhabi Bank,Self-build Datacenter,Datacenter,0.99,24.6972359261073,54.7486781358523,NA,MW,0.0010768685897044467,0.46920446292403056
Fuzion,Colocation Datacenter,Datacenter,0.0495,56.155807509127,10.1773562920987,NA,MW,5.3160957730573077e-5,0.16523724046341057
Netia,Colocation Datacenter,Datacenter,0.9504,50.0210417379291,19.895297228512,NA,MW,0.0010337651104634414,0.46801958445993097
ABN Amro,Self-build Datacenter,Datacenter,0.132,52.296962843186,4.87024028360366,NA,MW,1.4295987281600058e-4,0.24754281120651617
Noovle,Self-build Datacenter,Datacenter,3.3000000000000003,44.9758718745136,7.72420877800984,NA,MW,0.0035912382120964165,0.5864688078909632
CyrusOne,Colocation Datacenter,Datacenter,11.88,40.5355860359181,-3.65977131065278,NA,MW,0.012930325380980877,0.6991736673911049
Equinix,Colocation Datacenter,Datacenter,19.008000000000003,50.138370212735,8.74029165333117,NA,MW,0.020688951644361814,0.7393562712268004
Morohub,Colocation Datacenter,Datacenter,11.88,24.7668010390035,55.364240340742,NA,MW,0.012930325380980877,0.6991736673911049
FI-TS,Self-build Datacenter,Datacenter,0.33,49.410749833428,11.1327396675383,NA,MW,3.584772690210266e-4,0.33446925260026933
Telia,Self-build Datacenter,Datacenter,0.36960000000000004,55.6258125681609,12.5788164302414,NA,MW,4.0158074826203183e-4,0.37608482126121845
Carbon-Z,Colocation Datacenter,Datacenter,0.99,51.6004107572492,-1.77675943560152,NA,MW,0.0010768685897044467,0.46920446292403056
Telia,Self-build Datacenter,Datacenter,0.0429,55.6619270218621,12.3774311915366,NA,MW,4.597704452373888e-5,0.16023419654441862
Colt Technology Services,Self-build Datacenter,Datacenter,0.033,45.7588770699568,4.86747698045752,NA,MW,3.5201174713487585e-5,0.12072065583645451
Vodafone,Self-build Datacenter,Datacenter,1.4520000000000002,45.4470428992993,9.11299554458079,NA,MW,0.001579742514182841,0.5180563038110195
Vodafone,Self-build Datacenter,Datacenter,0.66,45.4454975796702,9.11694052930683,NA,MW,7.176729293627365e-4,0.4155754666095678
Tameside Metropolitan Borough Council,Self-build Datacenter,Datacenter,0.066,53.4848922862006,-2.10145152927808,NA,MW,7.112074074765859e-5,0.1721534085159869
DATA4,Colocation Datacenter,Datacenter,29.436000000000003,52.21074698624,20.8506091694938,NA,MW,0.03203953451115985,0.77583648389927
Equinix,Colocation Datacenter,Datacenter,6.6000000000000005,53.4052892704934,-6.37060419472666,NA,MW,0.007183194815513517,0.6455658398812243
ResoLv,Self-build Datacenter,Datacenter,0.006600000000000001,45.7591066045841,3.13153107217022,NA,MW,6.465521886150781e-6,0.02118857845747979
Toren7 DC,Colocation Datacenter,Datacenter,0.0165,51.183678083989,5.9761093719822,NA,MW,1.7241391696402082e-5,0.10080665796483938
FMI Groupe,Colocation Datacenter,Datacenter,0.1584,45.7134026342232,4.9552555616621,NA,MW,1.7169552564333737e-4,0.27349104264133217
Eolas,Colocation Datacenter,Datacenter,0.792,45.1684866966886,5.71513619548757,NA,MW,8.613511934994207e-4,0.45478548622291065
Noovle,Self-build Datacenter,Datacenter,3.3000000000000003,45.0628504499804,7.55066614905202,NA,MW,0.0035912382120964165,0.5864688078909632
D-LAKE,Self-build Datacenter,Datacenter,0.0198,45.9078042995179,6.10262146685953,NA,MW,2.0833348299819177e-5,0.10664898190967773
Siemens,Self-build Datacenter,Datacenter,0.165,48.0949276663111,11.5300875703546,NA,MW,1.788794388501716e-4,0.27561916636419576
team.blue,Self-build Datacenter,Datacenter,0.026400000000000003,56.1395871060609,10.1707364088454,NA,MW,2.801726150665338e-5,0.11210370132470486
Equinix,Colocation Datacenter,Datacenter,11.88,50.1415944150175,8.739415630958,NA,MW,0.012930325380980877,0.6991736673911049
Ã‰cole Centrale de Lyon,Self-build Datacenter,Datacenter,0.066,45.783232438032,4.76811596501673,NA,MW,7.112074074765859e-5,0.1721534085159869
Bitdeer,Self-build Datacenter,Datacenter,19.8,62.8626258912509,7.10828607773682,NA,MW,0.021551021229181917,0.742365222627286
InfraCom,Self-build Datacenter,Datacenter,0.03432,57.7244918343435,12.0088992173144,NA,MW,3.663795735485442e-5,0.1559711900820797
EPFL,Self-build Datacenter,Datacenter,0.33,46.5196155057768,6.56788369896395,NA,MW,3.584772690210266e-4,0.33446925260026933
Miss Hosting,Self-build Datacenter,Datacenter,0.033,56.0475497891246,12.6904255963104,NA,MW,3.5201174713487585e-5,0.12072065583645451
Amazon Web Services,Self-build Datacenter,Datacenter,116.16000000000001,59.6495621668023,16.5807183451695,NA,MW,0.12643615404896125,0.8806587491593151
PostFinance,Self-build Datacenter,Datacenter,0.792,47.2918472067589,7.94119790064777,NA,MW,8.613511934994207e-4,0.45478548622291065
Amazon Web Services,Self-build Datacenter,Datacenter,84.48,59.3584231038225,16.6914302508945,NA,MW,0.09195337065615708,0.8595732288238225
Atos,Self-build Datacenter,Datacenter,1.98,52.3821035531686,-1.98256028808629,NA,MW,0.002154455570729577,0.5378026804166678
EPFL,Self-build Datacenter,Datacenter,0.66,46.5183481010807,6.56371557302705,NA,MW,7.176729293627365e-4,0.4155754666095678
Walhalla,Self-build Datacenter,Datacenter,0.7260000000000001,39.9961589252635,-0.074469380984569,NA,MW,7.895120614310788e-4,0.45081672041396315
Infomaniak,Colocation Datacenter,Datacenter,0.66,46.1677967636205,6.13274227495387,NA,MW,7.176729293627365e-4,0.4155754666095678
Microsoft,Self-build Datacenter,Datacenter,9.9,40.5933610932762,-3.549713012631,NA,MW,0.010775151418930618,0.6833128712366293
Ericsson,Self-build Datacenter,Datacenter,3.3000000000000003,58.3978138214902,15.5530928862059,NA,MW,0.0035912382120964165,0.5864688078909632
Red ElÃ©ctrica de EspaÃ±a,Self-build Datacenter,Datacenter,0.4818,40.5643521880323,-3.59728366090428,NA,MW,5.237072727782132e-4,0.39564392373895996
Inditex,Self-build Datacenter,Datacenter,0.264,43.3128853695025,-8.50302278225677,NA,MW,2.8663813695268463e-4,0.315989724875794
EPFL,Self-build Datacenter,Datacenter,2.64,46.5218989141552,6.57126573339869,NA,MW,0.002872846891412997,0.5631704731174867
PostFinance,Self-build Datacenter,Datacenter,0.33,46.957663562502,7.44010979538708,NA,MW,3.584772690210266e-4,0.33446925260026933
Digital Realty,Colocation Datacenter,Datacenter,0.792,50.8736009695535,4.50237430752761,NA,MW,8.613511934994207e-4,0.45478548622291065
Telefonica,Self-build Datacenter,Datacenter,0.792,39.9836992548949,-0.048955733550428,NA,MW,8.613511934994207e-4,0.45478548622291065
Unicaja,Self-build Datacenter,Datacenter,0.33,36.7516387393859,-5.15177990383828,NA,MW,3.584772690210266e-4,0.33446925260026933
Gotanet,Self-build Datacenter,Datacenter,0.023100000000000002,58.2840372039388,12.2865398368193,NA,MW,2.4425304903236283e-5,0.11058090215997064
Nunsys,Colocation Datacenter,Datacenter,2.31,39.5468887125951,-0.456326822532551,NA,MW,0.0025136512310712867,0.5553540616822411
The United Nations,Self-build Datacenter,Datacenter,0.66,39.4779500246917,-0.48698486966633,NA,MW,7.176729293627365e-4,0.4155754666095678
Inditex,Self-build Datacenter,Datacenter,1.32,43.2605223370462,-8.61377927746235,NA,MW,0.0014360642500461567,0.49707249917727087
Santander,Self-build Datacenter,Datacenter,0.792,40.4519067477236,-3.62485079731682,NA,MW,8.613511934994207e-4,0.45478548622291065
Sevilla Data Center,Colocation Datacenter,Datacenter,0.0792,37.4846625581636,-5.93034636654616,NA,MW,8.548856716132698e-5,0.22301369796723533
University of Birmingham,Self-build Datacenter,Datacenter,0.099,25.1322215749539,55.4227007489824,NA,MW,1.0704030678182957e-4,0.23061307124173125
Cloud Center Andalucia,Self-build Datacenter,Datacenter,0.46199999999999997,37.2007198376268,-3.65697827987191,NA,MW,5.021555331577106e-4,0.3902747392171655
Binero,Self-build Datacenter,Datacenter,0.396,59.5146604793507,18.0770681950079,NA,MW,4.3031640108936856e-4,0.37692711334378215
PRORED,Colocation Datacenter,Datacenter,0.35640000000000005,39.5540142059209,-0.467394071909928,NA,MW,3.8721292184836344e-4,0.3739699395553593
Bredband2,Colocation Datacenter,Datacenter,0.132,55.6209063669751,13.0032804776782,NA,MW,1.4295987281600058e-4,0.24754281120651617
CloudHQ,Colocation Datacenter,Datacenter,98.20800000000001,48.5976715308185,2.4077916893883,NA,MW,0.10689591012637222,0.8707830041950131
Cibicom,Colocation Datacenter,Datacenter,0.7260000000000001,56.0990353417441,10.2166763392718,NA,MW,7.895120614310788e-4,0.45081672041396315
Terrahost,Colocation Datacenter,Datacenter,0.04158,59.1721084086307,10.2088003175779,NA,MW,4.454026188237204e-5,0.15976838507634084
Lunar Digital,Colocation Datacenter,Datacenter,0.43890000000000007,61.4409499556665,7.25012853880725,NA,MW,4.7701183693379094e-4,0.3890564136511442
Retelit,Colocation Datacenter,Datacenter,2.112,45.4480745441525,9.12058250447407,NA,MW,0.0022981338348662607,0.5517184480891771
Standard Chartered,Self-build Datacenter,Datacenter,0.033,25.2022453922584,55.2724119131048,NA,MW,3.5201174713487585e-5,0.12072065583645451
University of Pisa,Self-build Datacenter,Datacenter,0.27456,43.6578946262586,10.353266558951,NA,MW,2.981323980836193e-4,0.3295650098494798
Netic,Self-build Datacenter,Datacenter,0.66,57.0107216436876,9.99145651350861,NA,MW,7.176729293627365e-4,0.4155754666095678
Amazon Web Services,Self-build Datacenter,Datacenter,52.800000000000004,53.3180813017224,-6.45444346761736,NA,MW,0.05747058726335291,0.8181589709291481
Roads & Transport Authority,Self-build Datacenter,Datacenter,0.264,25.2382594788287,55.3675577446163,NA,MW,2.8663813695268463e-4,0.315989724875794
YVOLV,Self-build Datacenter,Datacenter,0.033,25.0754446510597,55.1407378216506,NA,MW,3.5201174713487585e-5,0.12072065583645451
Vantage Data Centers,Colocation Datacenter,Datacenter,52.800000000000004,-26.0204992302225,28.1184385158806,NA,MW,0.05747058726335291,0.8181589709291481
ClusterPower,Colocation Datacenter,Datacenter,0.264,44.375472048366,23.8543100246022,NA,MW,2.8663813695268463e-4,0.315989724875794
Amazon Web Services,Self-build Datacenter,Datacenter,55.440000000000005,51.6180488746473,-1.26509215677032,NA,MW,0.0603441525460866,0.8245321922144578
H1 Systems,Self-build Datacenter,Datacenter,0.33,65.7574576911266,21.7584077042214,NA,MW,3.584772690210266e-4,0.33446925260026933
Compass Datacenters,Colocation Datacenter,Datacenter,11.22,32.0204887415025,34.9603839220639,NA,MW,0.012211934060297455,0.6963888196843956
GTS Data Centers,Colocation Datacenter,Datacenter,0.198,46.787981917804,23.5948479321671,NA,MW,2.1479900488434258e-4,0.2853188752906802
Amazon Web Services,Self-build Datacenter,Datacenter,11.88,51.4150125693612,-0.784292597891575,NA,MW,0.012930325380980877,0.6991736673911049
Amazon Web Services,Self-build Datacenter,Datacenter,11.88,51.5234261050487,-1.76428508974616,NA,MW,0.012930325380980877,0.6991736673911049
Troll Mountain,Colocation Datacenter,Datacenter,3.168,58.5200947316506,7.7753562559663,NA,MW,0.003447559947959732,0.5832783197914386
nLighten,Colocation Datacenter,Datacenter,0.396,48.5203844444209,7.7373450314102,NA,MW,4.3031640108936856e-4,0.37692711334378215
Dubai Airports,Self-build Datacenter,Datacenter,0.66,25.2650128983689,55.362444069164,NA,MW,7.176729293627365e-4,0.4155754666095678
Gulf Data Hub,Colocation Datacenter,Datacenter,42.24,24.2646693337084,54.4589882884622,NA,MW,0.0459763261324182,0.8014206851304136
Compass Datacenters,Colocation Datacenter,Datacenter,11.22,31.7718708660562,34.9920567630152,NA,MW,0.012211934060297455,0.6963888196843956
Smartworld,Self-build Datacenter,Datacenter,0.0792,24.8838504562193,55.1408543757152,NA,MW,8.548856716132698e-5,0.22301369796723533
Khazna Data Centers,Colocation Datacenter,Datacenter,23.76,24.43301560462,54.812320098329,NA,MW,0.025861369153282437,0.7567185933142181
Cibicom,Colocation Datacenter,Datacenter,2.31,55.7280517995185,12.3827913994387,NA,MW,0.0025136512310712867,0.5553540616822411
Epsilon,Colocation Datacenter,Datacenter,0.66,51.525076287923,-0.084615008852594,NA,MW,7.176729293627365e-4,0.4155754666095678
StoreSpeed,Colocation Datacenter,Datacenter,0.165,59.1235044439695,11.3858431877718,NA,MW,1.788794388501716e-4,0.27561916636419576
Creanova Datacenter,Colocation Datacenter,Datacenter,0.0792,60.218581083596,24.8759760955886,NA,MW,8.548856716132698e-5,0.22301369796723533
Nordlo Bergen,Colocation Datacenter,Datacenter,0.099,60.3413273528667,5.35519743908287,NA,MW,1.0704030678182957e-4,0.23061307124173125
"Ports, Customs and Free Zone Corporation",Self-build Datacenter,Datacenter,0.0792,25.007884026841,55.0851156075522,NA,MW,8.548856716132698e-5,0.22301369796723533
Dubai Municipality,Self-build Datacenter,Datacenter,0.033,25.2644079075192,55.3118945774187,NA,MW,3.5201174713487585e-5,0.12072065583645451
Terrahost,Colocation Datacenter,Datacenter,0.0594,59.172107721367,10.2088003175779,NA,MW,6.393682754082438e-5,0.17046160121121723
Abu Dhabi City Municipality,Self-build Datacenter,Datacenter,0.033,24.4877556053629,54.3788961166649,NA,MW,3.5201174713487585e-5,0.12072065583645451
GTS Data Centers,Colocation Datacenter,Datacenter,1.32,44.4154967942142,26.0754679947838,NA,MW,0.0014360642500461567,0.49707249917727087
Abu Dhabi Judicial Department,Self-build Datacenter,Datacenter,0.33264,24.4166117424579,54.4472188305111,NA,MW,3.613508343037603e-4,0.37326202477342957
Compass Datacenters,Colocation Datacenter,Datacenter,11.22,32.3102608274654,34.9617682916178,NA,MW,0.012211934060297455,0.6963888196843956
nLighten,Colocation Datacenter,Datacenter,9.24,51.6019469536968,-1.73031115684171,NA,MW,0.010056760098247196,0.6772969633617073
Telefonica,Self-build Datacenter,Datacenter,0.33,40.5995103716274,-3.69784330585064,NA,MW,3.584772690210266e-4,0.33446925260026933
Abu Dhabi Ports,Self-build Datacenter,Datacenter,0.033,24.515301835367,54.3831463375143,NA,MW,3.5201174713487585e-5,0.12072065583645451
Digita Data Centers,Colocation Datacenter,Datacenter,0.66,60.2043784976208,24.9208624602766,NA,MW,7.176729293627365e-4,0.4155754666095678
hscale,Colocation Datacenter,Datacenter,91.08,60.2052502783981,10.2348283833726,NA,MW,0.09913728386299128,0.8647258879942193
King Faisal University (KFU),Self-build Datacenter,Datacenter,0.0792,25.3395267379216,49.5973217481046,NA,MW,8.548856716132698e-5,0.22301369796723533
Batelco,Self-build Datacenter,Datacenter,8.1576,26.0717032719756,50.6121071606732,NA,MW,0.008878598332326388,0.6687897014114943
Sharjah Department of eGovernment,Self-build Datacenter,Datacenter,0.33,25.355177488043,55.4265326833896,NA,MW,3.584772690210266e-4,0.33446925260026933
ITENOS,Self-build Datacenter,Datacenter,1.6632,50.0986916780895,8.63286709357219,NA,MW,0.0018096277368015352,0.5316248408054124
Amazon Web Services,Self-build Datacenter,Datacenter,4.95,26.0695010955355,50.6049963862914,NA,MW,0.005387216513804967,0.6237746529530668
Gateway Gulf,Self-build Datacenter,Datacenter,0.33,26.2238375500486,50.5687751075146,NA,MW,3.584772690210266e-4,0.33446925260026933
Abdul Latif Jameel,Self-build Datacenter,Datacenter,0.05280000000000001,21.5745985367147,39.2011776030088,NA,MW,5.675291433399018e-5,0.1678782234493634
Kalaam,Self-build Datacenter,Datacenter,0.33,29.3407415681515,47.9476244810369,NA,MW,3.584772690210266e-4,0.33446925260026933
Qatar University,Self-build Datacenter,Datacenter,0.6534,25.3775578858614,51.4922731551187,NA,MW,7.104890161559024e-4,0.41532039495854145
Najm,Self-build Datacenter,Datacenter,0.0858,24.7796741445965,46.6429224497734,NA,MW,9.267248036816118e-5,0.22784188033518366
King Abdulaziz City for Science and Technology (KACST),Self-build Datacenter,Datacenter,0.264,24.7181284717538,46.6466920382177,NA,MW,2.8663813695268463e-4,0.315989724875794
Amazon Web Services,Self-build Datacenter,Datacenter,4.95,26.1546172369137,50.4743259233205,NA,MW,0.005387216513804967,0.6237746529530668
Zain,Self-build Datacenter,Datacenter,0.33,29.3439398812455,47.9447341019413,NA,MW,3.584772690210266e-4,0.33446925260026933
Digital Realty,Colocation Datacenter,Datacenter,52.800000000000004,48.6774738957323,2.20732258112593,NA,MW,0.05747058726335291,0.8181589709291481
Allianz,Self-build Datacenter,Datacenter,0.264,48.1873587473652,11.6524155802997,NA,MW,2.8663813695268463e-4,0.315989724875794
JP Morgan,Self-build Datacenter,Datacenter,5.346,51.2473615444375,-1.09556057095701,NA,MW,0.005818251306215019,0.6318801766705284
Salam,Self-build Datacenter,Datacenter,0.099,24.6608043750519,46.7098402109535,NA,MW,1.0704030678182957e-4,0.23061307124173125
Batelco,Self-build Datacenter,Datacenter,0.495,26.2227268963117,50.5708653841449,NA,MW,5.380750991918815e-4,0.3964431014066308
General Authority for Statistics (GaStat),Self-build Datacenter,Datacenter,0.0495,24.821335977548,46.6196158705213,NA,MW,5.3160957730573077e-5,0.16523724046341057
Equinix,Colocation Datacenter,Datacenter,9.24,40.5343156685785,-3.66168890062695,NA,MW,0.010056760098247196,0.6772969633617073
Kuwait National Guard,Self-build Datacenter,Datacenter,0.17820000000000003,29.3045889360592,47.9235308767008,NA,MW,1.9324726526384e-4,0.28329489597858815
Mobily,Colocation Datacenter,Datacenter,1.0032,26.1259826221338,43.9840654709376,NA,MW,0.001091236416118115,0.4842936504065799
Start Campus,Colocation Datacenter,Datacenter,801.24,37.9366248150047,-8.80525225129321,NA,MW,0.8721263449183513,0.9741694408253005
iaas,Colocation Datacenter,Datacenter,0.792,40.4402847152531,-3.62333468972581,NA,MW,8.613511934994207e-4,0.45478548622291065
Imam Abdulrahman Bin Faisal University (IAU),Self-build Datacenter,Datacenter,0.066,26.3974089804205,50.195319568301,NA,MW,7.112074074765859e-5,0.1721534085159869
Equinix,Colocation Datacenter,Datacenter,0.7392000000000001,44.42754263095,8.95377065491437,NA,MW,8.038798878447471e-4,0.4533443483926806
Kuwait Finance House,Self-build Datacenter,Datacenter,1.32,29.1993951823162,48.052746102355,NA,MW,0.0014360642500461567,0.49707249917727087
Abu Dhabi Ministry of Interior,Self-build Datacenter,Datacenter,0.033,24.4499195925602,54.3932833469677,NA,MW,3.5201174713487585e-5,0.12072065583645451
Ooredoo,Self-build Datacenter,Datacenter,0.33,29.3621465149784,47.975654673282,NA,MW,3.584772690210266e-4,0.33446925260026933
ITENOS,Self-build Datacenter,Datacenter,0.99,50.1299323811195,8.61287099428929,NA,MW,0.0010768685897044467,0.46920446292403056
Mobily,Colocation Datacenter,Datacenter,2.64,26.3627247618607,49.9557333838356,NA,MW,0.002872846891412997,0.5631704731174867
solutions by stc,Self-build Datacenter,Datacenter,0.33,29.3690098124967,47.975350950035,NA,MW,3.584772690210266e-4,0.33446925260026933
National Bank of Kuwait,Self-build Datacenter,Datacenter,0.66,29.3036976421592,47.9291172408642,NA,MW,7.176729293627365e-4,0.4155754666095678
Orange Romania,Self-build Datacenter,Datacenter,0.198,46.772829076313,23.5876219781639,NA,MW,2.1479900488434258e-4,0.2853188752906802
Shonfeld Data Services (SDS),Colocation Datacenter,Datacenter,11.88,31.9184093799033,34.961783358642,NA,MW,0.012930325380980877,0.6991736673911049
Asiatech,Self-build Datacenter,Datacenter,0.066,35.7366040984361,51.3967198969604,NA,MW,7.112074074765859e-5,0.1721534085159869
Asiatech,Self-build Datacenter,Datacenter,0.29700000000000004,35.745202052444,51.3758050437901,NA,MW,3.225577029868556e-4,0.3313742394774948
Atenahost,Colocation Datacenter,Datacenter,0.066,35.7304620929524,51.435617391368,NA,MW,7.112074074765859e-5,0.1721534085159869
M247 Europe,Colocation Datacenter,Datacenter,4.8180000000000005,44.4785375895943,26.1179381022274,NA,MW,0.005243538249668282,0.6234937742399914
Atieh Dadeh Pardaz,Self-build Datacenter,Datacenter,0.066,35.759302414038,51.4009942775437,NA,MW,7.112074074765859e-5,0.1721534085159869
Faraso Samaneh Pasargad,Self-build Datacenter,Datacenter,0.066,35.7050348842822,51.4351049246039,NA,MW,7.112074074765859e-5,0.1721534085159869
Orange Romania,Self-build Datacenter,Datacenter,0.15180000000000002,46.7778785346124,23.6143109866141,NA,MW,1.645116124365032e-4,0.2722025943436671
EUDC,Colocation Datacenter,Datacenter,0.198,45.6518461581849,25.6016313334423,NA,MW,2.1479900488434258e-4,0.2853188752906802
Aryahamrah,Self-build Datacenter,Datacenter,0.066,35.7693371791892,51.4284002975333,NA,MW,7.112074074765859e-5,0.1721534085159869
Fastserv,Colocation Datacenter,Datacenter,0.33,32.0694477083668,34.7943895472561,NA,MW,3.584772690210266e-4,0.33446925260026933
Afranet,Colocation Datacenter,Datacenter,0.198,35.733215137523,51.4425866504614,NA,MW,2.1479900488434258e-4,0.2853188752906802
Homatelecom,Self-build Datacenter,Datacenter,0.066,35.7569718461594,51.4031728136367,NA,MW,7.112074074765859e-5,0.1721534085159869
Asiatech,Self-build Datacenter,Datacenter,0.45539999999999997,35.7287752159687,51.4258383104712,NA,MW,4.949716199508763e-4,0.3901395606872292
Shabdiz Telecom Network,Self-build Datacenter,Datacenter,0.033,35.7393837427457,51.3967740334408,NA,MW,3.5201174713487585e-5,0.12072065583645451
ServerFarm,Colocation Datacenter,Datacenter,6.732,32.2214362898873,34.8731984734592,NA,MW,0.007326873079650201,0.65521092869005
Ravand Tazeh,Colocation Datacenter,Datacenter,0.198,35.7553385174105,51.4390809934599,NA,MW,2.1479900488434258e-4,0.2853188752906802
Sindad,Colocation Datacenter,Datacenter,0.033,35.7392585594334,51.396862830736,NA,MW,3.5201174713487585e-5,0.12072065583645451
Islamic Republic of Iran Broadcasting (IRIB),Self-build Datacenter,Datacenter,1.6500000000000001,35.7817178156353,51.4059636400676,NA,MW,0.0017952599103878667,0.5253577947705927
Netiran,Self-build Datacenter,Datacenter,0.066,35.7058046577295,51.3476569820261,NA,MW,7.112074074765859e-5,0.1721534085159869
Pars Online,Colocation Datacenter,Datacenter,0.99,35.7312106305487,51.8271043745479,NA,MW,0.0010768685897044467,0.46920446292403056
Mashhad Host,Colocation Datacenter,Datacenter,0.066,36.2829794756165,59.5552034592141,NA,MW,7.112074074765859e-5,0.1721534085159869
Vantage Data Centers,Colocation Datacenter,Datacenter,21.12,52.2635705657467,13.5737940817716,NA,MW,0.022987803870548756,0.7478184255115174
Xunta de Galicia,Self-build Datacenter,Datacenter,0.46199999999999997,42.8706803850514,-8.52669194131207,NA,MW,5.021555331577106e-4,0.3902747392171655
SamaPardaz,Self-build Datacenter,Datacenter,0.033,35.6988924177431,51.4025565971231,NA,MW,3.5201174713487585e-5,0.12072065583645451
HostIran,Self-build Datacenter,Datacenter,0.066,35.7286967785324,51.4247493965682,NA,MW,7.112074074765859e-5,0.1721534085159869
Iranet,Self-build Datacenter,Datacenter,0.033,35.7941939177452,51.4731021862728,NA,MW,3.5201174713487585e-5,0.12072065583645451
Saudi Telecom Company (STC),Colocation Datacenter,Datacenter,0.9636,21.4641221260097,39.1990942613468,NA,MW,0.0010481329368771098,0.4687306381189738
DataCenter PPNT,Self-build Datacenter,Datacenter,0.15180000000000002,52.4564556525939,16.9557002642318,NA,MW,1.645116124365032e-4,0.2722025943436671
Cyfronet,Self-build Datacenter,Datacenter,0.7260000000000001,50.0689679159519,19.9092295194575,NA,MW,7.895120614310788e-4,0.45081672041396315
Government of Iran,Self-build Datacenter,Datacenter,0.198,35.7344089408572,51.8693318228767,NA,MW,2.1479900488434258e-4,0.2853188752906802
Mizbantech,Colocation Datacenter,Datacenter,0.033,38.0594954151919,46.3881044450873,NA,MW,3.5201174713487585e-5,0.12072065583645451
Exa Infrastructure,Colocation Datacenter,Datacenter,0.33,43.2289771366675,-2.88043929442591,NA,MW,3.584772690210266e-4,0.33446925260026933
IQ PL,Colocation Datacenter,Datacenter,0.17820000000000003,54.3573962129877,18.4809639612547,NA,MW,1.9324726526384e-4,0.28329489597858815
Custodian Data Centres,Colocation Datacenter,Datacenter,1.056,51.2795899404842,0.548763651386748,NA,MW,0.0011487077217727888,0.48523303232781584
Bank Mellat,Self-build Datacenter,Datacenter,0.066,35.7064452801301,51.4207355480335,NA,MW,7.112074074765859e-5,0.1721534085159869
IBM,Self-build Datacenter,Datacenter,0.66,52.2072034163268,20.595703619549,NA,MW,7.176729293627365e-4,0.4155754666095678
EXEA,Colocation Datacenter,Datacenter,0.66,52.9912361123562,18.6643878995392,NA,MW,7.176729293627365e-4,0.4155754666095678
Advanced Communications Technology,Self-build Datacenter,Datacenter,0.066,35.7270050216739,51.4212280238712,NA,MW,7.112074074765859e-5,0.1721534085159869
EdgeConneX,Colocation Datacenter,Datacenter,13.200000000000001,50.8847472965395,4.17637978543663,NA,MW,0.014367108022347716,0.709905288357056
General Authority for Civil Aviation,Self-build Datacenter,Datacenter,3.96,21.6630104137173,39.1903414043267,NA,MW,0.0043096295327798365,0.6014333584057593
Custodian Data Centres,Colocation Datacenter,Datacenter,1.98,51.4534269254043,0.258073456196616,NA,MW,0.002154455570729577,0.5378026804166678
Telia,Colocation Datacenter,Datacenter,0.264,54.6870336103454,25.4174867777993,NA,MW,2.8663813695268463e-4,0.315989724875794
KakoHost,Self-build Datacenter,Datacenter,0.066,29.6298714504013,52.5206946343296,NA,MW,7.112074074765859e-5,0.1721534085159869
Orange Polska,Self-build Datacenter,Datacenter,1.7820000000000003,51.7895867316469,19.5066473698791,NA,MW,0.001938938174524551,0.5332850275105172
Green Mountain,Colocation Datacenter,Datacenter,26.73,59.7591213052095,10.9925773042012,NA,MW,0.02909413009635783,0.7704895029047354
Hamrahe Aval (MCI),Self-build Datacenter,Datacenter,0.66,38.0980102748512,46.2749766494661,NA,MW,7.176729293627365e-4,0.4155754666095678
Parsdev,Self-build Datacenter,Datacenter,0.066,37.2842777719177,49.5746687990376,NA,MW,7.112074074765859e-5,0.1721534085159869
Vantage Data Centers,Colocation Datacenter,Datacenter,26.400000000000002,50.0134191852092,8.46198347369395,NA,MW,0.02873493443601612,0.7650522155526219
CSC,Self-build Datacenter,Datacenter,6.6000000000000005,64.2316663027623,27.6900402966995,NA,MW,0.007183194815513517,0.6455658398812243
Afranet,Self-build Datacenter,Datacenter,0.66,35.6978077150446,51.423154699737204,NA,MW,7.176729293627365e-4,0.4155754666095678
MTN Irancell,Self-build Datacenter,Datacenter,0.792,35.7578483211823,51.4722975702197,NA,MW,8.613511934994207e-4,0.45478548622291065
Namex,Self-build Datacenter,Datacenter,0.033,41.1234579601818,16.8602759289954,NA,MW,3.5201174713487585e-5,0.12072065583645451
Fanava IDC,Self-build Datacenter,Datacenter,0.066,35.7317451928524,51.4321162790111,NA,MW,7.112074074765859e-5,0.1721534085159869
Sefroyek Pardaz Engineering,Colocation Datacenter,Datacenter,0.066,35.7246165912971,51.3162975874351,NA,MW,7.112074074765859e-5,0.1721534085159869
Talia,Self-build Datacenter,Datacenter,0.066,33.3093047690888,44.3520459036448,NA,MW,7.112074074765859e-5,0.1721534085159869
Asiacell,Self-build Datacenter,Datacenter,0.198,33.1653937273027,44.3654736472207,NA,MW,2.1479900488434258e-4,0.2853188752906802
iLevant,Colocation Datacenter,Datacenter,0.066,31.9587076430593,35.851920843415,NA,MW,7.112074074765859e-5,0.1721534085159869
Housing Bank for Trade and Finance,Self-build Datacenter,Datacenter,0.066,31.9659560365949,35.8932638603738,NA,MW,7.112074074765859e-5,0.1721534085159869
Quantum Switch,Colocation Datacenter,Datacenter,5.94,25.9636996953212,49.873221237824,NA,MW,0.006464803494830097,0.6344822178279486
Link Data Solutions,Colocation Datacenter,Datacenter,0.33,36.2191075318705,43.9889931401415,NA,MW,3.584772690210266e-4,0.33446925260026933
Asiacell,Self-build Datacenter,Datacenter,0.066,35.6115234577522,45.2960374066276,NA,MW,7.112074074765859e-5,0.1721534085159869
xneelo,Self-build Datacenter,Datacenter,0.1386,-33.8684167508792,18.6413671141731,NA,MW,1.5014378602283478e-4,0.26959885252876387
Asiacell,Self-build Datacenter,Datacenter,0.33,36.381621011642,43.1829072719267,NA,MW,3.584772690210266e-4,0.33446925260026933
xneelo,Self-build Datacenter,Datacenter,0.198,-33.9701242930299,18.4649700831149,NA,MW,2.1479900488434258e-4,0.2853188752906802
Asiacell,Self-build Datacenter,Datacenter,0.528,33.2978297045777,44.4414772705788,NA,MW,5.739946652260526e-4,0.4001521973645303
Orange,Colocation Datacenter,Datacenter,0.99,31.8906528664932,35.8455114883025,NA,MW,0.0010768685897044467,0.46920446292403056
Asiacell,Self-build Datacenter,Datacenter,0.198,33.2852847790036,44.2425474440635,NA,MW,2.1479900488434258e-4,0.2853188752906802
ENGIE,Self-build Datacenter,Datacenter,0.792,50.8920775917065,6.02784883878224,NA,MW,8.613511934994207e-4,0.45478548622291065
Masarat,Colocation Datacenter,Datacenter,0.066,33.3228872245297,44.4641192690459,NA,MW,7.112074074765859e-5,0.1721534085159869
Umniah,Self-build Datacenter,Datacenter,0.066,31.9981723546334,35.8960140742754,NA,MW,7.112074074765859e-5,0.1721534085159869
Orange,Colocation Datacenter,Datacenter,0.66,31.9794123091563,35.8306983106401,NA,MW,7.176729293627365e-4,0.4155754666095678
VTEL Jordan,Self-build Datacenter,Datacenter,0.066,31.9622349592498,35.8906230084828,NA,MW,7.112074074765859e-5,0.1721534085159869
Cegeka,Self-build Datacenter,Datacenter,0.495,50.9800377716924,5.82794783217107,NA,MW,5.380750991918815e-4,0.3964431014066308
Vodacom,Self-build Datacenter,Datacenter,0.198,-29.7082990616268,31.032536150581,NA,MW,2.1479900488434258e-4,0.2853188752906802
Greyhound,Colocation Datacenter,Datacenter,0.066,36.200761055657,43.9800355357329,NA,MW,7.112074074765859e-5,0.1721534085159869
DATEV,Self-build Datacenter,Datacenter,0.66,49.4532007343578,11.0463654626994,NA,MW,7.176729293627365e-4,0.4155754666095678
AzIn Telecom,Self-build Datacenter,Datacenter,0.7260000000000001,40.380465475071,49.8334694719469,NA,MW,7.895120614310788e-4,0.45081672041396315
Fuzion,Colocation Datacenter,Datacenter,0.099,56.4642572786021,9.98177941557538,NA,MW,1.0704030678182957e-4,0.23061307124173125
Zain,Colocation Datacenter,Datacenter,1.6500000000000001,31.9719211695413,35.8342246796829,NA,MW,0.0017952599103878667,0.5253577947705927
NaiTel,Colocation Datacenter,Datacenter,0.8250000000000001,29.5317411842052,35.009313297683,NA,MW,8.972707595335917e-4,0.46160156089888477
Cegeka,Self-build Datacenter,Datacenter,0.627,50.9299112925721,5.36693256362145,NA,MW,6.817533633285656e-4,0.4139151427193124
Dimension Data,Self-build Datacenter,Datacenter,0.29700000000000004,-29.7298390291675,31.0679974396813,NA,MW,3.225577029868556e-4,0.3313742394774948
Earthlink,Colocation Datacenter,Datacenter,0.066,33.2911834296709,44.4202297262981,NA,MW,7.112074074765859e-5,0.1721534085159869
3S Data Center,Self-build Datacenter,Datacenter,0.36300000000000004,54.4136154211184,18.4723676683357,NA,MW,3.943968350551976e-4,0.3748174762331749
FastIraq,Colocation Datacenter,Datacenter,0.066,33.3051866116904,44.3542574116027,NA,MW,7.112074074765859e-5,0.1721534085159869
Asiacell,Self-build Datacenter,Datacenter,0.066,36.1818790857652,43.9934633996993,NA,MW,7.112074074765859e-5,0.1721534085159869
xneelo,Self-build Datacenter,Datacenter,0.198,-33.8745695622477,18.5394637535411,NA,MW,2.1479900488434258e-4,0.2853188752906802
Artnet,Colocation Datacenter,Datacenter,0.66,54.3841597915422,18.6388153596118,NA,MW,7.176729293627365e-4,0.4155754666095678
Artnet,Colocation Datacenter,Datacenter,0.396,54.4593882519825,18.4594423937606,NA,MW,4.3031640108936856e-4,0.37692711334378215
Quantum Switch,Colocation Datacenter,Datacenter,5.94,25.0910093540809,51.5957293923788,NA,MW,0.006464803494830097,0.6344822178279486
Damamax,Colocation Datacenter,Datacenter,0.066,31.9760451804767,35.8660187090022,NA,MW,7.112074074765859e-5,0.1721534085159869
Noovle,Colocation Datacenter,Datacenter,3.366,45.4913285566691,8.90715545265088,NA,MW,0.003663077344164758,0.5956482869809274
Cloud9,Colocation Datacenter,Datacenter,0.15180000000000002,41.7232734968563,44.7871520986767,NA,MW,1.645116124365032e-4,0.2722025943436671
Bouygues Telecom,Self-build Datacenter,Datacenter,0.132,46.9946363757988,3.12381141671889,NA,MW,1.4295987281600058e-4,0.24754281120651617
Scopesky,Self-build Datacenter,Datacenter,0.066,33.254694357179,44.237288773711,NA,MW,7.112074074765859e-5,0.1721534085159869
AtlasEdge Data Centres,Colocation Datacenter,Datacenter,0.46199999999999997,52.343271396418,4.84487456063943,NA,MW,5.021555331577106e-4,0.3902747392171655
Kuwait National Guard,Self-build Datacenter,Datacenter,0.066,29.3188506299051,47.9107835372412,NA,MW,7.112074074765859e-5,0.1721534085159869
solutions by stc,Self-build Datacenter,Datacenter,0.5940000000000001,26.300563827789,50.1572494642932,NA,MW,6.458337972943946e-4,0.4101907163362423
Banque Libano-Francaise,Self-build Datacenter,Datacenter,0.33,34.0208269377168,35.6604372079171,NA,MW,3.584772690210266e-4,0.33446925260026933
Vodafone,Self-build Datacenter,Datacenter,0.528,51.4166689053983,-0.772339888673031,NA,MW,5.739946652260526e-4,0.4001521973645303
Quantum Switch,Colocation Datacenter,Datacenter,5.94,26.2537274352616,49.9894027953963,NA,MW,0.006464803494830097,0.6344822178279486
LFAIT,Self-build Datacenter,Datacenter,0.026400000000000003,33.6992846429597,35.4449193054502,NA,MW,2.801726150665338e-5,0.11210370132470486
Byblos Bank,Self-build Datacenter,Datacenter,0.0792,33.8866073376412,35.5168057735574,NA,MW,8.548856716132698e-5,0.22301369796723533
Saudi Telecom Company (STC),Self-build Datacenter,Datacenter,0.066,24.6769800768287,46.7038632799264,NA,MW,7.112074074765859e-5,0.1721534085159869
Zero Point DC,Colocation Datacenter,Datacenter,23.76,27.4749398911143,35.6028070747059,NA,MW,0.025861369153282437,0.7567185933142181
Nuetel Communications,Self-build Datacenter,Datacenter,0.23099999999999998,26.2922241965317,50.6672185873632,NA,MW,2.5071857091851356e-4,0.3101542499938824
Internal Security Force (ISF),Self-build Datacenter,Datacenter,0.066,33.881331847371,35.4912449537891,NA,MW,7.112074074765859e-5,0.1721534085159869
Edgnex Data Centres by Damac,Colocation Datacenter,Datacenter,21.78,25.9598238922928,49.8764783838508,NA,MW,0.02370619519123218,0.7529529397232753
Delta Telecom,Colocation Datacenter,Datacenter,0.5940000000000001,40.405345779769,49.8000926577622,NA,MW,6.458337972943946e-4,0.4101907163362423
Infonas,Self-build Datacenter,Datacenter,0.33,26.2363121500389,50.5774085052018,NA,MW,3.584772690210266e-4,0.33446925260026933
Bankmed,Self-build Datacenter,Datacenter,0.198,33.8971674208955,35.4956354252326,NA,MW,2.1479900488434258e-4,0.2853188752906802
Equinix,Colocation Datacenter,Datacenter,9.1938,50.1391436702098,8.73965514566648,NA,MW,0.010006472705799357,0.6771272870784707
Center3,Colocation Datacenter,Datacenter,3.168,26.2501332953676,44.0280009865257,NA,MW,0.003447559947959732,0.5832783197914386
Fransabank,Self-build Datacenter,Datacenter,0.09240000000000001,33.8949885636484,35.4871692336766,NA,MW,9.985639357499539e-5,0.2289562776030639
Center3,Colocation Datacenter,Datacenter,3.168,21.4848120158706,39.9487720623761,NA,MW,0.003447559947959732,0.5832783197914386
touch,Self-build Datacenter,Datacenter,0.198,33.8928560283072,35.5052174713018,NA,MW,2.1479900488434258e-4,0.2853188752906802
Andorra Telecom,Colocation Datacenter,Datacenter,0.198,42.5446154011448,1.51707084534361,NA,MW,2.1479900488434258e-4,0.2853188752906802
Saudi Telecom Company (STC),Self-build Datacenter,Datacenter,0.4752,24.6875573998742,46.6891593257548,NA,MW,5.165233595713789e-4,0.3947095483879246
Oman Data Park,Colocation Datacenter,Datacenter,0.33,19.5295005992769,57.6159658834556,NA,MW,3.584772690210266e-4,0.33446925260026933
Andorra Telecom,Self-build Datacenter,Datacenter,0.132,42.496783439918,1.51293059161292,NA,MW,1.4295987281600058e-4,0.24754281120651617
Banque du Liban,Self-build Datacenter,Datacenter,0.42900000000000005,33.8956397309229,35.4884465340391,NA,MW,4.6623596712353963e-4,0.3872896907487881
Azer Telecom,Self-build Datacenter,Datacenter,0.099,40.4169845408739,49.9093044326563,NA,MW,1.0704030678182957e-4,0.23061307124173125
Saudi Telecom Company (STC),Self-build Datacenter,Datacenter,2.31,26.4108175114564,50.0858060918879,NA,MW,0.0025136512310712867,0.5553540616822411
Credit Libanais,Self-build Datacenter,Datacenter,0.0792,33.8806620643826,35.5251493363364,NA,MW,8.548856716132698e-5,0.22301369796723533
CKW,Self-build Datacenter,Datacenter,1.155,47.150191005624,8.42979888488795,NA,MW,0.0012564664198753018,0.49109788158026263
DataCenter LTD,Colocation Datacenter,Datacenter,0.21780000000000002,41.7228623104486,44.7322833678238,NA,MW,2.363507445048452e-4,0.30871675772651785
Cirrus (ITG),Self-build Datacenter,Datacenter,0.066,33.8855968263071,35.531914209766,NA,MW,7.112074074765859e-5,0.1721534085159869
Khazna Data Centers,Colocation Datacenter,Datacenter,27.720000000000002,24.7123176951127,54.8772342460021,NA,MW,0.03017171707738296,0.7727183356618712
Equinix,Colocation Datacenter,Datacenter,0.66,16.9834610237058,54.0082160875427,NA,MW,7.176729293627365e-4,0.4155754666095678
Nemox,Self-build Datacenter,Datacenter,0.132,47.2663495993841,11.434833381359,NA,MW,1.4295987281600058e-4,0.24754281120651617
Swisscom,Self-build Datacenter,Datacenter,0.495,46.0116938512321,8.93541531563876,NA,MW,5.380750991918815e-4,0.3964431014066308
Microsoft,Self-build Datacenter,Datacenter,9.9,40.5347877442817,-3.31434566123715,NA,MW,0.010775151418930618,0.6833128712366293
Nexeren,Colocation Datacenter,Datacenter,0.2574,45.831219431085,3.11493127544505,NA,MW,2.794542237458504e-4,0.31546529785338473
Swisscom,Self-build Datacenter,Datacenter,0.33,47.5449156844955,7.60118198980058,NA,MW,3.584772690210266e-4,0.33446925260026933
Swisscom,Self-build Datacenter,Datacenter,0.528,47.3620316209582,8.5094049577697,NA,MW,5.739946652260526e-4,0.4001521973645303
Open Access Data Centres,Colocation Datacenter,Datacenter,2.64,-30.0205238128321,30.9098494194417,NA,MW,0.002872846891412997,0.5631704731174867
Khazna Data Centers,Colocation Datacenter,Datacenter,41.976000000000006,24.4207327289307,54.6234091213495,NA,MW,0.045688969604144834,0.8007385176800618
Borealis Data Center,Colocation Datacenter,Datacenter,7.260000000000001,64.2321961558105,27.6956349549714,NA,MW,0.007901586136196938,0.6588171395044857
Microsoft,Self-build Datacenter,Datacenter,25.344,55.5813808303016,12.0992088482625,NA,MW,0.027585508322922645,0.7631922737138688
Nexeren,Colocation Datacenter,Datacenter,0.264,45.4896816940527,4.82690797048204,NA,MW,2.8663813695268463e-4,0.315989724875794
Nokia,Self-build Datacenter,Datacenter,0.33,61.4889129235278,23.7720131238444,NA,MW,3.584772690210266e-4,0.33446925260026933
MTN Syria,Self-build Datacenter,Datacenter,0.066,33.5076787389518,36.2696203304181,NA,MW,7.112074074765859e-5,0.1721534085159869
NorthC,Colocation Datacenter,Datacenter,3.3000000000000003,47.5124007248342,7.61550219096607,NA,MW,0.0035912382120964165,0.5864688078909632
UniversitÃ© Claude Bernard Lyon 1,Self-build Datacenter,Datacenter,0.99,45.7819892336691,4.87258530474514,NA,MW,0.0010768685897044467,0.46920446292403056
Digital Realty,Colocation Datacenter,Datacenter,8.976,50.8736570268255,4.50325093444863,NA,MW,0.00976940356997383,0.6756055251038643
Tieto-EVRY,Colocation Datacenter,Datacenter,0.99,60.184945161529,24.8169927790078,NA,MW,0.0010768685897044467,0.46920446292403056
atNorth,Colocation Datacenter,Datacenter,26.400000000000002,65.6764462754534,-18.140794084947,NA,MW,0.02873493443601612,0.7650522155526219
Telia,Self-build Datacenter,Datacenter,0.33,60.9905901218606,25.6591366582244,NA,MW,3.584772690210266e-4,0.33446925260026933
TNNet,Colocation Datacenter,Datacenter,0.66,62.2373691011245,25.9120581322578,NA,MW,7.176729293627365e-4,0.4155754666095678
YemenNet,Self-build Datacenter,Datacenter,0.066,15.395044831094,44.2070842700213,NA,MW,7.112074074765859e-5,0.1721534085159869
Nexspace,Colocation Datacenter,Datacenter,2.64,47.0404906570016,15.4249727111695,NA,MW,0.002872846891412997,0.5631704731174867
High DC,Colocation Datacenter,Datacenter,0.165,47.0821447236391,6.80170512641258,NA,MW,1.788794388501716e-4,0.27561916636419576
Adista,Colocation Datacenter,Datacenter,0.165,48.7032913659753,6.13940232235623,NA,MW,1.788794388501716e-4,0.27561916636419576
Nexeren,Colocation Datacenter,Datacenter,0.132,45.1080299819913,2.67235579973204,NA,MW,1.4295987281600058e-4,0.24754281120651617
Microsoft,Self-build Datacenter,Datacenter,25.344,55.6430556865623,12.2580578153232,NA,MW,0.027585508322922645,0.7631922737138688
Syriatel,Self-build Datacenter,Datacenter,0.066,33.4399564559182,36.2616484390152,NA,MW,7.112074074765859e-5,0.1721534085159869
Amazon Web Services,Self-build Datacenter,Datacenter,10.56,24.2688654563523,54.4634295863937,NA,MW,0.011493542739614037,0.6880616533755357
nLighten,Colocation Datacenter,Datacenter,2.64,52.0422832698882,-0.818411266017904,NA,MW,0.002872846891412997,0.5631704731174867
Amazon Web Services,Self-build Datacenter,Datacenter,10.56,24.8930526766994,55.1098213726853,NA,MW,0.011493542739614037,0.6880616533755357
Raiffeisen Informatik,Self-build Datacenter,Datacenter,6.6000000000000005,48.2317401203233,16.4623072215852,NA,MW,0.007183194815513517,0.6455658398812243
Ooredoo,Self-build Datacenter,Datacenter,0.792,24.4291538522989,56.5933475816352,NA,MW,8.613511934994207e-4,0.45478548622291065
Pure Data Centres,Colocation Datacenter,Datacenter,35.6334,53.4075148183159,-6.34974064672283,NA,MW,0.038785229012377166,0.7924834483495259
Ooredoo,Self-build Datacenter,Datacenter,0.396,23.7069485257067,57.9032011043843,NA,MW,4.3031640108936856e-4,0.37692711334378215
Cineca,Self-build Datacenter,Datacenter,0.198,45.4733373123489,12.2525874672335,NA,MW,2.1479900488434258e-4,0.2853188752906802
Merlin Properties,Colocation Datacenter,Datacenter,14.190000000000001,41.3417694656026,2.12939502962746,NA,MW,0.015444695003372847,0.719987244014388
Raiffeisen Informatik,Self-build Datacenter,Datacenter,0.264,48.2141437415509,16.3775322392015,NA,MW,2.8663813695268463e-4,0.315989724875794
Kapper.net,Self-build Datacenter,Datacenter,0.066,48.2251014588295,16.3567350365052,NA,MW,7.112074074765859e-5,0.1721534085159869
OIZ,Colocation Datacenter,Datacenter,0.8580000000000001,47.4151945159882,8.56308824499451,NA,MW,9.331903255677627e-4,0.46326887931108013
nLighten,Colocation Datacenter,Datacenter,2.64,51.5407210711598,-2.58128312629084,NA,MW,0.002872846891412997,0.5631704731174867
Fuzion,Colocation Datacenter,Datacenter,0.33,55.7051846821977,12.5356260575586,NA,MW,3.584772690210266e-4,0.33446925260026933
Cibicom,Colocation Datacenter,Datacenter,0.33,56.238011316755,10.1153056999441,NA,MW,3.584772690210266e-4,0.33446925260026933
Equinix,Colocation Datacenter,Datacenter,12.672,52.1899451998066,20.936425261874,NA,MW,0.01379239496580098,0.7075587423167835
STACK Infrastructure,Colocation Datacenter,Datacenter,3.3000000000000003,45.3270986320609,9.21569570134382,NA,MW,0.0035912382120964165,0.5864688078909632
XL 360,Colocation Datacenter,Datacenter,0.4158,43.1278070114095,5.93287957885684,NA,MW,4.518681407098712e-4,0.38660796689918075
Conapto,Colocation Datacenter,Datacenter,9.24,59.285850703488,17.9289872883883,NA,MW,0.010056760098247196,0.6772969633617073
IBM,Self-build Datacenter,Datacenter,0.8580000000000001,47.4400869621011,8.57026114355316,NA,MW,9.331903255677627e-4,0.46326887931108013
Amazon Web Services,Self-build Datacenter,Datacenter,10.56,24.7089427755742,54.74171727442,NA,MW,0.011493542739614037,0.6880616533755357
Equinix,Colocation Datacenter,Datacenter,18.48,48.7889398497252,2.21661791210244,NA,MW,0.020114238587815077,0.7379844818409318
Advanced MedioMatrix,Colocation Datacenter,Datacenter,1.056,49.0856616987076,6.23756741217083,NA,MW,0.0011487077217727888,0.48523303232781584
Microsoft,Self-build Datacenter,Datacenter,9.9,40.5488723382853,-3.61346908085809,NA,MW,0.010775151418930618,0.6833128712366293
Microsoft,Self-build Datacenter,Datacenter,10.824,45.4288840667002,9.38669185494674,NA,MW,0.011780899267887402,0.6938213003323521
Merlin Properties,Colocation Datacenter,Datacenter,85.8,42.698813441981,-2.9074052712269,NA,MW,0.09339015329752391,0.8606958374763732
Fuzion,Colocation Datacenter,Datacenter,0.066,56.1176757100698,10.1561594809836,NA,MW,7.112074074765859e-5,0.1721534085159869
Raiffeisen Informatik,Self-build Datacenter,Datacenter,0.528,48.2143627234855,16.3762392430153,NA,MW,5.739946652260526e-4,0.4001521973645303
Ooredoo,Self-build Datacenter,Datacenter,0.66,17.0438925783886,54.143953770477,NA,MW,7.176729293627365e-4,0.4155754666095678
Conapto,Colocation Datacenter,Datacenter,0.33,59.3409760937686,18.1121753672562,NA,MW,3.584772690210266e-4,0.33446925260026933
OIZ,Colocation Datacenter,Datacenter,3.3000000000000003,47.3776065458792,8.49498026991727,NA,MW,0.0035912382120964165,0.5864688078909632
Merlin Properties,Colocation Datacenter,Datacenter,17.82,40.3108318374617,-3.69350166941816,NA,MW,0.019395847267131658,0.7359462199784954
Atlantic Data Infrastructure (ADI),Colocation Datacenter,Datacenter,1.32,43.3141416829902,-3.06956771795052,NA,MW,0.0014360642500461567,0.49707249917727087
Telia,Self-build Datacenter,Datacenter,0.23099999999999998,59.3456391853476,24.6087216382703,NA,MW,2.5071857091851356e-4,0.3101542499938824
Microsoft,Self-build Datacenter,Datacenter,12.672,52.11411966892,20.8820970718143,NA,MW,0.01379239496580098,0.7075587423167835
Enagas,Self-build Datacenter,Datacenter,0.33,40.4036189548387,-3.71035070304672,NA,MW,3.584772690210266e-4,0.33446925260026933
Selina ICT,Self-build Datacenter,Datacenter,0.0858,36.1819581713083,43.9787120229591,NA,MW,9.267248036816118e-5,0.22784188033518366
Digital Realty,Colocation Datacenter,Datacenter,4.29,35.3184520005922,25.1733310119423,NA,MW,0.004668825193121546,0.6108080250133169
UniCredit,Self-build Datacenter,Datacenter,0.66,45.4503274632814,10.895390853286,NA,MW,7.176729293627365e-4,0.4155754666095678
EdgeConneX,Colocation Datacenter,Datacenter,33.264,52.2831265036105,4.74179139074161,NA,MW,0.03620620417112368,0.7889989208990845
Khazna Data Centers,Colocation Datacenter,Datacenter,19.8,24.7473930710158,54.7464115699281,NA,MW,0.021551021229181917,0.742365222627286
Khazna Data Centers,Colocation Datacenter,Datacenter,14.157,25.0263606858447,55.1207826524041,NA,MW,0.015408775437338675,0.7195739581910259
EdgeConneX,Colocation Datacenter,Datacenter,4.95,31.9905740060445,34.759368979464,NA,MW,0.005387216513804967,0.6237746529530668
Levira,Colocation Datacenter,Datacenter,0.198,59.4299177620194,24.8496590900783,NA,MW,2.1479900488434258e-4,0.2853188752906802
UniCredit,Self-build Datacenter,Datacenter,0.66,45.4273555801088,11.0565323009246,NA,MW,7.176729293627365e-4,0.4155754666095678
Getronics,Colocation Datacenter,Datacenter,0.6435,53.3225558810302,-2.73397249066513,NA,MW,6.997131463456511e-4,0.4150651921711716
Turk Telekom,Self-build Datacenter,Datacenter,0.5940000000000001,39.902689175157,32.7049965573024,NA,MW,6.458337972943946e-4,0.4101907163362423
G42 Cloud,Self-build Datacenter,Datacenter,3.168,24.1896782520919,54.4662497121532,NA,MW,0.003447559947959732,0.5832783197914386
Kaunas University of Technology,Self-build Datacenter,Datacenter,0.066,54.9047297967639,23.956883633448,NA,MW,7.112074074765859e-5,0.1721534085159869
Genesis Digital Assets,Self-build Datacenter,Datacenter,4.95,64.9989036750526,19.6244524529798,NA,MW,0.005387216513804967,0.6237746529530668
Khazna Data Centers,Colocation Datacenter,Datacenter,14.157,25.1861644831908,55.3051308592935,NA,MW,0.015408775437338675,0.7195739581910259
Verizon,Colocation Datacenter,Datacenter,0.5207400000000001,51.4598617669615,-0.410125276669667,NA,MW,5.66092360698535e-4,0.3998883536759621
SociÃ©tÃ© GÃ©nÃ©rale,Self-build Datacenter,Datacenter,1.6500000000000001,48.6464906240579,2.49880556493707,NA,MW,0.0017952599103878667,0.5253577947705927
The Saudi Investment Bank,Self-build Datacenter,Datacenter,0.2541,24.1647277274025,47.3350158507291,NA,MW,2.758622671424333e-4,0.3152902254093065
Monaco Telecom,Self-build Datacenter,Datacenter,0.0495,43.7293619115007,7.41659875428098,NA,MW,5.3160957730573077e-5,0.16523724046341057
Equinix,Colocation Datacenter,Datacenter,13.200000000000001,45.4765653374229,9.03792658985122,NA,MW,0.014367108022347716,0.709905288357056
Atman,Colocation Datacenter,Datacenter,28.379999999999935,52.205494007575,20.807453096806,NA,MW,0.03089010839806631,0.7741278333749514
Central Bank of the United Arab Emirates,Self-build Datacenter,Datacenter,0.066,24.4567636270436,54.337354681069,NA,MW,7.112074074765859e-5,0.1721534085159869
"Communications, Space and Technology Commission",Self-build Datacenter,Datacenter,0.21780000000000002,24.736951788526,46.6348481873104,NA,MW,2.363507445048452e-4,0.30871675772651785
Prosoluce,Colocation Datacenter,Datacenter,0.264,43.1166145102529,0.754703231074842,NA,MW,2.8663813695268463e-4,0.315989724875794
Mobily,Colocation Datacenter,Datacenter,0.396,21.7461832381218,39.1387869875044,NA,MW,4.3031640108936856e-4,0.37692711334378215
Saudi Aramco,Self-build Datacenter,Datacenter,5.94,26.3234173693794,50.1059538824825,NA,MW,0.006464803494830097,0.6344822178279486
Amazon Web Services,Self-build Datacenter,Datacenter,4.95,26.0504921217637,50.5039096311127,NA,MW,0.005387216513804967,0.6237746529530668
Royal Commission for Jubail and Yanbu,Self-build Datacenter,Datacenter,0.33,24.0110021668521,38.2182711105035,NA,MW,3.584772690210266e-4,0.33446925260026933
Khalifa University,Self-build Datacenter,Datacenter,0.026400000000000003,24.4490026300168,54.3969960027268,NA,MW,2.801726150665338e-5,0.11210370132470486
Saudi British Bank,Self-build Datacenter,Datacenter,0.627,24.6595767278798,46.7105713954207,NA,MW,6.817533633285656e-4,0.4139151427193124
KSAU HS,Self-build Datacenter,Datacenter,0.66,24.7595643639396,46.8623257689349,NA,MW,7.176729293627365e-4,0.4155754666095678
Mobily,Self-build Datacenter,Datacenter,0.4884,24.6090457711109,46.8546623010198,NA,MW,5.308911859850474e-4,0.39591049123597416
Saudi Electric Company,Self-build Datacenter,Datacenter,0.42240000000000005,24.7592868164052,46.5911146424386,NA,MW,4.590520539167054e-4,0.38715344530216583
Etisalat by e&,Colocation Datacenter,Datacenter,0.41250000000000003,24.4848871199317,54.3596388834634,NA,MW,4.482761841064541e-4,0.38633492839938083
OVHcloud,Self-build Datacenter,Datacenter,0.66,48.5861157907241,7.79764983169695,NA,MW,7.176729293627365e-4,0.4155754666095678
Aire Networks,Self-build Datacenter,Datacenter,0.36300000000000004,36.7332547289599,-4.54721134405147,NA,MW,3.943968350551976e-4,0.3748174762331749
Abu Dhabi City Municipality,Self-build Datacenter,Datacenter,0.099,23.6620625482954,53.7188904454769,NA,MW,1.0704030678182957e-4,0.23061307124173125
Monaco Telecom,Colocation Datacenter,Datacenter,0.66,43.7290602835901,7.41642616074314,NA,MW,7.176729293627365e-4,0.4155754666095678
Yasref,Self-build Datacenter,Datacenter,0.198,23.9718077517611,38.2761446667216,NA,MW,2.1479900488434258e-4,0.2853188752906802
Dawiyat,Self-build Datacenter,Datacenter,0.34650000000000003,24.7666191318266,46.5986019285905,NA,MW,3.7643705203811213e-4,0.3736869528407429
Quantum Switch,Colocation Datacenter,Datacenter,5.94,25.2210308460367,51.5939933650609,NA,MW,0.006464803494830097,0.6344822178279486
Etisalat by e&,Colocation Datacenter,Datacenter,3.0690000000000004,25.1308707934363,56.3364688294691,NA,MW,0.00333980124985722,0.5822616455141568
CERN,Self-build Datacenter,Datacenter,1.6500000000000001,47.488923562983,18.9560804638377,NA,MW,0.0017952599103878667,0.5253577947705927
Saudi Central Bank,Self-build Datacenter,Datacenter,5.28,24.7695420079181,46.6345726765145,NA,MW,0.0057464121741466765,0.6277315809533437
Monaco Telecom,Self-build Datacenter,Datacenter,0.165,43.7435565620191,7.42871558032631,NA,MW,1.788794388501716e-4,0.27561916636419576
Liguria Digitale,Colocation Datacenter,Datacenter,0.36300000000000004,44.4087171280696,8.90047833863271,NA,MW,3.943968350551976e-4,0.3748174762331749
The Saudi Grains Organization,Self-build Datacenter,Datacenter,0.0495,24.7225942599444,46.6653644929736,NA,MW,5.3160957730573077e-5,0.16523724046341057
Najran University,Self-build Datacenter,Datacenter,0.1584,17.6358554350699,44.5322139078573,NA,MW,1.7169552564333737e-4,0.27349104264133217
Real Estate Development Fund,Self-build Datacenter,Datacenter,0.0396,24.753958814869,46.6278796462363,NA,MW,4.238508792032178e-5,0.1583593782957809
Zain KSA,Self-build Datacenter,Datacenter,0.3762,24.7509429049343,46.6517050043368,NA,MW,4.0876466146886595e-4,0.3762253470469332
Bitdeer,Self-build Datacenter,Datacenter,59.400000000000006,63.0321471597853,11.6855399632085,NA,MW,0.06465450047018712,0.828267322110371
Saudi Data & AI Authority (SDAIA),Self-build Datacenter,Datacenter,2.112,24.6850197782162,46.7096756548,NA,MW,0.0022981338348662607,0.5517184480891771
Green Mountain,Colocation Datacenter,Datacenter,99,60.8416213685287,11.2683450670479,NA,MW,0.10775797971119232,0.8720412105115339
Marafiq,Self-build Datacenter,Datacenter,0.099,27.0892123279383,49.5541424796127,NA,MW,1.0704030678182957e-4,0.23061307124173125
EDF,Self-build Datacenter,Datacenter,3.036,49.2638573279429,1.18544655666173,NA,MW,0.0033038816838230484,0.5813737134421796
atNorth,Colocation Datacenter,Datacenter,1.056,60.1964508178121,24.9460969097157,NA,MW,0.0011487077217727888,0.48523303232781584
Bouygues Telecom,Self-build Datacenter,Datacenter,0.198,48.7256429508245,2.4709252287311,NA,MW,2.1479900488434258e-4,0.2853188752906802
Bouygues Telecom,Self-build Datacenter,Datacenter,0.198,48.9161667804139,2.41541649117167,NA,MW,2.1479900488434258e-4,0.2853188752906802
Bouygues Telecom,Self-build Datacenter,Datacenter,0.198,48.7769965136768,2.24183942969018,NA,MW,2.1479900488434258e-4,0.2853188752906802
Anadolu BiliÅŸim Hizmetleri,Self-build Datacenter,Datacenter,0.33,40.9351987279527,29.1424705719522,NA,MW,3.584772690210266e-4,0.33446925260026933
BPCE,Self-build Datacenter,Datacenter,0.99,43.5648271761535,2.26745531657118,NA,MW,0.0010768685897044467,0.46920446292403056
Bouygues Telecom,Self-build Datacenter,Datacenter,0.33,48.9732929839357,2.0435871819939,NA,MW,3.584772690210266e-4,0.33446925260026933
Equinix,Colocation Datacenter,Datacenter,2.244,41.3508809094575,2.09948457817583,NA,MW,0.0024418120990029445,0.5541403024657828
BPCE,Self-build Datacenter,Datacenter,1.98,48.6212872689056,2.55360352466342,NA,MW,0.002154455570729577,0.5378026804166678
Euro-Information,Self-build Datacenter,Datacenter,2.0460000000000003,50.6800511289595,3.01644840441422,NA,MW,0.0022262947027979186,0.5503895357677484
atNorth,Colocation Datacenter,Datacenter,25.740000000000002,60.204881549143,24.7702306378845,NA,MW,0.0280165431153327,0.7637214897056672
Worldline,Self-build Datacenter,Datacenter,0.66,50.5668990076175,3.04058093674096,NA,MW,7.176729293627365e-4,0.4155754666095678
Banque de France,Self-build Datacenter,Datacenter,1.32,48.838946700556,2.78781982433627,NA,MW,0.0014360642500461567,0.49707249917727087
Kyndryl,Self-build Datacenter,Datacenter,0.264,43.61824952993,3.90493992339373,NA,MW,2.8663813695268463e-4,0.315989724875794
BNP Paribas,Self-build Datacenter,Datacenter,0.99,48.8172542202969,2.64237569758753,NA,MW,0.0010768685897044467,0.46920446292403056
Euro-Information,Self-build Datacenter,Datacenter,0.7260000000000001,50.6783294025963,3.01685815800793,NA,MW,7.895120614310788e-4,0.45081672041396315
Groupama Assurances Mutuelles,Self-build Datacenter,Datacenter,1.4520000000000002,48.0700137344085,-1.83705129496387,NA,MW,0.001579742514182841,0.5180563038110195
A1,Colocation Datacenter,Datacenter,2.8908,48.2703325592775,16.4303672603617,NA,MW,0.0031458355932726958,0.5772079275235004
EDF,Self-build Datacenter,Datacenter,1.1880000000000002,49.0119676458193,1.3980383541439,NA,MW,0.0012923859859094728,0.49273851559360243
Kyndryl,Self-build Datacenter,Datacenter,0.33,45.8078184262584,3.14243801391909,NA,MW,3.584772690210266e-4,0.33446925260026933
atNorth,Colocation Datacenter,Datacenter,1.056,60.2099858915524,24.7504995837854,NA,MW,0.0011487077217727888,0.48523303232781584
IBM,Self-build Datacenter,Datacenter,0.33,48.8287113757875,2.67835074979949,NA,MW,3.584772690210266e-4,0.33446925260026933
Kyndryl,Self-build Datacenter,Datacenter,0.8580000000000001,43.6428921757696,3.82987904451658,NA,MW,9.331903255677627e-4,0.46326887931108013
BPCE,Self-build Datacenter,Datacenter,0.99,43.5541042844328,2.27487639836577,NA,MW,0.0010768685897044467,0.46920446292403056
Worldline,Self-build Datacenter,Datacenter,0.66,50.5667643223257,3.02843720229942,NA,MW,7.176729293627365e-4,0.4155754666095678
Banque de France,Self-build Datacenter,Datacenter,0.33,48.8413682848144,2.62461913952887,NA,MW,3.584772690210266e-4,0.33446925260026933
Euroclear,Self-build Datacenter,Datacenter,0.396,48.832038565904,2.72971368345196,NA,MW,4.3031640108936856e-4,0.37692711334378215
Data One,Colocation Datacenter,Datacenter,132,45.6241569497419,5.16538420076222,NA,MW,0.14367754574536332,0.8917559585146559
BPCE,Self-build Datacenter,Datacenter,1.98,48.8446410398397,2.80404301799339,NA,MW,0.002154455570729577,0.5378026804166678
IBM,Self-build Datacenter,Datacenter,0.66,45.8364018146966,3.13780527205137,NA,MW,7.176729293627365e-4,0.4155754666095678
BNP Paribas,Self-build Datacenter,Datacenter,2.244,48.830196850565,2.72955865967608,NA,MW,0.0024418120990029445,0.5541403024657828
Equinix,Colocation Datacenter,Datacenter,19.8,40.9960777369198,29.1697089729651,NA,MW,0.021551021229181917,0.742365222627286
DataBox,Colocation Datacenter,Datacenter,1.056,45.7869096027415,16.028420763138,NA,MW,0.0011487077217727888,0.48523303232781584
SNCF,Self-build Datacenter,Datacenter,0.99,50.6230090269323,3.08846374878653,NA,MW,0.0010768685897044467,0.46920446292403056
SRCE (Sveucilisni Racunski Centar),Self-build Datacenter,Datacenter,0.066,43.51155887893,16.4689698404916,NA,MW,7.112074074765859e-5,0.1721534085159869
Orion Telekom,Colocation Datacenter,Datacenter,0.396,44.8638857014199,20.3533823284897,NA,MW,4.3031640108936856e-4,0.37692711334378215
SRCE (Sveucilisni Racunski Centar),Self-build Datacenter,Datacenter,0.7260000000000001,45.815286678185,16.0426551137434,NA,MW,7.895120614310788e-4,0.45081672041396315
Nexeren,Colocation Datacenter,Datacenter,0.033,45.7840833895844,3.13093241228635,NA,MW,3.5201174713487585e-5,0.12072065583645451
Hrvatski Telekom,Colocation Datacenter,Datacenter,0.66,45.7974166617792,15.9428946558958,NA,MW,7.176729293627365e-4,0.4155754666095678
France Travail,Self-build Datacenter,Datacenter,0.66,43.6264947374482,3.90955372374983,NA,MW,7.176729293627365e-4,0.4155754666095678
Telekom Srbija,Colocation Datacenter,Datacenter,0.1386,44.8002342058773,20.4643255990606,NA,MW,1.5014378602283478e-4,0.26959885252876387
CSUC,Self-build Datacenter,Datacenter,0.165,41.3873698930264,2.11186722590883,NA,MW,1.788794388501716e-4,0.27561916636419576
VIRTUS Data Centres,Colocation Datacenter,Datacenter,14.520000000000001,51.5049240835414,-0.444154864077786,NA,MW,0.015803890663714557,0.7206088212890822
France Travail,Self-build Datacenter,Datacenter,0.264,47.8932842479301,1.85218323996972,NA,MW,2.8663813695268463e-4,0.315989724875794
A1 Hrvatska,Colocation Datacenter,Datacenter,0.396,45.7847424195291,16.0310034704122,NA,MW,4.3031640108936856e-4,0.37692711334378215
TAS Cloud Services,Colocation Datacenter,Datacenter,0.33,43.6269035863681,7.05174389821792,NA,MW,3.584772690210266e-4,0.33446925260026933
A1 Srbija,Colocation Datacenter,Datacenter,0.396,44.0263058408806,20.9342301573526,NA,MW,4.3031640108936856e-4,0.37692711334378215
HiTeam,Colocation Datacenter,Datacenter,0.33,45.1034719457531,21.279007141823,NA,MW,3.584772690210266e-4,0.33446925260026933
SRCE (Sveucilisni Racunski Centar),Self-build Datacenter,Datacenter,0.198,45.7925031716553,15.9695887270606,NA,MW,2.1479900488434258e-4,0.2853188752906802
Equinix,Colocation Datacenter,Datacenter,5.5440000000000005,25.0266558793344,55.1851103379397,NA,MW,0.006033768702420045,0.6324565788051981
Data Cloud Technology,Colocation Datacenter,Datacenter,4.95,44.0286976237826,20.9291283025405,NA,MW,0.005387216513804967,0.6237746529530668
Data Target,Colocation Datacenter,Datacenter,0.066,45.745054744752,16.000331485785,NA,MW,7.112074074765859e-5,0.1721534085159869
SBB,Colocation Datacenter,Datacenter,0.264,44.7682915972475,20.4864436069745,NA,MW,2.8663813695268463e-4,0.315989724875794
SRCE (Sveucilisni Racunski Centar),Self-build Datacenter,Datacenter,0.066,45.5565317518476,18.7052233695585,NA,MW,7.112074074765859e-5,0.1721534085159869
OVHcloud,Self-build Datacenter,Datacenter,0.66,50.6925847734336,3.19944899645056,NA,MW,7.176729293627365e-4,0.4155754666095678
Pure Data Centres,Colocation Datacenter,Datacenter,28.512000000000004,24.4975535882802,54.5959127809624,NA,MW,0.031033786662203064,0.7746952682370208
Yettel,Colocation Datacenter,Datacenter,0.198,44.8113357800619,20.3988887854515,NA,MW,2.1479900488434258e-4,0.2853188752906802
Templus,Colocation Datacenter,Datacenter,0.36300000000000004,36.6946443436846,-4.47453243721435,NA,MW,3.943968350551976e-4,0.3748174762331749
KLM,Self-build Datacenter,Datacenter,0.132,52.2781072442215,4.75624203360473,NA,MW,1.4295987281600058e-4,0.24754281120651617
Thales,Self-build Datacenter,Datacenter,1.6500000000000001,48.7913594738818,1.97596014682446,NA,MW,0.0017952599103878667,0.5253577947705927
SRCE (Sveucilisni Racunski Centar),Self-build Datacenter,Datacenter,0.066,45.3288090898204,14.4667114474025,NA,MW,7.112074074765859e-5,0.1721534085159869
APIS IT,Colocation Datacenter,Datacenter,1.1879999999999935,45.6518364716624,15.6622411405413,NA,MW,0.0012923859859094655,0.49203545034403606
Cratis,Colocation Datacenter,Datacenter,1.8479999999999999,46.2822112895514,16.359600369392,NA,MW,0.0020107773065928926,0.5353039393158621
A1 Hrvatska,Colocation Datacenter,Datacenter,0.66,45.7646594127778,15.9816037309781,NA,MW,7.176729293627365e-4,0.4155754666095678
Lumen Technologies,Self-build Datacenter,Datacenter,0.29700000000000004,45.4720724197213,9.11837174824018,NA,MW,3.225577029868556e-4,0.3313742394774948
Zain,Colocation Datacenter,Datacenter,1.518,29.0873547934472,48.1072039640846,NA,MW,0.0016515816462511826,0.5199379760614532
Sky Italia,Self-build Datacenter,Datacenter,0.46199999999999997,41.9702950486011,12.5038591281508,NA,MW,5.021555331577106e-4,0.3902747392171655
Lumen Technologies,Self-build Datacenter,Datacenter,0.33,45.4506758319987,9.15929601808291,NA,MW,3.584772690210266e-4,0.33446925260026933
T-Mobile,Colocation Datacenter,Datacenter,0.46199999999999997,50.0394695696273,20.0242908401348,NA,MW,5.021555331577106e-4,0.3902747392171655
Engineering Group,Self-build Datacenter,Datacenter,0.66,45.5940217654077,7.79159539447646,NA,MW,7.176729293627365e-4,0.4155754666095678
Cineca,Self-build Datacenter,Datacenter,0.66,44.4863286341571,11.2595818152389,NA,MW,7.176729293627365e-4,0.4155754666095678
Irideos,Colocation Datacenter,Datacenter,0.33,46.0455766050311,11.1203378165555,NA,MW,3.584772690210266e-4,0.33446925260026933
ACI Informatica,Self-build Datacenter,Datacenter,0.99,41.8088937245028,12.4364249225044,NA,MW,0.0010768685897044467,0.46920446292403056
Colt Technology Services,Self-build Datacenter,Datacenter,0.33,45.0881076816276,7.67288862374597,NA,MW,3.584772690210266e-4,0.33446925260026933
Mediobanca,Self-build Datacenter,Datacenter,0.165,45.492629472162,9.23461870981851,NA,MW,1.788794388501716e-4,0.27561916636419576
Telxius,Colocation Datacenter,Datacenter,1.32,43.2887996108381,-2.88120994020013,NA,MW,0.0014360642500461567,0.49707249917727087
Center3,Colocation Datacenter,Datacenter,7.92,21.4626812571152,39.212124017832,NA,MW,0.008619977456880357,0.66263248323203
Mediterra Datacenters,Colocation Datacenter,Datacenter,1.584,41.9326890590146,12.6295135452119,NA,MW,0.0017234207783195247,0.5212325990682144
Center3,Colocation Datacenter,Datacenter,9.504000000000001,24.9016489789865,46.8076208048814,NA,MW,0.010344116626520565,0.6820973962189433
Poste Italiane,Self-build Datacenter,Datacenter,0.33,41.8319738283219,12.4675896272213,NA,MW,3.584772690210266e-4,0.33446925260026933
TWT,Self-build Datacenter,Datacenter,0.33,45.4969159166314,9.18007512675117,NA,MW,3.584772690210266e-4,0.33446925260026933
Cosmote,Self-build Datacenter,Datacenter,0.7788,38.0226761779762,23.7309066037213,NA,MW,8.469833670857522e-4,0.4545454545454546
Gruppo TIM,Self-build Datacenter,Datacenter,0.66,45.061015107403,7.63911687894702,NA,MW,7.176729293627365e-4,0.4155754666095678
Poste Italiane,Self-build Datacenter,Datacenter,0.198,41.1135346983375,16.8816641662867,NA,MW,2.1479900488434258e-4,0.2853188752906802
Digital Realty,Colocation Datacenter,Datacenter,118.80000000000001,50.125141,8.750586,NA,MW,0.1293097193316949,0.8834827988820975
Gruppo TIM,Self-build Datacenter,Datacenter,0.33,41.8753196991496,12.4199514904917,NA,MW,3.584772690210266e-4,0.33446925260026933
Saudi Central Bank,Self-build Datacenter,Datacenter,0.066,24.6641179982856,46.6870513010288,NA,MW,7.112074074765859e-5,0.1721534085159869
ITER,Colocation Datacenter,Datacenter,0.66,28.0693713673663,-16.5113388792066,NA,MW,7.176729293627365e-4,0.4155754666095678
Eur Tel,Colocation Datacenter,Datacenter,0.264,41.8339778104197,12.4749334161759,NA,MW,2.8663813695268463e-4,0.315989724875794
HPC4AI,Self-build Datacenter,Datacenter,0.165,45.0907577113356,7.65857648404001,NA,MW,1.788794388501716e-4,0.27561916636419576
Noovle,Colocation Datacenter,Datacenter,1.32,41.6798649027897,12.497220543531,NA,MW,0.0014360642500461567,0.49707249917727087
Shonfeld Data Services (SDS),Colocation Datacenter,Datacenter,2.64,32.2600495933829,34.8562329314096,NA,MW,0.002872846891412997,0.5631704731174867
Arsys,Colocation Datacenter,Datacenter,1.584,42.4569847121009,-2.39760798605081,NA,MW,0.0017234207783195247,0.5212325990682144
AIBILI,Self-build Datacenter,Datacenter,0.5940000000000001,40.2186449651626,-8.41598905640376,NA,MW,6.458337972943946e-4,0.4101907163362423
Dc2scale,Colocation Datacenter,Datacenter,0.4158,45.1921380876132,5.70341076883615,NA,MW,4.518681407098712e-4,0.38660796689918075
NaiTel,Colocation Datacenter,Datacenter,3.96,29.4413876090918,35.0146051616384,NA,MW,0.0043096295327798365,0.6014333584057593
BMIT Technologies,Colocation Datacenter,Datacenter,0.528,35.8725482925093,14.4686472670402,NA,MW,5.739946652260526e-4,0.4001521973645303
Adista,Self-build Datacenter,Datacenter,0.198,43.1465985862507,1.60663219520455,NA,MW,2.1479900488434258e-4,0.2853188752906802
Center3,Colocation Datacenter,Datacenter,6.336,26.4107153268373,50.0844309071488,NA,MW,0.006895838287240149,0.6416773642125759
Altia,Colocation Datacenter,Datacenter,0.4158,42.1667851823079,-8.69167689046725,NA,MW,4.518681407098712e-4,0.38660796689918075
Barcelona Supercomputing Center,Self-build Datacenter,Datacenter,0.8580000000000001,41.3895341312178,2.11597837398269,NA,MW,9.331903255677627e-4,0.46326887931108013
Center3,Self-build Datacenter,Datacenter,0.198,29.2938842168169,34.9432385289873,NA,MW,2.1479900488434258e-4,0.2853188752906802
Evobits IT,Colocation Datacenter,Datacenter,2.97,46.8805026820948,23.7893402835244,NA,MW,0.0032320425517547062,0.5784668419763419
Mannai,Colocation Datacenter,Datacenter,1.32,25.2169808037854,51.4370147651426,NA,MW,0.0014360642500461567,0.49707249917727087
Telepoint,Colocation Datacenter,Datacenter,3.3000000000000003,42.7028769907583,23.306280254569,NA,MW,0.0035912382120964165,0.5864688078909632
Dc2scale,Colocation Datacenter,Datacenter,0.66,48.7842414070736,2.20910723609042,NA,MW,7.176729293627365e-4,0.4155754666095678
Melita,Colocation Datacenter,Datacenter,0.66,35.9299027806087,14.4628455790614,NA,MW,7.176729293627365e-4,0.4155754666095678
Dc2scale,Colocation Datacenter,Datacenter,0.165,48.7836175752219,2.20808054629432,NA,MW,1.788794388501716e-4,0.27561916636419576
Hexanet,Self-build Datacenter,Datacenter,0.132,49.2363747299833,4.06300798100347,NA,MW,1.4295987281600058e-4,0.24754281120651617
Datacenter United,Colocation Datacenter,Datacenter,0.165,50.9382995166877,5.3632085756038,NA,MW,1.788794388501716e-4,0.27561916636419576
Webaxys,Colocation Datacenter,Datacenter,0.066,49.5184262966638,0.350498214482948,NA,MW,7.112074074765859e-5,0.1721534085159869
Melita,Colocation Datacenter,Datacenter,0.264,35.8918088832844,14.4579425621802,NA,MW,2.8663813695268463e-4,0.315989724875794
STACK Infrastructure,Colocation Datacenter,Datacenter,3.96,45.3286337037902,9.20295326332265,NA,MW,0.0043096295327798365,0.6014333584057593
Salam,Colocation Datacenter,Datacenter,0.44550000000000006,24.8393483376516,46.6713616089943,NA,MW,4.841957501406251e-4,0.38959837033767936
Saudi Credit Bureau (SIMAH),Self-build Datacenter,Datacenter,0.066,24.7884679379893,46.7280827951024,NA,MW,7.112074074765859e-5,0.1721534085159869
Orange Romania,Colocation Datacenter,Datacenter,0.66,46.746560637083,23.5880768515178,NA,MW,7.176729293627365e-4,0.4155754666095678
Cyberneticos,Colocation Datacenter,Datacenter,0.21780000000000002,36.6093618346209,-6.19533598758283,NA,MW,2.363507445048452e-4,0.30871675772651785
Orange Romania,Colocation Datacenter,Datacenter,0.792,44.465709235304,26.0263864688861,NA,MW,8.613511934994207e-4,0.45478548622291065
Bank Albilad,Self-build Datacenter,Datacenter,0.0792,24.6768180019035,46.6878558668785,NA,MW,8.548856716132698e-5,0.22301369796723533
Nation Data Center,Colocation Datacenter,Datacenter,1.8479999999999999,49.2652758024392,1.22136168590724,NA,MW,0.0020107773065928926,0.5353039393158621
Datacenter United,Colocation Datacenter,Datacenter,0.198,50.9317526298594,5.30483598869213,NA,MW,2.1479900488434258e-4,0.2853188752906802
Aire Networks,Colocation Datacenter,Datacenter,0.23099999999999998,38.2912704065094,-0.611581115417863,NA,MW,2.5071857091851356e-4,0.3101542499938824
Equinix,Colocation Datacenter,Datacenter,13.7544,-26.1551733147463,28.1978032713177,NA,MW,0.014970556731721789,0.7183393170082758
Civicos Networking,Colocation Datacenter,Datacenter,0.10560000000000001,28.4770957653301,-16.3115511548464,NA,MW,1.1422421998866378e-4,0.24277281698635517
Mobily,Colocation Datacenter,Datacenter,0.46199999999999997,24.8172181455399,46.6087509060072,NA,MW,5.021555331577106e-4,0.3902747392171655
CKW,Self-build Datacenter,Datacenter,0.5940000000000001,47.0567580875467,8.27312561565987,NA,MW,6.458337972943946e-4,0.4101907163362423
Flughafen ZÃ¼rich AG,Self-build Datacenter,Datacenter,0.792,47.4459949923475,8.55146979399928,NA,MW,8.613511934994207e-4,0.45478548622291065
Hrvatski Telekom,Self-build Datacenter,Datacenter,1.32,45.7736611295388,15.9933264318517,NA,MW,0.0014360642500461567,0.49707249917727087
APIS IT,Colocation Datacenter,Datacenter,0.264,45.7912160098961,15.8945669671245,NA,MW,2.8663813695268463e-4,0.315989724875794
Viatel Technology Group,Colocation Datacenter,Datacenter,0.1584,53.406989799377,-6.37191385569213,NA,MW,1.7169552564333737e-4,0.27349104264133217
Pars Online,Colocation Datacenter,Datacenter,0.264,35.7351791043765,51.4300907669699,NA,MW,2.8663813695268463e-4,0.315989724875794
Rai Way,Colocation Datacenter,Datacenter,2.9040000000000004,45.3313817406768,9.19938959529958,NA,MW,0.0031602034196863645,0.577333687100005
Area Project,Colocation Datacenter,Datacenter,0.66,38.977281846527,-1.857476795226,NA,MW,7.176729293627365e-4,0.4155754666095678
NorthC,Colocation Datacenter,Datacenter,1.1880000000000002,47.5034542,8.7265338,NA,MW,0.0012923859859094728,0.49273851559360243
ASAC Comunicaciones,Colocation Datacenter,Datacenter,0.198,43.4220477038496,-5.8198311729094,NA,MW,2.1479900488434258e-4,0.2853188752906802
BBBell,Self-build Datacenter,Datacenter,0.495,45.0907114707438,7.65875201545441,NA,MW,5.380750991918815e-4,0.3964431014066308
FullSave,Colocation Datacenter,Datacenter,0.099,43.6459721701711,0.59760484177001,NA,MW,1.0704030678182957e-4,0.23061307124173125
Infomaniak,Colocation Datacenter,Datacenter,0.132,46.1874088827806,6.13529884907139,NA,MW,1.4295987281600058e-4,0.24754281120651617
Amazon Web Services,Self-build Datacenter,Datacenter,10.56,53.3987044912242,-6.2185428565497,NA,MW,0.011493542739614037,0.6880616533755357
Vodafone,Self-build Datacenter,Datacenter,1.32,51.5096078965909,-0.068371735545104,NA,MW,0.0014360642500461567,0.49707249917727087
Amazon Web Services,Self-build Datacenter,Datacenter,13.200000000000001,-33.8138439992497,18.5484277866912,NA,MW,0.014367108022347716,0.709905288357056
senseLan,Colocation Datacenter,Datacenter,0.528,46.8576681104061,7.18515093887197,NA,MW,5.739946652260526e-4,0.4001521973645303
be-ys,Colocation Datacenter,Datacenter,0.026400000000000003,45.787487007748,3.11226865030406,NA,MW,2.801726150665338e-5,0.11210370132470486
Zain,Colocation Datacenter,Datacenter,0.066,26.238408434772,50.537397631045,NA,MW,7.112074074765859e-5,0.1721534085159869
Digital Realty,Colocation Datacenter,Datacenter,20.32602,37.8713962424931,23.8702506638177,NA,MW,0.022123579111766604,0.7468576597609257
Bertina,Colocation Datacenter,Datacenter,0.0165,35.7212559139146,51.3574845993766,NA,MW,1.7241391696402082e-5,0.10080665796483938
DÃ©cima Data Center,Colocation Datacenter,Datacenter,0.026400000000000003,50.2836198502755,2.75808893043619,NA,MW,2.801726150665338e-5,0.11210370132470486
Leuk Teleport & Data Centre AG,Colocation Datacenter,Datacenter,49.5,46.3185434552873,7.64678376285286,NA,MW,0.05387863065993581,0.8135817258273967
Ooredoo,Self-build Datacenter,Datacenter,0.099,22.699941942846,59.36771947756,NA,MW,1.0704030678182957e-4,0.23061307124173125
senseLan,Colocation Datacenter,Datacenter,0.09240000000000001,46.8451795226533,7.1911818856858,NA,MW,9.985639357499539e-5,0.2289562776030639
BSE Software,Colocation Datacenter,Datacenter,0.33,47.2019616409498,7.52867092398412,NA,MW,3.584772690210266e-4,0.33446925260026933
Equinix,Colocation Datacenter,Datacenter,1.6500000000000001,38.7886438465775,-9.12329459244938,NA,MW,0.0017952599103878667,0.5253577947705927
Data Node,Colocation Datacenter,Datacenter,0.198,45.7741158016478,21.2117815331999,NA,MW,2.1479900488434258e-4,0.2853188752906802
Datasource,Colocation Datacenter,Datacenter,0.33,47.1618855102649,8.43992729604527,NA,MW,3.584772690210266e-4,0.33446925260026933
Rechenzentrum Ostschweiz,Colocation Datacenter,Datacenter,0.99,47.357437442986,9.44985553401517,NA,MW,0.0010768685897044467,0.46920446292403056
Vantage Data Centers,Colocation Datacenter,Datacenter,15.84,47.5683537966787,8.47883267673734,NA,MW,0.017240673305081396,0.7248045581963534
EKT AG,Colocation Datacenter,Datacenter,0.396,47.5621874902855,8.88768845938527,NA,MW,4.3031640108936856e-4,0.37692711334378215
Nehos,Colocation Datacenter,Datacenter,0.33,45.383480396354,11.9407123021518,NA,MW,3.584772690210266e-4,0.33446925260026933
Gulf Data Hub,Colocation Datacenter,Datacenter,10.56,26.2445388530491,49.9850409212646,NA,MW,0.011493542739614037,0.6880616533755357
Saudi Telecom Company (STC),Self-build Datacenter,Datacenter,2.31,24.7521201129429,46.693710355382,NA,MW,0.0025136512310712867,0.5553540616822411
Amazon Web Services,Self-build Datacenter,Datacenter,26.400000000000002,51.7554865124473,-0.435955908809063,NA,MW,0.02873493443601612,0.7650522155526219
Datamount,Self-build Datacenter,Datacenter,4.751999999999994,23.5838348172674,58.2018645389762,NA,MW,0.005171699117599933,0.6216736232577689
VNET Slovakia,Colocation Datacenter,Datacenter,0.6534,48.1637414032834,17.1578925783576,NA,MW,7.104890161559024e-4,0.41532039495854145
SITEL,Colocation Datacenter,Datacenter,0.3432,48.1168030583823,17.0943413951784,NA,MW,3.72845095434695e-4,0.373545369999913
VNET Slovakia,Colocation Datacenter,Datacenter,0.026400000000000003,48.1204966743243,17.118565571783,NA,MW,2.801726150665338e-5,0.11210370132470486
Nationwide,Self-build Datacenter,Datacenter,0.7754999999999934,51.5722418694055,-1.83666051498271,NA,MW,8.43391410482328e-4,0.4544254152166866
Phocea DC,Colocation Datacenter,Datacenter,0.396,43.3124713676058,5.37480061965041,NA,MW,4.3031640108936856e-4,0.37692711334378215
T.Loop,Colocation Datacenter,Datacenter,0.132,59.4396150464841,17.9301835790981,NA,MW,1.4295987281600058e-4,0.24754281120651617
University of Cambridge,Self-build Datacenter,Datacenter,0.8910000000000001,52.2088915790441,0.079126849907123,NA,MW,9.691098916019338e-4,0.465646554334948
Daisy Group,Self-build Datacenter,Datacenter,0.9404999999999935,51.5087180558365,-0.058259493011171,NA,MW,0.0010229892406531831,0.46790103806248795
VNET Slovakia,Colocation Datacenter,Datacenter,0.0198,48.153661038068,17.1283078306892,NA,MW,2.0833348299819177e-5,0.10664898190967773
Slovak Telekom,Colocation Datacenter,Datacenter,0.8448000000000001,48.1752000468085,17.1292973308105,NA,MW,9.188224991540943e-4,0.462792757029645
SITEL,Colocation Datacenter,Datacenter,0.046200000000000005,48.1192169135072,17.0958350540101,NA,MW,4.9569001127155985e-5,0.162535219216057
Fibra Medios Telecom,Self-build Datacenter,Datacenter,0.2969999999999994,38.0307646200637,-1.1686298862424,NA,MW,3.225577029868549e-4,0.33071783784568604
Asanti Data Centres,Colocation Datacenter,Datacenter,0.6336,51.2929803047331,-0.78784132004742,NA,MW,6.889372765353998e-4,0.4146821409619919
Penta Infra,Colocation Datacenter,Datacenter,2.9040000000000004,53.6192367305752,10.0012434103389,NA,MW,0.0031602034196863645,0.577333687100005
Asanti Data Centres,Colocation Datacenter,Datacenter,0.9239999999999999,53.7413070690915,-1.65009592513715,NA,MW,0.0010050294576361045,0.46624023411972476
UniversitÃ© de Bourgogne,Self-build Datacenter,Datacenter,0.033,47.3149676403627,5.07080891272491,NA,MW,3.5201174713487585e-5,0.12072065583645451
Rubix DataCenter,Colocation Datacenter,Datacenter,0.33,46.7956478149859,4.43407380988946,NA,MW,3.584772690210266e-4,0.33446925260026933
ETH ZÃ¼rich,Self-build Datacenter,Datacenter,49.5,46.0244665877092,8.96009939645109,NA,MW,0.05387863065993581,0.8135817258273967
Lloyds Bank,Self-build Datacenter,Datacenter,5.61,52.5159568381908,-0.646348822828323,NA,MW,0.006105607834488387,0.6331785427398509
Asanti Data Centres,Colocation Datacenter,Datacenter,0.759,51.4256756746295,-0.971469393296394,NA,MW,8.254316274652496e-4,0.45394510024417206
Aire Networks,Colocation Datacenter,Datacenter,0.132,28.1187030276261,-15.4291560284625,NA,MW,1.4295987281600058e-4,0.24754281120651617
Oracle,Self-build Datacenter,Datacenter,3.168,55.98545615139,-3.57978535179579,NA,MW,0.003447559947959732,0.5832783197914386
Avangreen,Colocation Datacenter,Datacenter,1.584,35.8974655226808,-5.32827399704706,NA,MW,0.0017234207783195247,0.5212325990682144
Nexspace,Colocation Datacenter,Datacenter,3.6036,49.3946296151248,8.67313892855457,NA,MW,0.00392169821961079,0.5980054749078209
VNET Slovakia,Colocation Datacenter,Datacenter,0.099,48.1300027194815,17.1155072411265,NA,MW,1.0704030678182957e-4,0.23061307124173125
Daisy Group,Colocation Datacenter,Datacenter,0.1683,52.4962319003264,-1.88318244644487,NA,MW,1.8247139545358868e-4,0.2822751021032462
Asanti Data Centres,Colocation Datacenter,Datacenter,0.15180000000000002,55.7803410783349,-4.10349084611934,NA,MW,1.645116124365032e-4,0.2722025943436671
S3 Company,Colocation Datacenter,Datacenter,0.528,42.678929566288,23.3673525886752,NA,MW,5.739946652260526e-4,0.4001521973645303
Digival,Colocation Datacenter,Datacenter,0.0198,41.6519914108163,-4.7419182002356,NA,MW,2.0833348299819177e-5,0.10664898190967773
Open Access Data Centres,Colocation Datacenter,Datacenter,4.62,-26.1353788272952,28.2000258976721,NA,MW,0.005028020853463257,0.6168196233655726
Equinix,Colocation Datacenter,Datacenter,3.168,40.5342443937267,-3.6614351493786,NA,MW,0.003447559947959732,0.5832783197914386
Telefonica,Self-build Datacenter,Datacenter,0.3003,51.5249026976989,-0.637778182094394,NA,MW,3.261496595902727e-4,0.3330078600021429
AtlasEdge Data Centres,Colocation Datacenter,Datacenter,1.32,48.2669891144015,16.4209649405173,NA,MW,0.0014360642500461567,0.49707249917727087
DXC Technology,Self-build Datacenter,Datacenter,0.99,51.2788339728524,0.546923110807969,NA,MW,0.0010768685897044467,0.46920446292403056
CNC,Colocation Datacenter,Datacenter,1.8479999999999999,48.2105469985384,16.9742362492315,NA,MW,0.0020107773065928926,0.5353039393158621
Slovak Telekom,Colocation Datacenter,Datacenter,0.3828,48.6981361280276,21.2601436433482,NA,MW,4.1594857467570017e-4,0.3765062257600086
HLRS,Self-build Datacenter,Datacenter,7.92,48.7394546245535,9.09734508428979,NA,MW,0.008619977456880357,0.66263248323203
Galaxy Data Centers,Colocation Datacenter,Datacenter,3.3000000000000003,51.247749346126,-0.159748518424351,NA,MW,0.0035912382120964165,0.5864688078909632
Aire Networks,Colocation Datacenter,Datacenter,0.5940000000000001,40.4389408881425,-3.62329909356719,NA,MW,6.458337972943946e-4,0.4101907163362423
AtlasEdge Data Centres,Colocation Datacenter,Datacenter,9.24,53.6787006490156,10.2711985042795,NA,MW,0.010056760098247196,0.6772969633617073
Arvato Systems,Self-build Datacenter,Datacenter,0.33,51.8837352100655,8.43735129326649,NA,MW,3.584772690210266e-4,0.33446925260026933
nLighten,Colocation Datacenter,Datacenter,0.495,52.4005085921539,4.84295391421041,NA,MW,5.380750991918815e-4,0.3964431014066308
Slovak Telekom,Self-build Datacenter,Datacenter,0.66,48.1694120491088,17.1303452828516,NA,MW,7.176729293627365e-4,0.4155754666095678
comtrance,Self-build Datacenter,Datacenter,0.33,51.1875163067116,6.8682420203803,NA,MW,3.584772690210266e-4,0.33446925260026933
nLighten,Colocation Datacenter,Datacenter,0.495,50.1440811949548,8.55785071500796,NA,MW,5.380750991918815e-4,0.3964431014066308
DCBA,Colocation Datacenter,Datacenter,3.5640000000000005,48.1109175770024,17.0873943775386,NA,MW,0.0038785947403697845,0.5969562584597177
Open Access Data Centres,Colocation Datacenter,Datacenter,3.3000000000000003,-33.9024846378735,18.674282589359,NA,MW,0.0035912382120964165,0.5864688078909632
Princess Nourah bint Abdulrahman University (PNU),Self-build Datacenter,Datacenter,0.33,24.8669160139544,46.7140598216056,NA,MW,3.584772690210266e-4,0.33446925260026933
Slovak Telekom,Self-build Datacenter,Datacenter,0.013200000000000002,48.7542076021461,19.0418806268979,NA,MW,1.364943509298498e-5,0.0865566768730906
Open Access Data Centres,Colocation Datacenter,Datacenter,1.98,-33.9603384852792,18.472291285222,NA,MW,0.002154455570729577,0.5378026804166678
Islalink,Colocation Datacenter,Datacenter,0.33,39.5780036009942,2.65633095216875,NA,MW,3.584772690210266e-4,0.33446925260026933
BMIT Technologies,Colocation Datacenter,Datacenter,0.33,35.8906233634178,14.5412627129597,NA,MW,3.584772690210266e-4,0.33446925260026933
Omantel,Self-build Datacenter,Datacenter,0.34650000000000003,23.7449610475699,57.8084039321898,NA,MW,3.7643705203811213e-4,0.3736869528407429
NewTelco,Colocation Datacenter,Datacenter,3.3000000000000003,50.0511447210288,9.03113435066897,NA,MW,0.0035912382120964165,0.5864688078909632
SW Hosting,Colocation Datacenter,Datacenter,0.33,41.9316753062481,2.79794753748848,NA,MW,3.584772690210266e-4,0.33446925260026933
Boubyan Bank,Self-build Datacenter,Datacenter,0.33,29.2898190013641,47.9191453840311,NA,MW,3.584772690210266e-4,0.33446925260026933
NIXVAL IT Infrastructure,Colocation Datacenter,Datacenter,0.396,39.5197092385377,-0.46701045883475,NA,MW,4.3031640108936856e-4,0.37692711334378215
Oxigen,Colocation Datacenter,Datacenter,3.3000000000000003,41.4929087625386,2.05531824813059,NA,MW,0.0035912382120964165,0.5864688078909632
Rai Way,Colocation Datacenter,Datacenter,0.264,44.4221737574824,8.91031985624774,NA,MW,2.8663813695268463e-4,0.315989724875794
Penta Infra,Colocation Datacenter,Datacenter,5.412,50.8819213959506,4.28881050493876,NA,MW,0.005890090438283361,0.6321682484403023
Islalink,Colocation Datacenter,Datacenter,0.132,40.4530245008168,-3.58357132591527,NA,MW,1.4295987281600058e-4,0.24754281120651617
STACK Infrastructure,Colocation Datacenter,Datacenter,39.6,45.2757804984969,9.12428200476922,NA,MW,0.04310276084968452,0.7970459035014654
DSM Group,Colocation Datacenter,Datacenter,0.33,52.5544380646706,-0.390657372348708,NA,MW,3.584772690210266e-4,0.33446925260026933
Rai Way,Colocation Datacenter,Datacenter,0.264,43.8138457082602,11.271969940746,NA,MW,2.8663813695268463e-4,0.315989724875794
MITA,Self-build Datacenter,Datacenter,1.056,35.8917730916374,14.4817747096794,NA,MW,0.0011487077217727888,0.48523303232781584
CSL Data Centre Services,Colocation Datacenter,Datacenter,0.66,35.9011347096578,14.4714708644389,NA,MW,7.176729293627365e-4,0.4155754666095678
Rai Way,Colocation Datacenter,Datacenter,0.264,45.4783107025723,12.296933668598,NA,MW,2.8663813695268463e-4,0.315989724875794
Rai Way,Colocation Datacenter,Datacenter,0.264,45.0413795223043,7.73471798853959,NA,MW,2.8663813695268463e-4,0.315989724875794
Vodafone,Colocation Datacenter,Datacenter,0.066,39.6225279460694,2.72334903508493,NA,MW,7.112074074765859e-5,0.1721534085159869
Atos,Self-build Datacenter,Datacenter,1.32,51.4265127414242,5.43844844437322,NA,MW,0.0014360642500461567,0.49707249917727087
A1,Self-build Datacenter,Datacenter,0.64944,48.2258816712846,16.3287072376331,NA,MW,7.061786682318018e-4,0.41519280998963576
SITEC,Colocation Datacenter,Datacenter,0.13068000000000002,42.6636846473822,9.43258813260254,NA,MW,1.4152309017463374e-4,0.2472951180966484
Stadtwerke Klagenfurt,Colocation Datacenter,Datacenter,0.1386,46.6173193133006,14.3148006700449,NA,MW,1.5014378602283478e-4,0.26959885252876387
Virtua Networks,Self-build Datacenter,Datacenter,0.396,47.8051349556398,3.57861991771102,NA,MW,4.3031640108936856e-4,0.37692711334378215
AlphaCloud,Self-build Datacenter,Datacenter,0.5939999999999994,51.0180974783276,4.49696636497185,NA,MW,6.458337972943939e-4,0.40941647499946593
Stadtwerke Feldkirch,Colocation Datacenter,Datacenter,0.264,47.2701256104617,9.60586892728375,NA,MW,2.8663813695268463e-4,0.315989724875794
UniversitÃ© de Lorraine,Self-build Datacenter,Datacenter,0.8580000000000001,48.6559751639766,6.15058888284858,NA,MW,9.331903255677627e-4,0.46326887931108013
A1,Self-build Datacenter,Datacenter,0.5445,48.2659204033209,14.2605220738241,NA,MW,5.91954448243138e-4,0.40734547109064545
Nebius,Self-build Datacenter,Datacenter,49.5,60.6288972626494,25.2630992127087,NA,MW,0.05387863065993581,0.8135817258273967
Communes of ErnÃ©e,Self-build Datacenter,Datacenter,0.132,48.2884047473355,-0.922047171156294,NA,MW,1.4295987281600058e-4,0.24754281120651617
IDline,Colocation Datacenter,Datacenter,0.198,45.6726035205782,0.20244056609269,NA,MW,2.1479900488434258e-4,0.2853188752906802
Nscale,Self-build Datacenter,Datacenter,39.6,66.8136991841359,13.9326124765471,NA,MW,0.04310276084968452,0.7970459035014654
Junta de AndalucÃ­a,Self-build Datacenter,Datacenter,0.132,37.3719633640647,-6.03823641341159,NA,MW,1.4295987281600058e-4,0.24754281120651617
Ataraxie,Colocation Datacenter,Datacenter,0.066,43.2174005320678,2.3454460686537,NA,MW,7.112074074765859e-5,0.1721534085159869
NorthC,Colocation Datacenter,Datacenter,2.97,51.476089228952,5.40611497160679,NA,MW,0.0032320425517547062,0.5784668419763419
BNP Paribas,Self-build Datacenter,Datacenter,6.468000000000001,48.8358897770338,2.80200687278124,NA,MW,0.007039516551376834,0.6443639322399907
Junta de AndalucÃ­a,Self-build Datacenter,Datacenter,0.066,37.3588210973576,-5.98888967555294,NA,MW,7.112074074765859e-5,0.1721534085159869
Communes of ErnÃ©e,Self-build Datacenter,Datacenter,0.132,48.298118242866,-0.929619266174058,NA,MW,1.4295987281600058e-4,0.24754281120651617
Sartel,Colocation Datacenter,Datacenter,0.198,47.9967605256232,0.228471510274005,NA,MW,2.1479900488434258e-4,0.2853188752906802
Comunidad de Madrid,Self-build Datacenter,Datacenter,5.28,40.444006869289296,-3.60804877433005,NA,MW,0.0057464121741466765,0.6277315809533437
SITEC,Colocation Datacenter,Datacenter,0.132,41.9336947841367,8.79034693846821,NA,MW,1.4295987281600058e-4,0.24754281120651617
DataRush,Colocation Datacenter,Datacenter,0.132,36.6962684544457,-4.49479337232537,NA,MW,1.4295987281600058e-4,0.24754281120651617
NTT DATA,Self-build Datacenter,Datacenter,0.8580000000000001,51.1927065706681,14.3453876241872,NA,MW,9.331903255677627e-4,0.46326887931108013
DATA17,Colocation Datacenter,Datacenter,0.396,45.9275289711411,-0.522590042268178,NA,MW,4.3031640108936856e-4,0.37692711334378215
Infinite Chain,Colocation Datacenter,Datacenter,0.66,46.9317532546278,25.3299623260682,NA,MW,7.176729293627365e-4,0.4155754666095678
Techno-Z,Colocation Datacenter,Datacenter,0.23099999999999998,47.8235105,13.039052,NA,MW,2.5071857091851356e-4,0.3101542499938824
menkiSys Networks,Self-build Datacenter,Datacenter,0.04356,48.2003827340043,14.1455057210317,NA,MW,4.66954358444223e-5,0.162078688453893
H2 Digital,Self-build Datacenter,Datacenter,0.06599999999999993,43.9522417986802,4.81886615614254,NA,MW,7.112074074765851e-5,0.17173267788962904
DataRush,Colocation Datacenter,Datacenter,0.066,36.6976222350564,-4.48215730851205,NA,MW,7.112074074765859e-5,0.1721534085159869
Azur Datacenter,Colocation Datacenter,Datacenter,1.32,43.6218002303081,7.07642893945097,NA,MW,0.0014360642500461567,0.49707249917727087
Exa Infrastructure,Self-build Datacenter,Datacenter,0.198,48.1371140637598,16.3069912355078,NA,MW,2.1479900488434258e-4,0.2853188752906802
Arelion,Self-build Datacenter,Datacenter,0.264,48.1336882769001,16.305944209826,NA,MW,2.8663813695268463e-4,0.315989724875794
Hutchinson 3,Self-build Datacenter,Datacenter,0.066,48.2429219087758,16.3643260433982,NA,MW,7.112074074765859e-5,0.1721534085159869
nLighten,Colocation Datacenter,Datacenter,0.396,50.987889,3.767416,NA,MW,4.3031640108936856e-4,0.37692711334378215
A1,Self-build Datacenter,Datacenter,1.98,48.1820803769227,16.3912551043059,NA,MW,0.002154455570729577,0.5378026804166678
Adamentis,Colocation Datacenter,Datacenter,0.033,42.522974507869,2.82151533600497,NA,MW,3.5201174713487585e-5,0.12072065583645451
nLighten,Colocation Datacenter,Datacenter,1.2275999999999936,48.255604,11.611681,NA,MW,0.0013354894651504707,0.4959013639538124
DENV-R,Colocation Datacenter,Datacenter,0.132,47.1990174654823,-1.56741382558055,NA,MW,1.4295987281600058e-4,0.24754281120651617
Equinix,Colocation Datacenter,Datacenter,9.24,50.1377558628214,8.74102948893092,NA,MW,0.010056760098247196,0.6772969633617073
Moji,Colocation Datacenter,Datacenter,0.528,48.880775883658,2.21911167679081,NA,MW,5.739946652260526e-4,0.4001521973645303
IQM Quantum Computers,Self-build Datacenter,Datacenter,0.528,48.1762575,11.5368486,NA,MW,5.739946652260526e-4,0.4001521973645303
nLighten,Colocation Datacenter,Datacenter,0.396,48.7214494,9.1285408,NA,MW,4.3031640108936856e-4,0.37692711334378215
Cellnex Telecom,Colocation Datacenter,Datacenter,0.66,52.0100632563558,5.05342200309812,NA,MW,7.176729293627365e-4,0.4155754666095678
Exa Infrastructure,Self-build Datacenter,Datacenter,0.198,48.7253675055581,9.11611749888501,NA,MW,2.1479900488434258e-4,0.2853188752906802
Nepustil,Colocation Datacenter,Datacenter,0.132,48.7089554735064,9.1699534385192,NA,MW,1.4295987281600058e-4,0.24754281120651617
nLighten,Colocation Datacenter,Datacenter,0.99,52.4051649,9.7340025,NA,MW,0.0010768685897044467,0.46920446292403056
Amazon Web Services,Self-build Datacenter,Datacenter,13.200000000000001,-33.9012609887452,18.6808707029395,NA,MW,0.014367108022347716,0.709905288357056
Vodafone,Self-build Datacenter,Datacenter,0.33,48.1353702378637,11.5269022995337,NA,MW,3.584772690210266e-4,0.33446925260026933
Linz AG,Colocation Datacenter,Datacenter,0.3168,48.3242306972546,14.3000717629288,NA,MW,3.441094426073582e-4,0.3334959151540544
nLighten,Colocation Datacenter,Datacenter,0.023100000000000002,53.4535419820908,10.0062621766116,NA,MW,2.4425304903236283e-5,0.11058090215997064
nLighten,Colocation Datacenter,Datacenter,0.30096,49.4541382,11.0144347,NA,MW,3.2686805091095613e-4,0.33317064835907784
Sota,Self-build Datacenter,Datacenter,0.264,51.3109659122087,0.728604795663472,NA,MW,2.8663813695268463e-4,0.315989724875794
contabo,Colocation Datacenter,Datacenter,0.396,49.4137993520993,11.1704472361759,NA,MW,4.3031640108936856e-4,0.37692711334378215
Audi,Self-build Datacenter,Datacenter,3.1218000000000004,48.7535332308769,11.4800054944265,NA,MW,0.0033972725555118932,0.5830239600863759
Nepustil,Colocation Datacenter,Datacenter,0.05280000000000001,48.5182092,9.0508705,NA,MW,5.675291433399018e-5,0.1678782234493634
Amazon Web Services,Self-build Datacenter,Datacenter,13.200000000000001,-34.027959009946,18.7203249745609,NA,MW,0.014367108022347716,0.709905288357056
contabo,Colocation Datacenter,Datacenter,0.165,48.1045442897232,11.599843732192,NA,MW,1.788794388501716e-4,0.27561916636419576
TelemaxX Telekommunikation,Colocation Datacenter,Datacenter,0.5940000000000001,49.0777771321485,8.45810349949076,NA,MW,6.458337972943946e-4,0.4101907163362423
Lunar Digital,Colocation Datacenter,Datacenter,0.66,53.4653133555115,-2.19375626789408,NA,MW,7.176729293627365e-4,0.4155754666095678
PCK IT Datacenter,Colocation Datacenter,Datacenter,0.132,47.5523023,9.7189608,NA,MW,1.4295987281600058e-4,0.24754281120651617
synaforce,Self-build Datacenter,Datacenter,0.5939999999999994,48.6718834,13.1187764,NA,MW,6.458337972943939e-4,0.40941647499946593
ScaleUp Technologies,Colocation Datacenter,Datacenter,0.5940000000000001,49.4533821,11.0048478,NA,MW,6.458337972943946e-4,0.4101907163362423
Microsoft,Self-build Datacenter,Datacenter,88.70400000000001,60.6009034757402,17.0092645734564,NA,MW,0.09655107510853096,0.8624033099424746
Trusted Network,Self-build Datacenter,Datacenter,0.066,48.2845117344134,11.5669914933633,NA,MW,7.112074074765859e-5,0.1721534085159869
R-KOM,Self-build Datacenter,Datacenter,0.2574,49.0133927181563,12.1482925512825,NA,MW,2.794542237458504e-4,0.31546529785338473
Intred,Colocation Datacenter,Datacenter,0.198,45.5775347825062,10.2304030975317,NA,MW,2.1479900488434258e-4,0.2853188752906802
ratiokontakt,Colocation Datacenter,Datacenter,0.198,49.408342,11.1305741,NA,MW,2.1479900488434258e-4,0.2853188752906802
Heidelberg IT,Colocation Datacenter,Datacenter,0.14850000000000002,49.4057058,8.6401524,NA,MW,1.609196558330861e-4,0.27090525660622
EVF,Colocation Datacenter,Datacenter,0.2772,48.7133196,9.686881,NA,MW,3.0100596336635297e-4,0.32973002342094987
Stadtwerke Ulm,Self-build Datacenter,Datacenter,0.495,48.4263033388722,9.93407471989559,NA,MW,5.380750991918815e-4,0.3964431014066308
LEW TelNet,Colocation Datacenter,Datacenter,1.6500000000000001,48.4031042740718,10.8734256986498,NA,MW,0.0017952599103878667,0.5253577947705927
TelemaxX Telekommunikation,Colocation Datacenter,Datacenter,0.99,49.0271583101525,8.4731734003071,NA,MW,0.0010768685897044467,0.46920446292403056
weber.cloud,Colocation Datacenter,Datacenter,0.066,48.2768222939438,8.85135987044307,NA,MW,7.112074074765859e-5,0.1721534085159869
R-KOM,Self-build Datacenter,Datacenter,0.21780000000000002,49.0373099701919,12.0874476443915,NA,MW,2.363507445048452e-4,0.30871675772651785
Baden RZ,Colocation Datacenter,Datacenter,0.099,48.784069,8.1852808,NA,MW,1.0704030678182957e-4,0.23061307124173125
TZ PERG,Colocation Datacenter,Datacenter,0.29700000000000004,48.2458799567908,14.6199252812486,NA,MW,3.225577029868556e-4,0.3313742394774948
Leitwerk AG,Colocation Datacenter,Datacenter,0.198,48.550037,7.97357,NA,MW,2.1479900488434258e-4,0.2853188752906802
q.beyond,Colocation Datacenter,Datacenter,0.66,53.5932404,10.0095448,NA,MW,7.176729293627365e-4,0.4155754666095678
q.beyond,Colocation Datacenter,Datacenter,0.29700000000000004,53.5735492,9.8874381,NA,MW,3.225577029868556e-4,0.3313742394774948
TelemaxX Telekommunikation,Colocation Datacenter,Datacenter,0.792,49.0200873,8.4782911,NA,MW,8.613511934994207e-4,0.45478548622291065
LEW TelNet,Colocation Datacenter,Datacenter,0.2969999999999994,48.3884896,10.8286499,NA,MW,3.225577029868549e-4,0.33071783784568604
1&1 Versatel,Self-build Datacenter,Datacenter,0.066,48.8083496,9.1940205,NA,MW,7.112074074765859e-5,0.1721534085159869
Telecentras,Self-build Datacenter,Datacenter,0.198,54.6872539955912,25.2160249671564,NA,MW,2.1479900488434258e-4,0.2853188752906802
TelemaxX Telekommunikation,Colocation Datacenter,Datacenter,0.29700000000000004,49.013523140158,8.34718592992405,NA,MW,3.225577029868556e-4,0.3313742394774948
Rechenzentrum HaÃŸfurt,Colocation Datacenter,Datacenter,0.099,50.0295244873273,10.5248547154113,NA,MW,1.0704030678182957e-4,0.23061307124173125
Citynet,Colocation Datacenter,Datacenter,0.17424,47.2650892,11.4358125,NA,MW,1.8893691733973947e-4,0.28288761028762244
ITENOS,Colocation Datacenter,Datacenter,1.98,48.6771355788574,8.96633462275559,NA,MW,0.002154455570729577,0.5378026804166678
DATIS IT-Services,Self-build Datacenter,Datacenter,0.14850000000000002,49.5114051043832,8.50230604293071,NA,MW,1.609196558330861e-4,0.27090525660622
PlusServer,Colocation Datacenter,Datacenter,0.21120000000000003,53.4781815,9.993000305,NA,MW,2.29166831298011e-4,0.307451345353899
Lloyds Bank,Self-build Datacenter,Datacenter,0.1584,53.7080146389211,-1.88351193934875,NA,MW,1.7169552564333737e-4,0.27349104264133217
Moresi.com,Colocation Datacenter,Datacenter,0.43560000000000004,45.9323522,8.9749439,NA,MW,4.734198803303738e-4,0.3886494397029038
Datamena,Self-build Datacenter,Datacenter,0.76626,25.0279422188893,55.1853565237771,NA,MW,8.333339319927674e-4,0.4543053601675196
Swisscom,Colocation Datacenter,Datacenter,0.2969999999999994,46.1942485,9.0259544,NA,MW,3.225577029868549e-4,0.33071783784568604
DATA4,Colocation Datacenter,Datacenter,138.6,48.6499339267402,2.22691381255333,NA,MW,0.15086145895219752,0.8966373631454718
AXA,Self-build Datacenter,Datacenter,0.99,47.5007983,8.7210181,NA,MW,0.0010768685897044467,0.46920446292403056
CKW,Self-build Datacenter,Datacenter,0.099,47.1537029,8.299474,NA,MW,1.0704030678182957e-4,0.23061307124173125
SYSTEM-CLINCH Internet Services,Colocation Datacenter,Datacenter,0.0495,47.4989685,8.7184526000000009,NA,MW,5.3160957730573077e-5,0.16523724046341057
bancadati,Colocation Datacenter,Datacenter,0.6171000000000001,46.0231797437414,8.91698834704254,NA,MW,6.709774935183143e-4,0.41353119210903677
pronexon,Self-build Datacenter,Datacenter,0.099,48.5093333744405,9.22468941903449,NA,MW,1.0704030678182957e-4,0.23061307124173125
CKW,Self-build Datacenter,Datacenter,0.066,47.1801668,8.1143244,NA,MW,7.112074074765859e-5,0.1721534085159869
BAR Informatik,Self-build Datacenter,Datacenter,0.14850000000000002,46.309216,7.9663663,NA,MW,1.609196558330861e-4,0.27090525660622
GIB Solutions,Colocation Datacenter,Datacenter,0.099,47.3727366,8.4608793,NA,MW,1.0704030678182957e-4,0.23061307124173125
WWZ,Colocation Datacenter,Datacenter,0.396,47.1853667431974,8.49014744821425,NA,MW,4.3031640108936856e-4,0.37692711334378215
badenIT,Self-build Datacenter,Datacenter,0.198,48.0284452,7.8460127,NA,MW,2.1479900488434258e-4,0.2853188752906802
badenIT,Self-build Datacenter,Datacenter,0.198,47.9940979995221,7.83466812135384,NA,MW,2.1479900488434258e-4,0.2853188752906802
hosttech,Colocation Datacenter,Datacenter,1.122,47.1420982991653,8.12873916884646,NA,MW,0.0012205468538411307,0.48922216070846786
CKW,Self-build Datacenter,Datacenter,0.132,47.058397018688,8.09311110238235,NA,MW,1.4295987281600058e-4,0.24754281120651617
badenIT,Self-build Datacenter,Datacenter,0.132,47.6201597,7.6104742,NA,MW,1.4295987281600058e-4,0.24754281120651617
IBM,Self-build Datacenter,Datacenter,0.33,48.6525747,8.9482941,NA,MW,3.584772690210266e-4,0.33446925260026933
PlusServer,Colocation Datacenter,Datacenter,0.2376,53.706113941,9.994108327,NA,MW,2.579024841253478e-4,0.31335562806362666
Equinix,Colocation Datacenter,Datacenter,5.94,40.534422333878,-3.66245675434098,NA,MW,0.006464803494830097,0.6344822178279486
Sota,Self-build Datacenter,Datacenter,0.198,51.3137727,0.7258648,NA,MW,2.1479900488434258e-4,0.2853188752906802
Magyar Telekom,Colocation Datacenter,Datacenter,0.198,47.4421087422094,18.9727257955781,NA,MW,2.1479900488434258e-4,0.2853188752906802
Enemalta,Self-build Datacenter,Datacenter,0.264,35.8818961808615,14.4993626274005,NA,MW,2.8663813695268463e-4,0.315989724875794
hosttech,Colocation Datacenter,Datacenter,0.23562,47.2068168803998,8.70840509211922,NA,MW,2.557473101632975e-4,0.3131789469834727
NorthC,Colocation Datacenter,Datacenter,0.29304,47.5148064,7.6174428,NA,MW,3.182473550627551e-4,0.3305534707759376
Swisscom,Colocation Datacenter,Datacenter,0.99,46.8304194,6.6818074,NA,MW,0.0010768685897044467,0.46920446292403056
Fleischmanufaktur Haspel,Self-build Datacenter,Datacenter,0.066,49.257262,10.3003427,NA,MW,7.112074074765859e-5,0.1721534085159869
Seznam.cz,Colocation Datacenter,Datacenter,0.66,50.1171495241289,14.5928838149338,NA,MW,7.176729293627365e-4,0.4155754666095678
PASHA Technology,Colocation Datacenter,Datacenter,0.528,40.4095067619164,49.833643040753,NA,MW,5.739946652260526e-4,0.4001521973645303
Magyar Telekom,Colocation Datacenter,Datacenter,0.132,47.6862139071416,17.636637025194698,NA,MW,1.4295987281600058e-4,0.24754281120651617
STACKIT,Colocation Datacenter,Datacenter,0.165,49.1831178,9.2366428,NA,MW,1.788794388501716e-4,0.27561916636419576
InterConnect,Colocation Datacenter,Datacenter,3.96,51.6917795841043,5.35352138526585,NA,MW,0.0043096295327798365,0.6014333584057593
Seznam.cz,Colocation Datacenter,Datacenter,1.32,50.1175587059815,14.5928515587801,NA,MW,0.0014360642500461567,0.49707249917727087
SIEN,Self-build Datacenter,Datacenter,0.528,46.9997829,6.9238552,NA,MW,5.739946652260526e-4,0.4001521973645303
Magyar Telekom,Colocation Datacenter,Datacenter,0.198,47.5179799038912,19.0557014809928,NA,MW,2.1479900488434258e-4,0.2853188752906802
Airbus,Self-build Datacenter,Datacenter,2.64,48.0523239,11.6529003,NA,MW,0.002872846891412997,0.5631704731174867
UniversitÃ¤t OsnabrÃ¼ck,Self-build Datacenter,Datacenter,0.264,52.2850616,8.0213766,NA,MW,2.8663813695268463e-4,0.315989724875794
Seznam.cz,Colocation Datacenter,Datacenter,1.98,50.2681853317961,14.853864343062,NA,MW,0.002154455570729577,0.5378026804166678
Safaricom,Self-build Datacenter,Datacenter,1.8479999999999999,-1.17263491779354,36.7068106937759,NA,MW,0.0020107773065928926,0.5353039393158621
Data One,Colocation Datacenter,Datacenter,132,45.1552853477852,5.74072509311369,NA,MW,0.14367754574536332,0.8917559585146559
Chester Council,Self-build Datacenter,Datacenter,0.264,53.192472,-2.928376,NA,MW,2.8663813695268463e-4,0.315989724875794
GSI,Self-build Datacenter,Datacenter,7.92,49.9307681079809,8.68080663450283,NA,MW,0.008619977456880357,0.66263248323203
BT Global Services,Self-build Datacenter,Datacenter,2.31,53.410829179756,-6.37185322227117,NA,MW,0.0025136512310712867,0.5553540616822411
T-Systems,Self-build Datacenter,Datacenter,0.198,47.0047662886063,7.4652074028877,NA,MW,2.1479900488434258e-4,0.2853188752906802
Migros,Self-build Datacenter,Datacenter,0.04884,47.0962564,8.3650923,NA,MW,5.244256640988966e-5,0.16479123982494473
Migros,Self-build Datacenter,Datacenter,0.198,47.41107,9.2695272,NA,MW,2.1479900488434258e-4,0.2853188752906802
DataVita,Colocation Datacenter,Datacenter,0.66,55.8614406382242,-4.26528732833379,NA,MW,7.176729293627365e-4,0.4155754666095678
Bitzero,Self-build Datacenter,Datacenter,54.45,64.713731213,12.83043619,NA,MW,0.05926656556506146,0.8233120619535915
Bahnhof,Colocation Datacenter,Datacenter,0.264,59.4023201451453,17.9627107847455,NA,MW,2.8663813695268463e-4,0.315989724875794
PenDC,Colocation Datacenter,Datacenter,1.6500000000000001,40.309033,29.0637116,NA,MW,0.0017952599103878667,0.5253577947705927
Sahiba Gokcen Airport,Self-build Datacenter,Datacenter,0.099,40.9077885,29.3140036,NA,MW,1.0704030678182957e-4,0.23061307124173125
Albaraka,Self-build Datacenter,Datacenter,0.099,41.0664958,29.0018365,NA,MW,1.0704030678182957e-4,0.23061307124173125
MTN Irancell,Self-build Datacenter,Datacenter,0.495,32.6759853489892,51.6520291556522,NA,MW,5.380750991918815e-4,0.3964431014066308
Pulsant,Colocation Datacenter,Datacenter,1.98,52.4515848589449,-1.85328527887991,NA,MW,0.002154455570729577,0.5378026804166678
Gruppo TIM,Self-build Datacenter,Datacenter,0.198,44.4284404274322,8.92147834982804,NA,MW,2.1479900488434258e-4,0.2853188752906802
M-Net,Colocation Datacenter,Datacenter,0.099,48.3946464,10.9281494,NA,MW,1.0704030678182957e-4,0.23061307124173125
Albaraka,Self-build Datacenter,Datacenter,0.198,41.0313752,29.1122923,NA,MW,2.1479900488434258e-4,0.2853188752906802
OVHcloud,Self-build Datacenter,Datacenter,1.32,45.1903246915378,9.3939997505319,NA,MW,0.0014360642500461567,0.49707249917727087
Rheinmetall,Self-build Datacenter,Datacenter,0.066,52.8536277,10.2901354,NA,MW,7.112074074765859e-5,0.1721534085159869
Raiffeisen Informatik,Self-build Datacenter,Datacenter,0.396,46.6315375,14.3143051,NA,MW,4.3031640108936856e-4,0.37692711334378215
Websahibi,Self-build Datacenter,Datacenter,0.21120000000000003,38.3888865,27.0898836,NA,MW,2.29166831298011e-4,0.307451345353899
Teknet,Self-build Datacenter,Datacenter,0.1188,36.8903954,30.7474993,NA,MW,1.285920464023322e-4,0.24504928995455497
HKCOLO,Colocation Datacenter,Datacenter,18.018,22.2907923266869,114.274513082566,NA,MW,0.019611364663336683,0.7377568668524476
Sify Technologies,Colocation Datacenter,Datacenter,92.26800000000001,28.5139720690985,77.3725939868105,NA,MW,0.10043038824022144,0.8653150695388483
Equinix,Colocation Datacenter,Datacenter,7.92,-33.9117094018536,151.192555959664,NA,MW,0.008619977456880357,0.66263248323203
Global Switch,Colocation Datacenter,Datacenter,46.2,22.2863950556575,114.269979227516,NA,MW,0.05028667405651872,0.8041840708105539
Equinix,Colocation Datacenter,Datacenter,8.5668,22.3628599743273,114.118724773532,NA,MW,0.009324000951150109,0.6714273608785462
Basis Bay,Colocation Datacenter,Datacenter,2.97,2.905644,101.652749,NA,MW,0.0032320425517547062,0.5784668419763419
Equinix,Colocation Datacenter,Datacenter,7.127999999999934,22.3680786113064,114.118534696083,NA,MW,0.007757907872060181,0.658659345087381
SUNeVision iAdvantage,Colocation Datacenter,Datacenter,15.84,22.2660993926496,114.246592660445,NA,MW,0.017240673305081396,0.7248045581963534
Digital Realty Bersama,Colocation Datacenter,Datacenter,0.957,-6.15878719308531,106.68977976806,NA,MW,0.0010409490236702756,0.4682566449842307
SUNeVision iAdvantage,Colocation Datacenter,Datacenter,15.972,22.2933725231675,114.274212944003,NA,MW,0.017384351569218078,0.7297468008762915
AirTrunk,Colocation Datacenter,Datacenter,13.200000000000001,22.349975960085,114.109605234547,NA,MW,0.014367108022347716,0.709905288357056
Towngas Telecom,Colocation Datacenter,Datacenter,8.712,22.2870790451624,114.274540993445,NA,MW,0.009482047041700461,0.6734240467363076
SUNeVision iAdvantage,Colocation Datacenter,Datacenter,3.3000000000000003,22.366655,114.118793,NA,MW,0.0035912382120964165,0.5864688078909632
AirTrunk,Colocation Datacenter,Datacenter,85.8,-33.7992731037201,150.88141692395,NA,MW,0.09339015329752391,0.8606958374763732
Towngas Telecom,Self-build Datacenter,Datacenter,0.132,22.336647,114.198841,NA,MW,1.4295987281600058e-4,0.24754281120651617
SUNeVision iAdvantage,Colocation Datacenter,Datacenter,1.32,22.31381,114.221114,NA,MW,0.0014360642500461567,0.49707249917727087
Mainland China Mobile International,Colocation Datacenter,Datacenter,19.8,13.0981883540761,101.108916536621,NA,MW,0.021551021229181917,0.742365222627286
Equinix,Colocation Datacenter,Datacenter,27.720000000000002,-33.9193246960549,151.189302226993,NA,MW,0.03017171707738296,0.7727183356618712
Telstra,Colocation Datacenter,Datacenter,1.98,22.2826331242725,114.272171527526,NA,MW,0.002154455570729577,0.5378026804166678
Telkom Malaysia,Colocation Datacenter,Datacenter,10.89,2.93237777256416,101.657855621844,NA,MW,0.011852738399955745,0.6941862602211482
KIRZ,Colocation Datacenter,Datacenter,0.006600000000000001,13.7266532836399,100.514790099395,NA,MW,6.465521886150781e-6,0.02118857845747979
True IDC,Colocation Datacenter,Datacenter,15.972,13.5832724278337,100.825812580959,NA,MW,0.017384351569218078,0.7297468008762915
Mainland China Unicom,Colocation Datacenter,Datacenter,15.84,22.2829388583524,114.268215602665,NA,MW,0.017240673305081396,0.7248045581963534
Telkom Malaysia,Colocation Datacenter,Datacenter,8.705400000000001,1.43591120565624,103.599004019995,NA,MW,0.009474863128493627,0.6732570400730544
INET,Colocation Datacenter,Datacenter,0.396,13.7481537889452,100.5671019585,NA,MW,4.3031640108936856e-4,0.37692711334378215
NTT Communications Corporation,Colocation Datacenter,Datacenter,6.534000000000001,22.4537787263153,114.187158725343,NA,MW,0.007111355683445175,0.6449642710790582
TCC Technology,Colocation Datacenter,Datacenter,0.099,13.7204901030054,100.530083560607,NA,MW,1.0704030678182957e-4,0.23061307124173125
CSL,Self-build Datacenter,Datacenter,0.066,13.7696304900712,100.573750951859,NA,MW,7.112074074765859e-5,0.1721534085159869
True IDC,Colocation Datacenter,Datacenter,9.9,13.9112878255372,100.549979729666,NA,MW,0.010775151418930618,0.6833128712366293
Hong Kong Exchange and Clearing,Colocation Datacenter,Datacenter,4.752000000000001,22.2856039772345,114.273439898011,NA,MW,0.00517169911759994,0.6220928091743572
TCC Technology,Colocation Datacenter,Datacenter,1.4625600000000003,13.6633003394404,100.65167074125,NA,MW,0.0015912367753137756,0.5194674054610369
Bridge Data Centres,Colocation Datacenter,Datacenter,10.56,3.04645863951404,101.692589925965,NA,MW,0.011493542739614037,0.6880616533755357
AIMS,Colocation Datacenter,Datacenter,23.43,2.93776598142145,101.657332769067,NA,MW,0.02550217349294073,0.7562115610479307
INET,Colocation Datacenter,Datacenter,0.198,13.7589940239003,100.540853749527,NA,MW,2.1479900488434258e-4,0.2853188752906802
Vantage Data Centers,Colocation Datacenter,Datacenter,4.62,22.495468590129,114.143844655466,NA,MW,0.005028020853463257,0.6168196233655726
Vantage Data Centers,Colocation Datacenter,Datacenter,9.24,22.3975411664034,114.19091958634,NA,MW,0.010056760098247196,0.6772969633617073
True IDC,Colocation Datacenter,Datacenter,0.5478,13.7628830418103,100.568027303296,NA,MW,5.955464048465551e-4,0.40760485913422595
CSL,Colocation Datacenter,Datacenter,3.036,13.8188389120172,100.64976236325,NA,MW,0.0033038816838230484,0.5813737134421796
Vantage Data Centers,Colocation Datacenter,Datacenter,0.33,22.263636391381,114.130453163161,NA,MW,3.584772690210266e-4,0.33446925260026933
INET,Colocation Datacenter,Datacenter,3.828,14.6189204221164,101.045047971115,NA,MW,0.004165951268643152,0.6002436301510863
True IDC,Colocation Datacenter,Datacenter,0.5478,13.7363710592547,100.622594803367,NA,MW,5.955464048465551e-4,0.40760485913422595
OneAs1a,Colocation Datacenter,Datacenter,0.09240000000000001,22.2658536078278,114.236575528544,NA,MW,9.985639357499539e-5,0.2289562776030639
iTech Data Center Towers,Colocation Datacenter,Datacenter,3.3000000000000003,22.374345984143,114.109670443241,NA,MW,0.0035912382120964165,0.5864688078909632
HSBC,Self-build Datacenter,Datacenter,6.597360000000001,22.2884678008327,114.275678705658,NA,MW,0.007180321250230784,0.6454153318245656
HSBC,Self-build Datacenter,Datacenter,6.6000000000000005,22.3895701527219,114.208403177292,NA,MW,0.007183194815513517,0.6455658398812243
CITIC Telecom International,Colocation Datacenter,Datacenter,5.147340000000001,22.3602542315187,114.120078131856,NA,MW,0.0056020155186893095,0.6270215606194802
BDx,Colocation Datacenter,Datacenter,3.7620000000000005,22.2491050939152,114.164351104397,NA,MW,0.004094112136574811,0.599715942615646
Telekom Malaysia,Self-build Datacenter,Datacenter,0.165,22.321506,114.206218,NA,MW,1.788794388501716e-4,0.27561916636419576
NTT Communications Corporation,Self-build Datacenter,Datacenter,0.066,22.4532219268995,114.187841036247,NA,MW,7.112074074765859e-5,0.1721534085159869
BDx,Colocation Datacenter,Datacenter,2.64,22.361858640737,114.134469842764,NA,MW,0.002872846891412997,0.5631704731174867
SUNeVision iAdvantage,Colocation Datacenter,Datacenter,118.47,22.2942148248048,114.27404345737,NA,MW,0.1289505236713532,0.8827683508415037
HKCOLO,Colocation Datacenter,Datacenter,0.46199999999999997,22.2663322624509,114.246589985936,NA,MW,5.021555331577106e-4,0.3902747392171655
Mainland China Mobile International,Colocation Datacenter,Datacenter,3.96,22.2893425461437,114.272007841855,NA,MW,0.0043096295327798365,0.6014333584057593
OneAs1a,Colocation Datacenter,Datacenter,6.6000000000000005,22.3229208346895,114.205902722142,NA,MW,0.007183194815513517,0.6455658398812243
AirTrunk,Colocation Datacenter,Datacenter,253.44,35.8167045828616,140.160237597178,NA,MW,0.27586154875111263,0.9373348596337099
CITIC Telecom International,Colocation Datacenter,Datacenter,1.1880000000000002,22.2384812405614,114.152940522398,NA,MW,0.0012923859859094728,0.49273851559360243
Vantage Data Centers,Colocation Datacenter,Datacenter,9.24,22.3521024252783,114.123677197783,NA,MW,0.010056760098247196,0.6772969633617073
PROEN,Colocation Datacenter,Datacenter,0.8448000000000001,13.7266587494966,100.514355339571,NA,MW,9.188224991540943e-4,0.462792757029645
Telstra,Colocation Datacenter,Datacenter,0.264,22.2834429753002,114.271458571652,NA,MW,2.8663813695268463e-4,0.315989724875794
AirTrunk,Colocation Datacenter,Datacenter,105.60000000000001,-33.8077013737231,151.144573093846,NA,MW,0.11494189291802652,0.8759193270679362
HKBN Enterprise Solutions,Self-build Datacenter,Datacenter,0.66,22.3691276752416,114.131285604996,NA,MW,7.176729293627365e-4,0.4155754666095678
Vantage Data Centers,Colocation Datacenter,Datacenter,0.46199999999999997,22.2868208812771,114.150193881042,NA,MW,5.021555331577106e-4,0.3902747392171655
Bank of East Asia (BEA),Self-build Datacenter,Datacenter,0.132,22.3123858496927,114.224965751041,NA,MW,1.4295987281600058e-4,0.24754281120651617
Mainland China Construction Bank,Self-build Datacenter,Datacenter,0.264,22.3241146658029,114.208443257732,NA,MW,2.8663813695268463e-4,0.315989724875794
Macquarie Data Centres,Colocation Datacenter,Datacenter,7.92,-33.7811099736556,151.127073186667,NA,MW,0.008619977456880357,0.66263248323203
Mainland China Construction Bank,Self-build Datacenter,Datacenter,0.396,22.2813752105767,114.161490506565,NA,MW,4.3031640108936856e-4,0.37692711334378215
Kookmin Bank (KB),Self-build Datacenter,Datacenter,6.494400000000001,37.6396770356093,126.682956379901,NA,MW,0.00706825220420417,0.6446639485373905
SK Broadband,Colocation Datacenter,Datacenter,30.360000000000003,37.4759802405285,126.887603430938,NA,MW,0.03304528236011664,0.7778544155721873
BNK Financial Group,Self-build Datacenter,Datacenter,1.98,35.1376946894783,128.856831558427,NA,MW,0.002154455570729577,0.5378026804166678
National Telecom,Colocation Datacenter,Datacenter,0.066,13.7266821408638,100.514028182829,NA,MW,7.112074074765859e-5,0.1721534085159869
NTT Global Data Centers,Colocation Datacenter,Datacenter,3.3000000000000003,13.4433492914357,101.049091486277,NA,MW,0.0035912382120964165,0.5864688078909632
Bridge Data Centres,Colocation Datacenter,Datacenter,3.5970000000000004,13.5749727493716,100.760936277977,NA,MW,0.003914514306403955,0.5978741833195188
National Telecom,Self-build Datacenter,Datacenter,0.264,13.8647803457403,100.515774778049,NA,MW,2.8663813695268463e-4,0.315989724875794
NTT Global Data Centers,Colocation Datacenter,Datacenter,0.528,13.663064103001,100.651651243993,NA,MW,5.739946652260526e-4,0.4001521973645303
National Telecom,Self-build Datacenter,Datacenter,0.033,13.3604627643542,100.980622179687,NA,MW,3.5201174713487585e-5,0.12072065583645451
JasTel,Self-build Datacenter,Datacenter,0.132,13.9053079749843,100.520856655662,NA,MW,1.4295987281600058e-4,0.24754281120651617
National Telecom,Self-build Datacenter,Datacenter,1.7344800000000002,13.8862684231113,100.575851603038,NA,MW,0.0018872139994353446,0.5330477258849239
National Telecom,Self-build Datacenter,Datacenter,0.43032000000000004,13.7582676840624,100.514078947228,NA,MW,4.6767274976490644e-4,0.3882420289039397
National Telecom,Self-build Datacenter,Datacenter,0.792,13.8665736268562,100.516286797943,NA,MW,8.613511934994207e-4,0.45478548622291065
Pacific Internet,Colocation Datacenter,Datacenter,0.033,13.7266398934042,100.514369478353,NA,MW,3.5201174713487585e-5,0.12072065583645451
STT Global Data Centres Thailand,Colocation Datacenter,Datacenter,13.200000000000001,13.756820409382,100.633088049698,NA,MW,0.014367108022347716,0.709905288357056
PCCW Global,Colocation Datacenter,Datacenter,0.33,22.2801695574575,114.171026011946,NA,MW,3.584772690210266e-4,0.33446925260026933
National Telecom,Self-build Datacenter,Datacenter,0.10560000000000001,13.0811881141366,100.918571261901,NA,MW,1.1422421998866378e-4,0.24277281698635517
NEXTDC,Colocation Datacenter,Datacenter,79.2,-37.7087183296039,144.876323363196,NA,MW,0.08620624009068971,0.8504903198328608
Sify Technologies,Colocation Datacenter,Datacenter,86.46000000000001,12.8302080342715,80.2267637160119,NA,MW,0.09410854461820733,0.8618309504860348
Digital Realty,Colocation Datacenter,Datacenter,1.914,-37.7818934231607,144.779330977492,NA,MW,0.0020826164386612347,0.5372072429703549
irix,Colocation Datacenter,Datacenter,0.792,1.70984761351279,110.353363695191,NA,MW,8.613511934994207e-4,0.45478548622291065
Far EasTone Telecommunications,Colocation Datacenter,Datacenter,2.3760000000000003,25.00071727703,121.455120475097,NA,MW,0.002585490363139629,0.559740115862271
NTT Global Data Centers,Colocation Datacenter,Datacenter,7.3260000000000005,-6.23780329996722,106.823366735045,NA,MW,0.007973425268265279,0.6607179612432487
NTT Global Data Centers,Colocation Datacenter,Datacenter,30.096000000000004,-6.30442069639121,107.095520949109,NA,MW,0.032757925831843275,0.7769863020327648
NeutraDC,Colocation Datacenter,Datacenter,0.1188,-8.65549721304622,115.218975107523,NA,MW,1.285920464023322e-4,0.24504928995455497
NeutraDC,Colocation Datacenter,Datacenter,0.18216000000000002,1.50981897875884,124.914685186402,NA,MW,1.9755761318794053e-4,0.2845117535820471
NeutraDC,Colocation Datacenter,Datacenter,0.3088799999999993,-7.27639472947794,112.7453356416,NA,MW,3.354887467591564e-4,0.3333333333333333
NeutraDC,Colocation Datacenter,Datacenter,0.28116,-6.21822278500529,106.756281336423,NA,MW,3.053163112904535e-4,0.32989492863402337
NeutraDC,Self-build Datacenter,Datacenter,0.14256,-5.16114831666313,119.41546995894,NA,MW,1.544541339469353e-4,0.27047080484009994
Moratelindo,Colocation Datacenter,Datacenter,0.97152,1.16774100715282,104.137655924343,NA,MW,0.0010567536327253108,0.4689675713962471
BDx,Colocation Datacenter,Datacenter,2.31,-6.33855819128827,106.676892834357,NA,MW,0.0025136512310712867,0.5553540616822411
Pure Data Centres,Colocation Datacenter,Datacenter,13.200000000000001,-6.19929911799943,106.978704925244,NA,MW,0.014367108022347716,0.709905288357056
NeutraDC,Colocation Datacenter,Datacenter,0.17820000000000003,3.59268236245582,98.6771011318888,NA,MW,1.9324726526384e-4,0.28329489597858815
Stockland,Colocation Datacenter,Datacenter,16.632,-33.7799597457602,151.126072838634,NA,MW,0.0181027428899015,0.7323781532349699
NeutraDC,Self-build Datacenter,Datacenter,0.3168,1.11514784251789,104.05031091917,NA,MW,3.441094426073582e-4,0.3334959151540544
NeutraDC,Colocation Datacenter,Datacenter,0.1188,0.524993554921544,101.448195580359,NA,MW,1.285920464023322e-4,0.24504928995455497
NeutraDC,Colocation Datacenter,Datacenter,0.36234000000000005,-6.91632516276999,107.611643452651,NA,MW,3.936784437345142e-4,0.37467636773077895
NeutraDC,Colocation Datacenter,Datacenter,0.5108400000000001,-6.20306028375975,106.816495530461,NA,MW,5.553164908882837e-4,0.3994922778324952
NeutraDC,Colocation Datacenter,Datacenter,0.13266000000000003,-7.01944132338256,110.419432743181,NA,MW,1.4367826413668402e-4,0.2689421938668649
Iron Mountain,Colocation Datacenter,Datacenter,2.64,12.9821051859707,77.7332917533412,NA,MW,0.002872846891412997,0.5631704731174867
SUNeVision iAdvantage,Colocation Datacenter,Datacenter,6.6000000000000005,22.4963536128986,114.144318279168,NA,MW,0.007183194815513517,0.6455658398812243
Bee Information Technology PH,Colocation Datacenter,Datacenter,10.56,14.5951042662293,121.087053175951,NA,MW,0.011493542739614037,0.6880616533755357
Princeton Digital Group (PDG),Colocation Datacenter,Datacenter,63.36,35.9356644765931,139.60863655163,NA,MW,0.06896484839428764,0.832557851225788
Ready IDC,Colocation Datacenter,Datacenter,0.033,13.9214843872499,100.537965829313,NA,MW,3.5201174713487585e-5,0.12072065583645451
CDC Data Centres,Colocation Datacenter,Datacenter,185.46,-33.8180698567216,150.838719633843,NA,MW,0.20186724272072035,0.9155752349595189
NeutraDC,Colocation Datacenter,Datacenter,49.5,-6.37983187825692,107.198746068439,NA,MW,0.05387863065993581,0.8135817258273967
NEXTDC,Colocation Datacenter,Datacenter,99,-37.8038942010755,144.86536987276,NA,MW,0.10775797971119232,0.8720412105115339
Digital Realty,Colocation Datacenter,Datacenter,10.164000000000001,-33.818487666821,150.798504610976,NA,MW,0.011062507947203986,0.6873519148576992
AIMS,Colocation Datacenter,Datacenter,0.66,13.7250539362523,100.539112293218,NA,MW,7.176729293627365e-4,0.4155754666095678
OneAs1a,Colocation Datacenter,Datacenter,9.24,14.1329020227165,100.600435008513,NA,MW,0.010056760098247196,0.6772969633617073
MC Digital Realty,Colocation Datacenter,Datacenter,55.440000000000005,35.807553234452,140.11891858204,NA,MW,0.0603441525460866,0.8245321922144578
Fujitsu Systems Business Thailand,Colocation Datacenter,Datacenter,0.66,13.6688099190032,100.604190429778,NA,MW,7.176729293627365e-4,0.4155754666095678
Mainland China Telecom,Self-build Datacenter,Datacenter,23.76,30.9503415428636,121.942233610005,NA,MW,0.025861369153282437,0.7567185933142181
TCC Technology,Colocation Datacenter,Datacenter,0.033,13.4214455855565,101.004120688744,NA,MW,3.5201174713487585e-5,0.12072065583645451
CSL,Colocation Datacenter,Datacenter,1.32,14.1003451147374,100.615612988289,NA,MW,0.0014360642500461567,0.49707249917727087
United Information Highway,Colocation Datacenter,Datacenter,0.2376,13.8513801636341,100.562023954374,NA,MW,2.579024841253478e-4,0.31335562806362666
CSL,Colocation Datacenter,Datacenter,3.168,13.4493083331326,101.003523179914,NA,MW,0.003447559947959732,0.5832783197914386
United Information Highway,Colocation Datacenter,Datacenter,1.4058,13.6632759283382,100.651720706644,NA,MW,0.0015294551217350013,0.5178212058536148
Gaw Capital,Colocation Datacenter,Datacenter,16.632,1.18574899238997,104.103213462129,NA,MW,0.0181027428899015,0.7323781532349699
National Payment Corporation of India (NPCI),Self-build Datacenter,Datacenter,2.9667000000000003,12.8266162770608,80.2236131488688,NA,MW,0.0032284505951512893,0.5783408179353002
Metrabyte Cloud,Colocation Datacenter,Datacenter,0.033,13.7266618001999,100.514418255015,NA,MW,3.5201174713487585e-5,0.12072065583645451
Equinix,Colocation Datacenter,Datacenter,19.8,-33.8234859033443,151.034748641106,NA,MW,0.021551021229181917,0.742365222627286
DayOne,Colocation Datacenter,Datacenter,48.048,1.18863270210669,104.105229809166,NA,MW,0.052298169754432286,0.8117215534748272
SET,Colocation Datacenter,Datacenter,0.0429,13.7636888683116,100.567540335313,NA,MW,4.597704452373888e-5,0.16023419654441862
Otaro,Colocation Datacenter,Datacenter,0.013200000000000002,13.7266931401659,100.51406774612,NA,MW,1.364943509298498e-5,0.0865566768730906
KIRZ,Colocation Datacenter,Datacenter,0.006600000000000001,13.7620421929412,100.569091553993,NA,MW,6.465521886150781e-6,0.02118857845747979
KIRZ,Colocation Datacenter,Datacenter,0.006600000000000001,13.7248776256472,100.538845963778,NA,MW,6.465521886150781e-6,0.02118857845747979
DCI Data Centers,Colocation Datacenter,Datacenter,26.400000000000002,-36.7489890113369,174.695852876033,NA,MW,0.02873493443601612,0.7650522155526219
Datapro Computer Systems,Colocation Datacenter,Datacenter,0.013200000000000002,13.6845821262694,100.647511584562,NA,MW,1.364943509298498e-5,0.0865566768730906
Otaro,Colocation Datacenter,Datacenter,0.013200000000000002,13.6630610695306,100.651557309785,NA,MW,1.364943509298498e-5,0.0865566768730906
KIRZ,Colocation Datacenter,Datacenter,0.006600000000000001,13.6629672031053,100.651444424913,NA,MW,6.465521886150781e-6,0.02118857845747979
KDDI Telehouse,Colocation Datacenter,Datacenter,2.838,13.7516138097733,100.573715399299,NA,MW,0.0030883642876180224,0.576202892852016
PTT,Self-build Datacenter,Datacenter,0.33,13.3837825853681,101.019237111484,NA,MW,3.584772690210266e-4,0.33446925260026933
ISPIO,Colocation Datacenter,Datacenter,0.013200000000000002,13.7267556745941,100.514126754717,NA,MW,1.364943509298498e-5,0.0865566768730906
Etix Everywhere,Colocation Datacenter,Datacenter,3.1020000000000003,13.6095139475525,100.778223815717,NA,MW,0.0033757208158913905,0.5823886186762807
Amazon Web Services,Self-build Datacenter,Datacenter,10.56,12.9210378563436,101.262337200514,NA,MW,0.011493542739614037,0.6880616533755357
KIRZ,Colocation Datacenter,Datacenter,0.006600000000000001,13.7205594048453,100.530048054117,NA,MW,6.465521886150781e-6,0.02118857845747979
Metro Systems Corporation,Self-build Datacenter,Datacenter,0.66,13.6953111312803,100.673832925553,NA,MW,7.176729293627365e-4,0.4155754666095678
Amazon Web Services,Self-build Datacenter,Datacenter,10.56,13.0148251011857,101.186214755914,NA,MW,0.011493542739614037,0.6880616533755357
Symphony Communication,Self-build Datacenter,Datacenter,0.066,13.4435803741184,101.04983204926,NA,MW,7.112074074765859e-5,0.1721534085159869
Amazon Web Services,Self-build Datacenter,Datacenter,10.56,13.0136872421337,101.079452666389,NA,MW,0.011493542739614037,0.6880616533755357
Siam Commercial Bank,Self-build Datacenter,Datacenter,1.7424000000000002,13.8269878334443,100.562470660752,NA,MW,0.0018958346952835457,0.5331663711028295
ePLDT,Colocation Datacenter,Datacenter,23.76,14.2683709126485,121.081125594298,NA,MW,0.025861369153282437,0.7567185933142181
Microsoft,Self-build Datacenter,Datacenter,31.68,-6.3741351820486,107.193311304083,NA,MW,0.03448206500148348,0.7807847652914531
Quantum Data Science Limited,Colocation Datacenter,Datacenter,0.792,22.3530788923156,114.124631736846,NA,MW,8.613511934994207e-4,0.45478548622291065
YTL,Colocation Datacenter,Datacenter,303.60198,1.61913292336575,103.522292068504,NA,MW,0.3304614442970146,0.9457571096562291
Colt DCS,Colocation Datacenter,Datacenter,13.002,35.8086370666857,140.122225960256,NA,MW,0.01415159062614269,0.7093161326397996
Yondr,Colocation Datacenter,Datacenter,198,1.69667566904077,103.408206921026,NA,MW,0.21551667781370534,0.9166666666666666
AirTrunk,Colocation Datacenter,Datacenter,71.28,35.790753893866,139.318684545254,NA,MW,0.07758554424248867,0.8416406217042192
BDx,Colocation Datacenter,Datacenter,1.32,-6.29127939679135,106.785200699397,NA,MW,0.0014360642500461567,0.49707249917727087
STT GDC Indonesia,Colocation Datacenter,Datacenter,31.68,-6.373592,107.201569,NA,MW,0.03448206500148348,0.7807847652914531
Digital Connexion,Colocation Datacenter,Datacenter,66,13.0991935985969,80.1643907687961,NA,MW,0.07183841367702132,0.8365570995351937
Equinix,Colocation Datacenter,Datacenter,21.12,19.1091975070377,72.9020518143155,NA,MW,0.022987803870548756,0.7478184255115174
Amazon Web Services,Self-build Datacenter,Datacenter,26.400000000000002,-37.8383266876604,144.755669502624,NA,MW,0.02873493443601612,0.7650522155526219
Equinix,Colocation Datacenter,Datacenter,21.12,12.8196371820976,80.2222043044712,NA,MW,0.022987803870548756,0.7478184255115174
NTT Global Data Centers,Colocation Datacenter,Datacenter,4.62,2.92731819225077,101.659173274913,NA,MW,0.005028020853463257,0.6168196233655726
Amazon Web Services,Self-build Datacenter,Datacenter,39.732000000000006,-33.8111523341831,150.83879987558,NA,MW,0.04324643911382121,0.7997215936644401
AIMS,Colocation Datacenter,Datacenter,4.95,3.1497046187123,101.705706176808,NA,MW,0.005387216513804967,0.6237746529530668
Edge Centres,Colocation Datacenter,Datacenter,0.099,22.4932215385791,114.14618933444,NA,MW,1.0704030678182957e-4,0.23061307124173125
AirTrunk,Colocation Datacenter,Datacenter,100.32000000000001,1.46945802784428,103.596632520912,NA,MW,0.10919476235255915,0.8739602902844861
Digital Edge DC,Colocation Datacenter,Datacenter,15.180000000000001,-6.21387456376782,106.835043768371,NA,MW,0.016522281984397976,0.7231152642639214
Edge Works,Colocation Datacenter,Datacenter,0.099,18.7859991335352,98.9906229884657,NA,MW,1.0704030678182957e-4,0.23061307124173125
Equinix,Colocation Datacenter,Datacenter,3.3000000000000003,2.90472889014526,101.650770013971,NA,MW,0.0035912382120964165,0.5864688078909632
Equinix,Colocation Datacenter,Datacenter,6.336,-6.23729092021301,106.823164698373,NA,MW,0.006895838287240149,0.6416773642125759
Interlink Telecom,Colocation Datacenter,Datacenter,1.32,13.8654392662651,100.680708045338,NA,MW,0.0014360642500461567,0.49707249917727087
Equinix,Colocation Datacenter,Datacenter,1.584,1.43112086865731,103.598861246444,NA,MW,0.0017234207783195247,0.5212325990682144
Vantage Data Centers,Colocation Datacenter,Datacenter,10.56,24.9981428900464,121.364857066924,NA,MW,0.011493542739614037,0.6880616533755357
National Telecom,Self-build Datacenter,Datacenter,0.03168,9.14238826646363,99.3261695465916,NA,MW,3.376439207212074e-5,0.11723164915849642
National Telecom,Self-build Datacenter,Datacenter,0.03168,18.7947691548727,99.0179365062967,NA,MW,3.376439207212074e-5,0.11723164915849642
National Telecom,Self-build Datacenter,Datacenter,0.03168,7.88334296943292,98.391830227678,NA,MW,3.376439207212074e-5,0.11723164915849642
SEAX,Colocation Datacenter,Datacenter,0.99,1.16961852884373,104.136212018961,NA,MW,0.0010768685897044467,0.46920446292403056
National Telecom,Self-build Datacenter,Datacenter,0.03168,7.00682019458578,100.46065002209,NA,MW,3.376439207212074e-5,0.11723164915849642
National Telecom,Self-build Datacenter,Datacenter,0.19008,7.0175289652387,100.477853594725,NA,MW,2.0617830903614152e-4,0.28471384061588584
National Telecom,Self-build Datacenter,Datacenter,0.39072,13.1727490076248,100.930454688402,NA,MW,4.245692705239012e-4,0.3767868747334697
Treasury Department,Self-build Datacenter,Datacenter,0.099,13.7818130559752,100.535203472609,NA,MW,1.0704030678182957e-4,0.23061307124173125
Digital Realty,Colocation Datacenter,Datacenter,4.4219999999999935,-37.7816743605149,144.77777600552201,NA,MW,0.0048125034572582236,0.6133920331008191
National Telecom,Self-build Datacenter,Datacenter,0.03168,13.8851155944629,100.575582052388,NA,MW,3.376439207212074e-5,0.11723164915849642
SKYY Development,Colocation Datacenter,Datacenter,47.52,35.8881085317227,139.998773509975,NA,MW,0.051723456697885556,0.807719986018711
GCSB,Self-build Datacenter,Datacenter,6.6000000000000005,-36.7902556651604,174.620695462515,NA,MW,0.007183194815513517,0.6455658398812243
Equinix,Colocation Datacenter,Datacenter,23.76,35.8064786204744,140.12635116334,NA,MW,0.025861369153282437,0.7567185933142181
NTT Global Data Centers,Colocation Datacenter,Datacenter,26.400000000000002,22.6194804756624,88.4587039614135,NA,MW,0.02873493443601612,0.7650522155526219
DC-Science,Colocation Datacenter,Datacenter,59.400000000000006,1.70063651745405,103.40391464984,NA,MW,0.06465450047018712,0.828267322110371
DayOne,Colocation Datacenter,Datacenter,30.096000000000004,1.43477097936394,103.59565199648,NA,MW,0.032757925831843275,0.7769863020327648
CSL,Colocation Datacenter,Datacenter,0.5148,13.727256252101,100.51388156802,NA,MW,5.596268388123842e-4,0.3996243445942571
CSL,Colocation Datacenter,Datacenter,0.99,18.8069991298118,99.0234934595873,NA,MW,0.0010768685897044467,0.46920446292403056
CSL,Colocation Datacenter,Datacenter,0.99,14.1003855966793,100.61458142522,NA,MW,0.0010768685897044467,0.46920446292403056
K2 Data Centres,Colocation Datacenter,Datacenter,198,1.70343507534694,103.409611547419,NA,MW,0.21551667781370534,0.9166666666666666
Digital Realty Bersama,Colocation Datacenter,Datacenter,21.12,-6.2434312058714,106.86745373683,NA,MW,0.022987803870548756,0.7478184255115174
Princeton Digital Group (PDG),Colocation Datacenter,Datacenter,112.2,1.69242684713198,103.412962820297,NA,MW,0.12212580612486072,0.8779205548903998
STT Global Data Centres Thailand,Colocation Datacenter,Datacenter,1.32,13.7279127051777,100.548993885266,NA,MW,0.0014360642500461567,0.49707249917727087
Bridge Data Centres,Colocation Datacenter,Datacenter,75.24000000000001,1.6940022957585,103.419520118644,NA,MW,0.0818958921665892,0.847460714140441
NeutraDC,Colocation Datacenter,Datacenter,0.21779999999999936,-5.413928148909,105.261860519589,NA,MW,2.363507445048445e-4,0.3085364225066242
NeutraDC,Colocation Datacenter,Datacenter,0.19008,-2.93874858047351,104.722912076687,NA,MW,2.0617830903614152e-4,0.28471384061588584
NeutraDC,Colocation Datacenter,Datacenter,0.11484,-0.033067783416008,109.333503091923,NA,MW,1.2428169847823165e-4,0.24454609528936586
OMNI DC,Colocation Datacenter,Datacenter,1.1879999999999935,1.1272293621597,104.058704159676,NA,MW,0.0012923859859094655,0.49203545034403606
SM+,Colocation Datacenter,Datacenter,0.264,-6.29554646535356,106.670886317142,NA,MW,2.8663813695268463e-4,0.315989724875794
YTL,Colocation Datacenter,Datacenter,26.400000000000002,1.619132923,103.522292069,NA,MW,0.02873493443601612,0.7650522155526219
SM+,Self-build Datacenter,Datacenter,0.132,1.10724086000074,104.044657753543,NA,MW,1.4295987281600058e-4,0.24754281120651617
STP PLANET DC,Colocation Datacenter,Datacenter,3.498,12.7496922549636,101.079287032668,NA,MW,0.0038067556083014424,0.5965634558801682
GH Bank,Self-build Datacenter,Datacenter,0.396,13.7569326919462,100.566804011806,NA,MW,4.3031640108936856e-4,0.37692711334378215
WorldLink Communications,Colocation Datacenter,Datacenter,2.31,27.6790736925945,85.2396802207812,NA,MW,0.0025136512310712867,0.5553540616822411
NeutraDC,Colocation Datacenter,Datacenter,0.07128,-3.33012077120068,114.610681372255,NA,MW,7.686787131312595e-5,0.22185510319004245
NeutraDC,Colocation Datacenter,Datacenter,0.47916000000000003,-7.78671748300005,110.37486661071,NA,MW,5.208337074954795e-4,0.3955105740947353
NeutraDC,Colocation Datacenter,Datacenter,0.12276000000000001,-6.71603486689889,108.561118236525,NA,MW,1.329023943264327e-4,0.2467986362779278
Guam Exchange,Colocation Datacenter,Datacenter,0.66,13.500929098515,144.806781574158,NA,MW,7.176729293627365e-4,0.4155754666095678
1-Net,Colocation Datacenter,Datacenter,9.9,1.32379541849029,103.921119912834,NA,MW,0.010775151418930618,0.6833128712366293
NeutraDC,Colocation Datacenter,Datacenter,0.22176,-7.98031991182967,112.629832361168,NA,MW,2.4066109242894571e-4,0.30979573675217753
Centersquare,Colocation Datacenter,Datacenter,1.32,35.08593,-106.65188,NM,MW,0.0014360642500461567,0.49707249917727087
Centersquare,Colocation Datacenter,Datacenter,4.356,43.59465,-79.75322,NA,MW,0.004740664325189888,0.6123018693704554
Centersquare,Colocation Datacenter,Datacenter,4.158,27.94532,-82.35119,FL,MW,0.004525146928984862,0.6097252607828345
Centersquare,Colocation Datacenter,Datacenter,7.656,41.99233,-87.95829,IL,MW,0.008332620928606989,0.6619927649579362
EdgeConneX,Colocation Datacenter,Datacenter,0.99,40.4523,-80.041698,PA,MW,0.0010768685897044467,0.46920446292403056
EdgeConneX,Colocation Datacenter,Datacenter,1.98,36.145044,-86.701861,TN,MW,0.002154455570729577,0.5378026804166678
Centersquare,Colocation Datacenter,Datacenter,2.64,40.16884,-83.01079,OH,MW,0.002872846891412997,0.5631704731174867
EdgeConneX,Colocation Datacenter,Datacenter,1.1418000000000001,37.638955,-77.467682,VA,MW,0.0012420985934616332,0.4909806726855172
EdgeConneX,Colocation Datacenter,Datacenter,3.96,25.9454647466259,-80.1914558568233,FL,MW,0.0043096295327798365,0.6014333584057593
EdgeConneX,Colocation Datacenter,Datacenter,0.33,30.47208,-84.353205,FL,MW,3.584772690210266e-4,0.33446925260026933
EdgeConneX,Colocation Datacenter,Datacenter,0.99,30.287111,-89.737444,LA,MW,0.0010768685897044467,0.46920446292403056
EdgeConneX,Colocation Datacenter,Datacenter,0.99,30.2542248855014,-81.6041879904971,FL,MW,0.0010768685897044467,0.46920446292403056
EdgeConneX,Colocation Datacenter,Datacenter,15.84,42.000952,-87.950734,IL,MW,0.017240673305081396,0.7248045581963534
Centersquare,Colocation Datacenter,Datacenter,1.914,38.98442,-77.42378,VA,MW,0.0020826164386612347,0.5372072429703549
EdgeConneX,Colocation Datacenter,Datacenter,2.871,44.878805,-93.404197,MN,MW,0.003124283853652193,0.577082197029798
EdgeConneX,Colocation Datacenter,Datacenter,3.6300000000000003,33.39558,-111.97011,AZ,MW,0.003950433872438127,0.5981368065931115
Digital Realty,Colocation Datacenter,Datacenter,1.7820000000000003,33.91768,-118.38625,CA,MW,0.001938938174524551,0.5332850275105172
Centersquare,Colocation Datacenter,Datacenter,2.3760000000000003,39.56094,-104.83068,CO,MW,0.002585490363139629,0.559740115862271
Centersquare,Colocation Datacenter,Datacenter,9.042,38.98388,-77.4247,VA,MW,0.009841242702042171,0.6761117199632016
EdgeConneX,Colocation Datacenter,Datacenter,1.155,36.065346,-115.130851,NV,MW,0.0012564664198753018,0.49109788158026263
EdgeConneX,Colocation Datacenter,Datacenter,0.99,25.7930225635263,-80.3812041416381,FL,MW,0.0010768685897044467,0.46920446292403056
EdgeConneX,Colocation Datacenter,Datacenter,1.98,33.729334,-84.420224,GA,MW,0.002154455570729577,0.5378026804166678
EdgeConneX,Colocation Datacenter,Datacenter,0.9239999999999999,43.049197,-89.29729,WI,MW,0.0010050294576361045,0.46624023411972476
Centersquare,Colocation Datacenter,Datacenter,10.56,39.0247607635604,-77.4122656766329,VA,MW,0.011493542739614037,0.6880616533755357
EdgeConneX,Colocation Datacenter,Datacenter,1.98,38.592377,-121.277408,CA,MW,0.002154455570729577,0.5378026804166678
Centersquare,Colocation Datacenter,Datacenter,5.28,39.0242484363676,-77.4158486301088,VA,MW,0.0057464121741466765,0.6277315809533437
EdgeConneX,Colocation Datacenter,Datacenter,2.4090000000000003,45.551723953403,-122.91529859591,OR,MW,0.0026214099291738,0.5612081573011253
EdgeConneX,Colocation Datacenter,Datacenter,0.528,36.8618,-76.235352,VA,MW,5.739946652260526e-4,0.4001521973645303
EdgeConneX,Colocation Datacenter,Datacenter,0.33,32.8415334064205,-117.169903394577,CA,MW,3.584772690210266e-4,0.33446925260026933
Centersquare,Colocation Datacenter,Datacenter,4.455,39.55014,-105.03431,CO,MW,0.004848423023292401,0.6143485469279885
Centersquare,Colocation Datacenter,Datacenter,10.56,42.39299,-71.26533,MA,MW,0.011493542739614037,0.6880616533755357
EdgeConneX,Colocation Datacenter,Datacenter,2.112,43.809288,-79.342541,NA,MW,0.0022981338348662607,0.5517184480891771
EdgeConneX,Colocation Datacenter,Datacenter,1.98,39.560993,-104.827643,CO,MW,0.002154455570729577,0.5378026804166678
EdgeConneX,Colocation Datacenter,Datacenter,2.97,42.52855,-71.249532,MA,MW,0.0032320425517547062,0.5784668419763419
Centersquare,Colocation Datacenter,Datacenter,3.6959999999999997,37.3721830745639,-121.985950609036,CA,MW,0.004022273004506468,0.5993206089070706
Centersquare,Colocation Datacenter,Datacenter,7.92,37.39757,-121.98125,CA,MW,0.008619977456880357,0.66263248323203
Centersquare,Colocation Datacenter,Datacenter,1.584,44.77882,-93.46198,MN,MW,0.0017234207783195247,0.5212325990682144
Centersquare,Colocation Datacenter,Datacenter,3.96,43.8384706571212,-79.3169479330805,NA,MW,0.0043096295327798365,0.6014333584057593
ServerFarm,Colocation Datacenter,Datacenter,3.3264,47.18149,-119.3215,WA,MW,0.003619973864923753,0.5955177040850721
Digital Realty,Colocation Datacenter,Datacenter,6.336,37.37156,-121.96988,CA,MW,0.006895838287240149,0.6416773642125759
EdgeConneX,Colocation Datacenter,Datacenter,1.32,35.0390815318293,-89.8856401443001,TN,MW,0.0014360642500461567,0.49707249917727087
Centersquare,Colocation Datacenter,Datacenter,4.95,39.0234839062122,-77.4132930291331,VA,MW,0.005387216513804967,0.6237746529530668
Cologix,Colocation Datacenter,Datacenter,1.056,45.48867,-73.58222,NA,MW,0.0011487077217727888,0.48523303232781584
EdgeConneX,Colocation Datacenter,Datacenter,3.6300000000000003,47.498226,-122.289497,WA,MW,0.003950433872438127,0.5981368065931115
Centersquare,Colocation Datacenter,Datacenter,26.400000000000002,32.8329354067854,-97.0408340042678,TX,MW,0.02873493443601612,0.7650522155526219
Centersquare,Colocation Datacenter,Datacenter,3.168,38.98095,-77.44435,VA,MW,0.003447559947959732,0.5832783197914386
Centersquare,Colocation Datacenter,Datacenter,11.88,40.553933893,-74.45716366,NJ,MW,0.012930325380980877,0.6991736673911049
EdgeConneX,Colocation Datacenter,Datacenter,2.706,42.447656,-83.262921,MI,MW,0.002944686023481338,0.5750744155771206
EdgeConneX,Colocation Datacenter,Datacenter,4.9830000000000005,29.794696,-95.745387,TX,MW,0.005423136079839137,0.626171524012543
Equinix,Colocation Datacenter,Datacenter,0.8580000000000001,-23.5459928702683,-46.6358700407235,NA,MW,9.331903255677627e-4,0.46326887931108013
Centersquare,Colocation Datacenter,Datacenter,2.6004,47.44107,-122.256,WA,MW,0.0028297434121719914,0.5628021015892294
Equinix,Colocation Datacenter,Datacenter,9.24,40.777864,-74.069101,NJ,MW,0.010056760098247196,0.6772969633617073
Equinix,Colocation Datacenter,Datacenter,3.3000000000000003,38.803493,-77.51061,VA,MW,0.0035912382120964165,0.5864688078909632
Equinix,Colocation Datacenter,Datacenter,3.6300000000000003,37.414805,-122.014496,CA,MW,0.003950433872438127,0.5981368065931115
Equinix,Colocation Datacenter,Datacenter,0.66,-22.9547363221279,-43.1945554390875,NA,MW,7.176729293627365e-4,0.4155754666095678
Equinix,Colocation Datacenter,Datacenter,6.6000000000000005,29.935801,-95.364318,TX,MW,0.007183194815513517,0.6455658398812243
Equinix,Colocation Datacenter,Datacenter,1.6632,32.800636,-96.819161,TX,MW,0.0018096277368015352,0.5316248408054124
Equinix,Colocation Datacenter,Datacenter,4.62,39.016659,-77.461571,VA,MW,0.005028020853463257,0.6168196233655726
Equinix,Colocation Datacenter,Datacenter,2.7720000000000002,39.560278,-104.857582,CO,MW,0.0030165251555496807,0.5755756777594437
EdgeConneX,Colocation Datacenter,Datacenter,6.6000000000000005,-34.4177742310358,-58.9579642181381,NA,MW,0.007183194815513517,0.6455658398812243
Equinix,Colocation Datacenter,Datacenter,3.828,40.777499,-74.072813,NJ,MW,0.004165951268643152,0.6002436301510863
Equinix,Colocation Datacenter,Datacenter,8.745000000000001,43.65089,-79.361853,NA,MW,0.009517966607734633,0.6740932074532471
Equinix,Colocation Datacenter,Datacenter,6.732,37.241938,-121.781622,CA,MW,0.007326873079650201,0.65521092869005
Equinix,Colocation Datacenter,Datacenter,1.98,-23.5029304742508,-46.8272433191293,NA,MW,0.002154455570729577,0.5378026804166678
Equinix,Colocation Datacenter,Datacenter,0.99,37.399602,-122.014639,CA,MW,0.0010768685897044467,0.46920446292403056
Equinix,Colocation Datacenter,Datacenter,0.66,4.67105355753949,-74.1614194789006,NA,MW,7.176729293627365e-4,0.4155754666095678
eStruxture,Colocation Datacenter,Datacenter,2.64,44.3378114299408,-79.6701960886152,NA,MW,0.002872846891412997,0.5631704731174867
Equinix,Colocation Datacenter,Datacenter,3.036,37.388383858118,-121.888457202245,CA,MW,0.0033038816838230484,0.5813737134421796
Equinix,Colocation Datacenter,Datacenter,5.94,39.022755,-77.449989,VA,MW,0.006464803494830097,0.6344822178279486
Equinix,Colocation Datacenter,Datacenter,4.4219999999999935,40.796753,-74.031204,NJ,MW,0.0048125034572582236,0.6133920331008191
Equinix,Colocation Datacenter,Datacenter,1.7820000000000003,37.4459574076108,-122.160780115816,CA,MW,0.001938938174524551,0.5332850275105172
Equinix,Colocation Datacenter,Datacenter,7.92,39.020942,-77.451501,VA,MW,0.008619977456880357,0.66263248323203
Equinix,Colocation Datacenter,Datacenter,0.792,39.015903,-77.460041,VA,MW,8.613511934994207e-4,0.45478548622291065
Equinix,Colocation Datacenter,Datacenter,7.92,40.77781,-74.076335,NJ,MW,0.008619977456880357,0.66263248323203
Equinix,Colocation Datacenter,Datacenter,6.6000000000000005,40.778599,-74.072477,NJ,MW,0.007183194815513517,0.6455658398812243
Equinix,Colocation Datacenter,Datacenter,1.7820000000000003,41.070774,-73.820053,NY,MW,0.001938938174524551,0.5332850275105172
Equinix,Colocation Datacenter,Datacenter,0.99,42.39528,-71.269119,MA,MW,0.0010768685897044467,0.46920446292403056
Equinix,Colocation Datacenter,Datacenter,8.316,-23.4937918270456,-46.8096748683218,NA,MW,0.009051012249290408,0.6701050713659765
Equinix,Colocation Datacenter,Datacenter,9.9,39.015015,-77.458643,VA,MW,0.010775151418930618,0.6833128712366293
Equinix,Colocation Datacenter,Datacenter,4.29,39.0124878535961,-77.4756387084383,VA,MW,0.004668825193121546,0.6108080250133169
Equinix,Colocation Datacenter,Datacenter,2.31,40.741463,-74.00341,NY,MW,0.0025136512310712867,0.5553540616822411
Centersquare,Colocation Datacenter,Datacenter,4.752000000000001,33.6876431810153,-117.847382343118,CA,MW,0.00517169911759994,0.6220928091743572
Equinix,Colocation Datacenter,Datacenter,4.95,39.014978,-77.458727,VA,MW,0.005387216513804967,0.6237746529530668
Cologix,Colocation Datacenter,Datacenter,0.99,49.2910407966443,-123.129338372099,NA,MW,0.0010768685897044467,0.46920446292403056
Equinix,Colocation Datacenter,Datacenter,4.62,39.016354,-77.459045,VA,MW,0.005028020853463257,0.6168196233655726
Equinix,Colocation Datacenter,Datacenter,2.0459999999999936,32.8010451262701,-96.8191406380224,TX,MW,0.0022262947027979116,0.5502688318829136
Equinix,Colocation Datacenter,Datacenter,3.96,37.3783040663229,-121.955044751895,CA,MW,0.0043096295327798365,0.6014333584057593
Equinix,Colocation Datacenter,Datacenter,4.62,39.022019,-77.461005,VA,MW,0.005028020853463257,0.6168196233655726
Equinix,Colocation Datacenter,Datacenter,6.468000000000001,40.584363,-74.243551,NJ,MW,0.007039516551376834,0.6443639322399907
Equinix,Colocation Datacenter,Datacenter,2.508,38.908598,-77.220554,VA,MW,0.0027291686272763126,0.5619433565712149
Equinix,Colocation Datacenter,Datacenter,8.448,-23.4663379811945,-46.8632469369514,NA,MW,0.009194690513427094,0.6709306834690454
Equinix,Colocation Datacenter,Datacenter,2.9040000000000004,-22.871328007924,-43.2727558378389,NA,MW,0.0031602034196863645,0.577333687100005
Equinix,Colocation Datacenter,Datacenter,0.264,39.58734,-104.876513,CO,MW,2.8663813695268463e-4,0.315989724875794
Equinix,Colocation Datacenter,Datacenter,1.98,32.8004860644587,-96.8194610291128,TX,MW,0.002154455570729577,0.5378026804166678
Equinix,Colocation Datacenter,Datacenter,4.0920000000000005,42.5508556749166,-71.2152747613222,MA,MW,0.004453307796916521,0.6093200094827742
Equinix,Colocation Datacenter,Datacenter,4.62,39.015951,-77.461336,VA,MW,0.005028020853463257,0.6168196233655726
Equinix,Colocation Datacenter,Datacenter,2.7720000000000002,38.4559857988456,-77.9772627474978,VA,MW,0.0030165251555496807,0.5755756777594437
CyrusOne,Colocation Datacenter,Datacenter,33,35.9361407640945,-78.8804044632367,NC,MW,0.03591884764285032,0.7862093600561548
Equinix,Colocation Datacenter,Datacenter,1.7160000000000002,41.8126897129827,-87.9730349145642,IL,MW,0.0018670990424562088,0.532098961937512
CyrusOne,Colocation Datacenter,Datacenter,5.94,29.466596,-98.688067,TX,MW,0.006464803494830097,0.6344822178279486
CyrusOne,Colocation Datacenter,Datacenter,9.042,41.599597,-73.882215,NY,MW,0.009841242702042171,0.6761117199632016
Equinix,Colocation Datacenter,Datacenter,1.32,37.3766765532063,-121.988395571164,CA,MW,0.0014360642500461567,0.49707249917727087
Equinix,Colocation Datacenter,Datacenter,1.32,26.3881381008699,-80.1090533580282,FL,MW,0.0014360642500461567,0.49707249917727087
CyrusOne,Colocation Datacenter,Datacenter,34.32,41.796475,-88.242964,IL,MW,0.03735563028421716,0.7908890403288203
Equinix,Colocation Datacenter,Datacenter,15.6948,42.001361,-87.954863,IL,MW,0.017082627214531045,0.7241693234798822
Equinix,Colocation Datacenter,Datacenter,2.244,32.830297,-96.91273,TX,MW,0.0024418120990029445,0.5541403024657828
Equinix,Colocation Datacenter,Datacenter,3.366,37.2417470373492,-121.783506188756,CA,MW,0.003663077344164758,0.5956482869809274
CyrusOne,Colocation Datacenter,Datacenter,5.94,30.205989,-97.698069,TX,MW,0.006464803494830097,0.6344822178279486
CyrusOne,Colocation Datacenter,Datacenter,10.56,41.11283,-73.388597,CT,MW,0.011493542739614037,0.6880616533755357
Equinix,Colocation Datacenter,Datacenter,6.204000000000001,47.420846,-122.247309,WA,MW,0.006752160023103465,0.6407871789998061
CyrusOne,Colocation Datacenter,Datacenter,10.56,40.907183,-74.242564,NJ,MW,0.011493542739614037,0.6880616533755357
KDDI Telehouse,Colocation Datacenter,Datacenter,0.43890000000000007,34.0484315266884,-118.257012831173,CA,MW,4.7701183693379094e-4,0.3890564136511442
Equinix,Colocation Datacenter,Datacenter,0.8250000000000001,34.048936,-118.259733,CA,MW,8.972707595335917e-4,0.46160156089888477
Equinix,Colocation Datacenter,Datacenter,2.442,38.455588,-77.976292,VA,MW,0.002657329495207971,0.5613306353950287
CyrusOne,Colocation Datacenter,Datacenter,33.264,41.7968546943412,-88.2445801628783,IL,MW,0.03620620417112368,0.7889989208990845
Equinix,Colocation Datacenter,Datacenter,3.96,33.921451,-118.384063,CA,MW,0.0043096295327798365,0.6014333584057593
CyrusOne,Colocation Datacenter,Datacenter,11.286000000000001,39.102792,-84.517339,OH,MW,0.012283773192365798,0.6986138250288826
DataBank,Colocation Datacenter,Datacenter,5.94,29.8443502849942,-95.5567376781447,TX,MW,0.006464803494830097,0.6344822178279486
KDDI Telehouse,Colocation Datacenter,Datacenter,3.1020000000000003,40.606874,-74.17496,NY,MW,0.0033757208158913905,0.5823886186762807
CyrusOne,Colocation Datacenter,Datacenter,110.88000000000001,33.27087,-111.882286,AZ,MW,0.12068902348349388,0.8765815989702705
CyrusOne,Colocation Datacenter,Datacenter,28.71,39.0258337093173,-77.4147761089911,VA,MW,0.03124930405840809,0.7749797749923636
Prologis,Colocation Datacenter,Datacenter,1.98,33.938086,-84.226832,GA,MW,0.002154455570729577,0.5378026804166678
Equinix,Colocation Datacenter,Datacenter,3.828,38.4555321108775,-77.9762435081227,VA,MW,0.004165951268643152,0.6002436301510863
Equinix,Colocation Datacenter,Datacenter,0.66,37.3749424327239,-121.988518118524,CA,MW,7.176729293627365e-4,0.4155754666095678
Equinix,Colocation Datacenter,Datacenter,2.64,37.374942,-121.988311,CA,MW,0.002872846891412997,0.5631704731174867
KDDI Telehouse,Colocation Datacenter,Datacenter,2.838,40.7434925727588,-74.0079536598176,NY,MW,0.0030883642876180224,0.576202892852016
Equinix,Colocation Datacenter,Datacenter,6.402,33.850815,-118.304087,CA,MW,0.006967677419308491,0.6437648134296176
CyrusOne,Colocation Datacenter,Datacenter,2.64,41.0840557920215,-73.5180510985577,CT,MW,0.002872846891412997,0.5631704731174867
Equinix,Colocation Datacenter,Datacenter,4.95,33.926033,-118.394091,CA,MW,0.005387216513804967,0.6237746529530668
CyrusOne,Colocation Datacenter,Datacenter,23.76,29.470905,-98.672999,TX,MW,0.025861369153282437,0.7567185933142181
Equinix,Colocation Datacenter,Datacenter,9.24,37.2411742605576,-121.784706671049,CA,MW,0.010056760098247196,0.6772969633617073
CyrusOne,Colocation Datacenter,Datacenter,2.64,39.3038563066561,-84.3111922605337,OH,MW,0.002872846891412997,0.5631704731174867
CyrusOne,Colocation Datacenter,Datacenter,19.8,40.538151,-74.54619,NJ,MW,0.021551021229181917,0.742365222627286
Equinix,Colocation Datacenter,Datacenter,0.66,32.787235,-96.794209,TX,MW,7.176729293627365e-4,0.4155754666095678
Equinix,Colocation Datacenter,Datacenter,0.99,37.3761223744186,-121.988856911092,CA,MW,0.0010768685897044467,0.46920446292403056
DataBank,Colocation Datacenter,Datacenter,3.4650000000000003,29.728117,-95.445098,TX,MW,0.0037708360422672713,0.5963017839021599
Equinix,Colocation Datacenter,Datacenter,4.488,38.4540366007063,-77.978732597965,VA,MW,0.004884342589326573,0.615581999585273
Equinix,Colocation Datacenter,Datacenter,4.29,25.7876814571354,-80.3546785831112,FL,MW,0.004668825193121546,0.6108080250133169
Equinix,Colocation Datacenter,Datacenter,2.64,33.89542,-84.453639,GA,MW,0.002872846891412997,0.5631704731174867
Undisclosed,Colocation Datacenter,Datacenter,0.33,41.670743,-86.24628,IN,MW,3.584772690210266e-4,0.33446925260026933
CyrusOne,Colocation Datacenter,Datacenter,6.930000000000001,38.981305,-84.618868,KY,MW,0.007542390475855227,0.6564598479954593
CyrusOne,Colocation Datacenter,Datacenter,27.060000000000002,39.3890711573872,-84.2218977385096,OH,MW,0.02945332575669954,0.7713215733786283
Digital Realty,Colocation Datacenter,Datacenter,1.1880000000000002,40.71766,-74.008244,NY,MW,0.0012923859859094728,0.49273851559360243
Digital Realty,Colocation Datacenter,Datacenter,1.3860000000000001,40.719871,-74.004697,NY,MW,0.0015079033821144988,0.5172335636394427
CyrusOne,Colocation Datacenter,Datacenter,8.316,38.985117,-77.425274,VA,MW,0.009051012249290408,0.6701050713659765
Digital Realty,Colocation Datacenter,Datacenter,6.006,37.7892104921513,-122.390456363786,CA,MW,0.006536642626898439,0.6397519331749577
Digital Realty,Colocation Datacenter,Datacenter,4.455,32.966287,-96.715839,TX,MW,0.004848423023292401,0.6143485469279885
Digital Realty,Colocation Datacenter,Datacenter,7.92,41.920483,-87.912334,IL,MW,0.008619977456880357,0.66263248323203
Digital Realty,Colocation Datacenter,Datacenter,2.112,33.34462,-111.899293,AZ,MW,0.0022981338348662607,0.5517184480891771
Digital Realty,Colocation Datacenter,Datacenter,6.138000000000001,37.372226,-121.948237,CA,MW,0.006680320891035123,0.6403430691920582
Aphorio Carter,Colocation Datacenter,Datacenter,9.9,41.241293,-73.147489,CT,MW,0.010775151418930618,0.6833128712366293
Digital Realty,Colocation Datacenter,Datacenter,5.016,37.799036537782,-122.282664635893,CA,MW,0.005459055645873308,0.6263130471592572
Digital Realty,Colocation Datacenter,Datacenter,3.96,37.376335,-121.948584,CA,MW,0.0043096295327798365,0.6014333584057593
Digital Realty,Colocation Datacenter,Datacenter,3.8940000000000006,40.830537,-74.124468,NJ,MW,0.004237790400711494,0.6010364058804065
Digital Realty,Colocation Datacenter,Datacenter,8.58,29.9416855714457,-95.4172742887612,TX,MW,0.009338368777563777,0.6715931398612669
Digital Realty,Colocation Datacenter,Datacenter,10.89,33.001325,-96.997937,TX,MW,0.011852738399955745,0.6941862602211482
Digital Realty,Colocation Datacenter,Datacenter,2.97,32.934102,-96.827926,TX,MW,0.0032320425517547062,0.5784668419763419
Digital Realty,Colocation Datacenter,Datacenter,1.056,33.761704333709,-84.3913144313538,GA,MW,0.0011487077217727888,0.48523303232781584
Digital Realty,Colocation Datacenter,Datacenter,2.97,37.378278,-121.958155,CA,MW,0.0032320425517547062,0.5784668419763419
Digital Realty,Colocation Datacenter,Datacenter,3.7620000000000005,37.3723752021601,-121.973492095012,CA,MW,0.004094112136574811,0.599715942615646
Digital Realty,Colocation Datacenter,Datacenter,4.455,32.980078,-96.853805,TX,MW,0.004848423023292401,0.6143485469279885
Digital Realty,Colocation Datacenter,Datacenter,24.155999999999935,37.361633,-121.943822,CA,MW,0.02629240394569242,0.761353570066636
Digital Realty,Colocation Datacenter,Datacenter,7.7219999999999995,42.30123,-71.218994,MA,MW,0.00840446006067533,0.6621525488070388
Digital Realty,Colocation Datacenter,Datacenter,2.244,37.375009,-121.95816,CA,MW,0.0024418120990029445,0.5541403024657828
Digital Realty,Colocation Datacenter,Datacenter,2.3760000000000003,32.964856,-96.715848,TX,MW,0.002585490363139629,0.559740115862271
Digital Realty,Colocation Datacenter,Datacenter,3.96,40.741444,-74.00342,NY,MW,0.0043096295327798365,0.6014333584057593
Digital Realty,Colocation Datacenter,Datacenter,1.518,37.374943,-121.954091,CA,MW,0.0016515816462511826,0.5199379760614532
Digital Realty,Colocation Datacenter,Datacenter,3.366,42.512364,-71.236826,MA,MW,0.003663077344164758,0.5956482869809274
Digital Realty,Colocation Datacenter,Datacenter,3.2340000000000004,37.3758088017813,-121.955162448894,CA,MW,0.0035193990800280748,0.5860848572806875
Digital Realty,Colocation Datacenter,Datacenter,40.524,43.7788432568679,-79.5403020514839,NA,MW,0.04410850869864131,0.800059731954943
Digital Realty,Colocation Datacenter,Datacenter,3.96,37.379188,-121.958154,CA,MW,0.0043096295327798365,0.6014333584057593
Digital Realty,Colocation Datacenter,Datacenter,9.9,32.9672801608079,-96.7133416340337,TX,MW,0.010775151418930618,0.6833128712366293
Digital Realty,Colocation Datacenter,Datacenter,4.554,32.967234,-96.714007,TX,MW,0.004956181721394915,0.6164066142116034
Digital Realty,Colocation Datacenter,Datacenter,4.752000000000001,34.047540798006096,-118.257532435994,CA,MW,0.00517169911759994,0.6220928091743572
Digital Realty,Colocation Datacenter,Datacenter,1.7820000000000003,32.78722,-96.794179,TX,MW,0.001938938174524551,0.5332850275105172
Digital Realty,Colocation Datacenter,Datacenter,4.455,32.967064,-96.710656,TX,MW,0.004848423023292401,0.6143485469279885
Digital Realty,Colocation Datacenter,Datacenter,2.97,37.3750685761363,-121.956096256766,CA,MW,0.0032320425517547062,0.5784668419763419
Digital Realty,Colocation Datacenter,Datacenter,5.148,33.9158721109774,-118.384789775354,CA,MW,0.005602733910009992,0.6271634436692981
Digital Realty,Colocation Datacenter,Datacenter,2.97,45.5477282180738,-122.891941469816,OR,MW,0.0032320425517547062,0.5784668419763419
Digital Realty,Colocation Datacenter,Datacenter,6.6000000000000005,33.4521099996836,-112.071940478298,AZ,MW,0.007183194815513517,0.6455658398812243
Digital Realty,Colocation Datacenter,Datacenter,2.9040000000000004,33.021509,-96.844989,TX,MW,0.0031602034196863645,0.577333687100005
Digital Realty,Colocation Datacenter,Datacenter,2.838,30.2125114946267,-97.6957029269868,TX,MW,0.0030883642876180224,0.576202892852016
Digital Realty,Colocation Datacenter,Datacenter,1.518,42.302208,-71.219593,MA,MW,0.0016515816462511826,0.5199379760614532
Digital Realty,Colocation Datacenter,Datacenter,35.64,33.2748644646736,-111.886544475616,AZ,MW,0.038792412925584,0.7928044859851143
Digital Realty,Colocation Datacenter,Datacenter,14.850000000000001,40.5539338930348,-74.4571636598233,NJ,MW,0.016163086324056265,0.72248559562077
Digital Realty,Colocation Datacenter,Datacenter,5.5440000000000005,32.9650884398528,-96.7104153117109,TX,MW,0.006033768702420045,0.6324565788051981
Digital Realty,Colocation Datacenter,Datacenter,23.76,32.96503,-96.711633,TX,MW,0.025861369153282437,0.7567185933142181
Digital Realty,Colocation Datacenter,Datacenter,4.488,25.775927,-80.193125,FL,MW,0.004884342589326573,0.615581999585273
Digital Realty,Colocation Datacenter,Datacenter,4.224,37.375815,-121.953336,CA,MW,0.004596986061053205,0.6102662604588424
Digital Realty,Colocation Datacenter,Datacenter,4.224,43.8384236001514,-79.3237816032879,NA,MW,0.004596986061053205,0.6102662604588424
Digital Realty,Colocation Datacenter,Datacenter,17.16,39.021191,-77.46376,VA,MW,0.018677455946448235,0.7332636685184721
Iron Mountain,Colocation Datacenter,Datacenter,11.088000000000001,39.777479,-104.967775,CO,MW,0.012068255796160773,0.6954683990675867
Digital Realty,Colocation Datacenter,Datacenter,6.2700000000000005,33.7554649673464,-84.3915428318857,GA,MW,0.0068239991551718076,0.6409353607160034
Iron Mountain,Colocation Datacenter,Datacenter,27.060000000000002,33.4545810751639,-111.976424271163,AZ,MW,0.02945332575669954,0.7713215733786283
Digital Realty,Colocation Datacenter,Datacenter,17.688000000000002,41.99438,-87.957689,IL,MW,0.019252169002994972,0.735047642060232
Centersquare,Colocation Datacenter,Datacenter,6.6000000000000005,33.7442491504286,-84.5812226287467,GA,MW,0.007183194815513517,0.6455658398812243
Digital Realty,Colocation Datacenter,Datacenter,24.024,39.017666,-77.462517,VA,MW,0.026148725681555806,0.760571895806877
Digital Realty,Colocation Datacenter,Datacenter,4.455,39.004512,-77.484014,VA,MW,0.004848423023292401,0.6143485469279885
Digital Realty,Colocation Datacenter,Datacenter,24.024,39.020173,-77.463395,VA,MW,0.026148725681555806,0.760571895806877
Digital Realty,Colocation Datacenter,Datacenter,6.864000000000001,39.021759419068,-77.4594614764647,VA,MW,0.007470551343786885,0.6561470831727263
Digital Realty,Colocation Datacenter,Datacenter,16.929,39.000429,-77.480043,VA,MW,0.01842601898420904,0.7330418893655662
Digital Realty,Colocation Datacenter,Datacenter,11.088000000000001,39.001712,-77.47916,VA,MW,0.012068255796160773,0.6954683990675867
Iron Mountain,Colocation Datacenter,Datacenter,2.3760000000000003,42.340468,-71.639929,MA,MW,0.002585490363139629,0.559740115862271
Digital Realty,Colocation Datacenter,Datacenter,2.64,40.829923,-74.126795,NJ,MW,0.002872846891412997,0.5631704731174867
Digital Realty,Colocation Datacenter,Datacenter,27.456000000000003,39.017539,-77.465894,VA,MW,0.029884360549109593,0.7721581196648164
Aligned,Colocation Datacenter,Datacenter,33,33.0095281163352,-96.6764064754528,TX,MW,0.03591884764285032,0.7862093600561548
Iron Mountain,Colocation Datacenter,Datacenter,6.6000000000000005,41.092326,-79.911678,PA,MW,0.007183194815513517,0.6455658398812243
Digital Realty,Colocation Datacenter,Datacenter,12.342,41.853973,-87.618252,IL,MW,0.013433199305459269,0.706009069921526
Digital Realty,Colocation Datacenter,Datacenter,17.754,41.993547,-87.965477,IL,MW,0.019324008135063315,0.7357211583088873
T5 Data Centers,Colocation Datacenter,Datacenter,17.556,42.0230147281337,-87.9746931633094,IL,MW,0.01910849073885829,0.7348236896904067
Iron Mountain,Colocation Datacenter,Datacenter,0.9239999999999999,39.5909228441252,-84.2364414029618,OH,MW,0.0010050294576361045,0.46624023411972476
Iron Mountain,Colocation Datacenter,Datacenter,13.728000000000002,40.521352,-74.346965,NJ,MW,0.014941821078894453,0.7181342972381327
Iron Mountain,Colocation Datacenter,Datacenter,30.69,33.4523377433824,-111.9778380166,AZ,MW,0.03340447802045835,0.7793124479990124
EdgeCore,Colocation Datacenter,Datacenter,176.88,33.3444819809058,-111.630074325559,AZ,MW,0.1925281555518359,0.9113748744572642
Digital Realty,Colocation Datacenter,Datacenter,9.174000000000001,39.0198623993689,-77.4599741024141,VA,MW,0.009984920966178855,0.6767882914174455
Digital Realty,Colocation Datacenter,Datacenter,1.122,34.199761,-118.343863,CA,MW,0.0012205468538411307,0.48922216070846786
Digital Realty,Colocation Datacenter,Datacenter,8.58,38.948448,-77.327187,VA,MW,0.009338368777563777,0.6715931398612669
Iron Mountain,Colocation Datacenter,Datacenter,8.184000000000001,38.777913,-77.547069,VA,MW,0.008907333985153726,0.6689537484874518
Aligned,Colocation Datacenter,Datacenter,39.6,39.0137406456779,-77.4704434894646,VA,MW,0.04310276084968452,0.7970459035014654
Iron Mountain,Colocation Datacenter,Datacenter,6.402,33.6445704103857,-111.895712176263,AZ,MW,0.006967677419308491,0.6437648134296176
ODATA,Colocation Datacenter,Datacenter,7.92,4.75416921915625,-74.1394129542905,NA,MW,0.008619977456880357,0.66263248323203
Digital Realty,Colocation Datacenter,Datacenter,0.9239999999999999,41.874384,-87.629991,IL,MW,0.0010050294576361045,0.46624023411972476
Digital Realty,Colocation Datacenter,Datacenter,5.94,39.0022189319546,-77.4834638600857,VA,MW,0.006464803494830097,0.6344822178279486
Iron Mountain,Colocation Datacenter,Datacenter,2.574,39.0101662234714,-94.5042090756574,MO,MW,0.0028010077593446548,0.5625566336532932
Digital Realty,Colocation Datacenter,Datacenter,1.6500000000000001,35.221847,-80.835548,NC,MW,0.0017952599103878667,0.5253577947705927
EdgeCore,Colocation Datacenter,Datacenter,95.04,39.0295122445584,-77.427182288781,VA,MW,0.10344763178709179,0.8677075522200216
Digital Realty,Colocation Datacenter,Datacenter,10.692,39.001195,-77.477332,VA,MW,0.01163722100375072,0.6927300152945485
CyrusOne,Colocation Datacenter,Datacenter,52.998,47.242721,-119.870231,WA,MW,0.05768610465955794,0.8221038622009521
Digital Realty,Colocation Datacenter,Datacenter,24.024,41.994519,-87.961944,IL,MW,0.026148725681555806,0.760571895806877
T5 Data Centers,Colocation Datacenter,Datacenter,68.64,35.250354,-81.395208,NC,MW,0.074711978959755,0.8402316149236592
eStruxture,Colocation Datacenter,Datacenter,19.8,45.457969,-73.632092,NA,MW,0.021551021229181917,0.742365222627286
T5 Data Centers,Colocation Datacenter,Datacenter,11.418000000000001,33.921659,-118.38638,CA,MW,0.012427451456502482,0.6988002777108454
Digital Realty,Colocation Datacenter,Datacenter,19.008000000000003,39.015556,-77.467207,VA,MW,0.020688951644361814,0.7393562712268004
Aligned,Colocation Datacenter,Datacenter,20.790000000000003,33.658863,-112.111399,AZ,MW,0.022628608210207048,0.7475777315851451
ODATA,Colocation Datacenter,Datacenter,8.052,-23.454849898322,-46.9150158826553,NA,MW,0.00876365572101704,0.668461925582881
Cologix,Colocation Datacenter,Datacenter,0.99,45.4972319733195,-73.5703354335321,NA,MW,0.0010768685897044467,0.46920446292403056
H5 Data Centers,Colocation Datacenter,Datacenter,1.32,39.0979733809673,-84.524044861789,OH,MW,0.0014360642500461567,0.49707249917727087
Cologix,Colocation Datacenter,Datacenter,0.33,44.971513,-93.254739,MN,MW,3.584772690210266e-4,0.33446925260026933
H5 Data Centers,Colocation Datacenter,Datacenter,27.258,35.3299014103764,-80.7658455446321,NC,MW,0.029668843152904564,0.7718787696238708
Cologix,Colocation Datacenter,Datacenter,0.33,40.8340008460163,-74.4480853311976,NJ,MW,3.584772690210266e-4,0.33446925260026933
Cologix,Colocation Datacenter,Datacenter,13.200000000000001,40.115759,-83.00163,OH,MW,0.014367108022347716,0.709905288357056
Cologix,Colocation Datacenter,Datacenter,0.5841000000000001,30.3314855945863,-81.6625280618342,FL,MW,6.350579274841433e-4,0.4092873095271087
Cologix,Colocation Datacenter,Datacenter,0.198,44.971513,-93.254739,MN,MW,2.1479900488434258e-4,0.2853188752906802
eStruxture,Colocation Datacenter,Datacenter,1.584,49.264912707249,-123.103728654116,NA,MW,0.0017234207783195247,0.5212325990682144
T5 Data Centers,Colocation Datacenter,Datacenter,3.6959999999999997,38.7861605183872,-104.788668839393,CO,MW,0.004022273004506468,0.5993206089070706
Cologix,Colocation Datacenter,Datacenter,0.66,40.115582,-83.002648,OH,MW,7.176729293627365e-4,0.4155754666095678
Cologix,Colocation Datacenter,Datacenter,0.528,45.599068315597,-73.5696800515183,NA,MW,5.739946652260526e-4,0.4001521973645303
H5 Data Centers,Colocation Datacenter,Datacenter,11.88,33.2771749071338,-111.885736802225,AZ,MW,0.012930325380980877,0.6991736673911049
Cologix,Colocation Datacenter,Datacenter,1.6500000000000001,40.8319488759316,-74.4487372598148,NJ,MW,0.0017952599103878667,0.5253577947705927
Centersquare,Colocation Datacenter,Datacenter,1.584,33.9244411823347,-118.320834588923,CA,MW,0.0017234207783195247,0.5212325990682144
TierPoint,Colocation Datacenter,Datacenter,1.32,33.1379443333324,-96.6575283673054,TX,MW,0.0014360642500461567,0.49707249917727087
Centersquare,Colocation Datacenter,Datacenter,9.9,42.36632,-71.159313,MA,MW,0.010775151418930618,0.6833128712366293
Centersquare,Colocation Datacenter,Datacenter,2.64,47.841898,-122.30163,WA,MW,0.002872846891412997,0.5631704731174867
Cologix,Colocation Datacenter,Datacenter,1.32,45.5025151918102,-73.567569064812,NA,MW,0.0014360642500461567,0.49707249917727087
Cologix,Colocation Datacenter,Datacenter,3.3000000000000003,49.259517238218,-123.029669122091,NA,MW,0.0035912382120964165,0.5864688078909632
H5 Data Centers,Colocation Datacenter,Datacenter,6.6000000000000005,41.506592,-81.683042,OH,MW,0.007183194815513517,0.6455658398812243
H5 Data Centers,Colocation Datacenter,Datacenter,3.3000000000000003,37.399967,-121.895314,CA,MW,0.0035912382120964165,0.5864688078909632
Cologix,Colocation Datacenter,Datacenter,0.99,44.971513,-93.254739,MN,MW,0.0010768685897044467,0.46920446292403056
H5 Data Centers,Colocation Datacenter,Datacenter,1.98,35.2559519998867,-120.640741473216,CA,MW,0.002154455570729577,0.5378026804166678
H5 Data Centers,Colocation Datacenter,Datacenter,26.400000000000002,47.252303,-119.819816,WA,MW,0.02873493443601612,0.7650522155526219
Centersquare,Colocation Datacenter,Datacenter,10.956000000000001,40.7863509782173,-74.0691415598162,NJ,MW,0.011924577532024088,0.6952847780562368
H5 Data Centers,Colocation Datacenter,Datacenter,5.28,47.619082,-122.336572,WA,MW,0.0057464121741466765,0.6277315809533437
Cologix,Colocation Datacenter,Datacenter,0.7260000000000001,45.4669528543642,-73.5412376087331,NA,MW,7.895120614310788e-4,0.45081672041396315
Centersquare,Colocation Datacenter,Datacenter,0.99,37.4808971447517,-122.200578373434,CA,MW,0.0010768685897044467,0.46920446292403056
Centersquare,Colocation Datacenter,Datacenter,30.426000000000002,41.802326,-88.094811000000007,IL,MW,0.03311712149218498,0.7790197104896653
Centersquare,Colocation Datacenter,Datacenter,9.9,33.6848844764948,-117.836820902292,CA,MW,0.010775151418930618,0.6833128712366293
H5 Data Centers,Colocation Datacenter,Datacenter,1.98,35.0886893068356,-106.652697974685,NM,MW,0.002154455570729577,0.5378026804166678
Cologix,Colocation Datacenter,Datacenter,0.099,45.4846534086094,-73.7605255605599,NA,MW,1.0704030678182957e-4,0.23061307124173125
Cologix,Colocation Datacenter,Datacenter,8.712,28.079485,-81.974851,FL,MW,0.009482047041700461,0.6734240467363076
Cologix,Colocation Datacenter,Datacenter,0.12144,45.4826520052601,-73.7601525681093,NA,MW,1.3146561168506587e-4,0.24654984462228532
Centersquare,Colocation Datacenter,Datacenter,6.6000000000000005,39.022075,-77.452997,VA,MW,0.007183194815513517,0.6455658398812243
H5 Data Centers,Colocation Datacenter,Datacenter,4.29,39.618053,-104.891515,CO,MW,0.004668825193121546,0.6108080250133169
Cologix,Colocation Datacenter,Datacenter,1.3266,49.2870259990493,-123.11966443254,NA,MW,0.0014432481632529908,0.5166460641621531
H5 Data Centers,Colocation Datacenter,Datacenter,27.720000000000002,39.013613,-77.451886,VA,MW,0.03017171707738296,0.7727183356618712
Cologix,Colocation Datacenter,Datacenter,4.95,30.2732397587591,-81.6138445888676,FL,MW,0.005387216513804967,0.6237746529530668
Centersquare,Colocation Datacenter,Datacenter,0.99,37.4187769946595,-121.942982724283,CA,MW,0.0010768685897044467,0.46920446292403056
Cologix,Colocation Datacenter,Datacenter,0.046200000000000005,45.5026203542695,-73.5671787810213,NA,MW,4.9569001127155985e-5,0.162535219216057
H5 Data Centers,Colocation Datacenter,Datacenter,1.98,33.7651964536801,-84.3837427247952,GA,MW,0.002154455570729577,0.5378026804166678
Centersquare,Colocation Datacenter,Datacenter,1.98,33.421374445521,-111.858825833979,AZ,MW,0.002154455570729577,0.5378026804166678
Cologix,Colocation Datacenter,Datacenter,1.6500000000000001,40.840165,-74.460072,NJ,MW,0.0017952599103878667,0.5253577947705927
Cologix,Colocation Datacenter,Datacenter,0.33,40.115943,-83.001612,OH,MW,3.584772690210266e-4,0.33446925260026933
Cologix,Colocation Datacenter,Datacenter,2.97,40.857362985895,-74.4187404444522,NJ,MW,0.0032320425517547062,0.5784668419763419
Cologix,Colocation Datacenter,Datacenter,1.32,32.800924,-96.819743,TX,MW,0.0014360642500461567,0.49707249917727087
Vantage Data Centers,Colocation Datacenter,Datacenter,7.260000000000001,45.4866818242318,-73.7559205602476,NA,MW,0.007901586136196938,0.6588171395044857
Stream Data Centers,Colocation Datacenter,Datacenter,28.380000000000003,32.983511,-96.654273,TX,MW,0.030890108398066378,0.7744112885601537
Ascenty,Colocation Datacenter,Datacenter,4.62,-22.8962757270435,-47.1785785007576,NA,MW,0.005028020853463257,0.6168196233655726
Digital Crossroad,Colocation Datacenter,Datacenter,21.12,41.7072581204088,-87.5202115710745,IN,MW,0.022987803870548756,0.7478184255115174
Switch,Colocation Datacenter,Datacenter,14.388000000000002,36.0598731391772,-115.210405940273,NV,MW,0.015660212399577874,0.7204014081540315
NTT Global Data Centers,Colocation Datacenter,Datacenter,10.56,39.01721,-77.47046,VA,MW,0.011493542739614037,0.6880616533755357
eStruxture,Colocation Datacenter,Datacenter,3.96,50.9922544363051,-113.955683003776,NA,MW,0.0043096295327798365,0.6014333584057593
Ascenty,Colocation Datacenter,Datacenter,6.6000000000000005,-22.8131761645265,-47.2126072964098,NA,MW,0.007183194815513517,0.6455658398812243
Ascenty,Colocation Datacenter,Datacenter,9.9,-22.8138721861341,-47.2132532177896,NA,MW,0.010775151418930618,0.6833128712366293
Rackspace,Colocation Datacenter,Datacenter,0.99,39.290483,-94.675861,MO,MW,0.0010768685897044467,0.46920446292403056
Sabey Data Centers,Colocation Datacenter,Datacenter,65.538,47.245965,-119.815805,WA,MW,0.07133553975254292,0.8356564723194638
Sabey Data Centers,Colocation Datacenter,Datacenter,8.04144,47.4930807795423,-122.293678011307,WA,MW,0.008752161459886106,0.6682981963557397
NTT Global Data Centers,Colocation Datacenter,Datacenter,9.24,38.6445519128336,-121.498648335403,CA,MW,0.010056760098247196,0.6772969633617073
Stream Data Centers,Colocation Datacenter,Datacenter,13.200000000000001,42.002538,-87.951227,IL,MW,0.014367108022347716,0.709905288357056
NTT Global Data Centers,Colocation Datacenter,Datacenter,8.316,39.02276,-77.45495,VA,MW,0.009051012249290408,0.6701050713659765
NTT Global Data Centers,Colocation Datacenter,Datacenter,9.24,39.02495,-77.4576,VA,MW,0.010056760098247196,0.6772969633617073
NTT Global Data Centers,Colocation Datacenter,Datacenter,21.12,39.01796,-77.47288,VA,MW,0.022987803870548756,0.7478184255115174
Ascenty,Colocation Datacenter,Datacenter,6.6000000000000005,-23.4924584622732,-46.7771894629787,NA,MW,0.007183194815513517,0.6455658398812243
NTT Global Data Centers,Colocation Datacenter,Datacenter,47.52,41.98817,-88.00733,IL,MW,0.051723456697885556,0.807719986018711
Compass Datacenters,Colocation Datacenter,Datacenter,230.98680000000002,33.44008966,-112.3792806,AZ,MW,0.2514218760214627,0.930074832012397
Compass Datacenters,Colocation Datacenter,Datacenter,49.5,39.043731,-77.53887,VA,MW,0.05387863065993581,0.8135817258273967
Ascenty,Colocation Datacenter,Datacenter,2.64,-23.4912320745275,-46.7758769700977,NA,MW,0.002872846891412997,0.5631704731174867
Stream Data Centers,Colocation Datacenter,Datacenter,5.148,30.177775,-95.48628,TX,MW,0.005602733910009992,0.6271634436692981
Stream Data Centers,Colocation Datacenter,Datacenter,158.4,33.42,-112.359,AZ,MW,0.17241319857270013,0.9045708656771964
Ascenty,Colocation Datacenter,Datacenter,7.260000000000001,-23.1924033328408,-46.9730290035502,NA,MW,0.007901586136196938,0.6588171395044857
Sabey Data Centers,Colocation Datacenter,Datacenter,5.28,40.710973,-74.001153,NY,MW,0.0057464121741466765,0.6277315809533437
Vantage Data Centers,Colocation Datacenter,Datacenter,56.760000000000005,46.796331,-71.306536,NA,MW,0.06178093518745344,0.8265931000602288
Sabey Data Centers,Colocation Datacenter,Datacenter,34.254,47.406919,-120.18782,WA,MW,0.03728379115214882,0.7905722854614812
Vantage Data Centers,Colocation Datacenter,Datacenter,135.96,39.002256,-77.438216,VA,MW,0.14798789366946383,0.8958032158448477
Rackspace,Colocation Datacenter,Datacenter,1.32,40.5446955769098,-74.5377632444815,NJ,MW,0.0014360642500461567,0.49707249917727087
Sabey Data Centers,Colocation Datacenter,Datacenter,30.2115,47.492924,-122.290066,WA,MW,0.03288364431296287,0.777564491239419
Vantage Data Centers,Colocation Datacenter,Datacenter,50.82,37.363893,-121.947671,CA,MW,0.05531541330130266,0.8162318311679327
Stream Data Centers,Colocation Datacenter,Datacenter,4.455,29.471913,-98.671766,TX,MW,0.004848423023292401,0.6143485469279885
Switch,Colocation Datacenter,Datacenter,99,33.7550590149013,-84.5872802018878,GA,MW,0.10775797971119232,0.8720412105115339
Rackspace,Colocation Datacenter,Datacenter,3.5640000000000005,37.3336527273562,-121.888159442324,CA,MW,0.0038785947403697845,0.5969562584597177
Vantage Data Centers,Colocation Datacenter,Datacenter,27.588,47.250029,-119.814306,WA,MW,0.030028038813246272,0.7724379741995184
Etix Everywhere,Colocation Datacenter,Datacenter,0.5940000000000001,3.32927192979549,-76.5185595041846,NA,MW,6.458337972943946e-4,0.4101907163362423
Vantage Data Centers,Colocation Datacenter,Datacenter,62.63400000000001,37.3725490086755,-121.973639212215,CA,MW,0.06817461794153588,0.8321217765506366
Ascenty,Colocation Datacenter,Datacenter,2.64,-23.4920230614656,-46.7760240431013,NA,MW,0.002872846891412997,0.5631704731174867
Ascenty,Colocation Datacenter,Datacenter,2.64,-22.8480412673062,-47.1535259441214,NA,MW,0.002872846891412997,0.5631704731174867
LightEdge,Colocation Datacenter,Datacenter,4.455,44.808358,-93.637397000000007,MN,MW,0.004848423023292401,0.6143485469279885
New York Internet,Colocation Datacenter,Datacenter,0.8250000000000001,41.845517,-87.941394,IL,MW,8.972707595335917e-4,0.46160156089888477
NTT Global Data Centers,Colocation Datacenter,Datacenter,21.12,39.020235018466,-77.4727024598724,VA,MW,0.022987803870548756,0.7478184255115174
Rackspace,Colocation Datacenter,Datacenter,1.7820000000000003,40.5409412753103,-74.5369557309882,NJ,MW,0.001938938174524551,0.5332850275105172
Cologix,Colocation Datacenter,Datacenter,59.400000000000006,39.0180957648957,-77.4592852163566,VA,MW,0.06465450047018712,0.828267322110371
Switch,Colocation Datacenter,Datacenter,6.923400000000001,42.852057,-85.560092,MI,MW,0.007535206562648393,0.6563034207807387
Ascenty,Colocation Datacenter,Datacenter,7.92,-23.1919570850787,-46.9742520908865,NA,MW,0.008619977456880357,0.66263248323203
Ascenty,Colocation Datacenter,Datacenter,4.62,-3.83068499411386,-38.6112317648417,NA,MW,0.005028020853463257,0.6168196233655726
Ascenty,Colocation Datacenter,Datacenter,4.62,-33.3345445820076,-70.7066381595633,NA,MW,0.005028020853463257,0.6168196233655726
Centersquare,Colocation Datacenter,Datacenter,2.3760000000000003,40.71929512869,-74.0332942426275,NJ,MW,0.002585490363139629,0.559740115862271
Colocation Northwest,Colocation Datacenter,Datacenter,0.66,47.5836677798191,-122.134645834205,WA,MW,7.176729293627365e-4,0.4155754666095678
Expedient,Colocation Datacenter,Datacenter,1.32,41.429367,-81.574095,OH,MW,0.0014360642500461567,0.49707249917727087
Ascenty,Colocation Datacenter,Datacenter,5.94,-22.7971276279576,-47.1352119576576,NA,MW,0.006464803494830097,0.6344822178279486
Evocative,Colocation Datacenter,Datacenter,1.155,47.619564,-122.348252,WA,MW,0.0012564664198753018,0.49109788158026263
Ascenty,Colocation Datacenter,Datacenter,3.3000000000000003,-22.8949799583085,-47.1794540094817,NA,MW,0.0035912382120964165,0.5864688078909632
Markley,Colocation Datacenter,Datacenter,33,42.6305,-71.30461,MA,MW,0.03591884764285032,0.7862093600561548
CoreSite,Colocation Datacenter,Datacenter,0.198,39.7452407997566,-104.979348269518,CO,MW,2.1479900488434258e-4,0.2853188752906802
Centersquare,Colocation Datacenter,Datacenter,16.632,40.761852,-74.02523,NJ,MW,0.0181027428899015,0.7323781532349699
CoreSite,Colocation Datacenter,Datacenter,2.508,37.405622,-121.916247,CA,MW,0.0027291686272763126,0.5619433565712149
Expedient,Colocation Datacenter,Datacenter,1.7820000000000003,41.428128,-81.574069,OH,MW,0.001938938174524551,0.5332850275105172
INAP,Colocation Datacenter,Datacenter,2.112,33.8894214511468,-118.36871164467,CA,MW,0.0022981338348662607,0.5517184480891771
Colocation Northwest,Colocation Datacenter,Datacenter,0.099,47.253285,-122.436702,WA,MW,1.0704030678182957e-4,0.23061307124173125
Ascenty,Colocation Datacenter,Datacenter,0.99,-22.8942372344005,-47.1797811226258,NA,MW,0.0010768685897044467,0.46920446292403056
Ascenty,Colocation Datacenter,Datacenter,15.180000000000001,-23.069750280603,-47.0119462761851,NA,MW,0.016522281984397976,0.7231152642639214
CoreSite,Colocation Datacenter,Datacenter,11.88,41.862855,-87.641292000000007,IL,MW,0.012930325380980877,0.6991736673911049
CoreSite,Colocation Datacenter,Datacenter,10.89,42.376642,-71.080025,MA,MW,0.011852738399955745,0.6941862602211482
INAP,Colocation Datacenter,Datacenter,5.28,33.015775,-96.76872,TX,MW,0.0057464121741466765,0.6277315809533437
Ascenty,Colocation Datacenter,Datacenter,0.99,-22.8050232828118,-43.3483526751964,NA,MW,0.0010768685897044467,0.46920446292403056
INAP,Self-build Datacenter,Datacenter,0.99,33.301199,-111.886142,AZ,MW,0.0010768685897044467,0.46920446292403056
CoreSite,Colocation Datacenter,Datacenter,1.1879999999999935,25.7975418565015,-80.2300578802187,FL,MW,0.0012923859859094655,0.49203545034403606
CoreSite,Colocation Datacenter,Datacenter,6.2700000000000005,38.9508377714139,-77.36456400215,VA,MW,0.0068239991551718076,0.6409353607160034
CoreSite,Colocation Datacenter,Datacenter,13.464,41.876003,-87.631399,IL,MW,0.014654464550621082,0.7171123897123776
Centeris Data Centers,Colocation Datacenter,Datacenter,4.62,47.160785,-122.279262,WA,MW,0.005028020853463257,0.6168196233655726
Hudson Interxchange,Colocation Datacenter,Datacenter,11.88,40.717721,-74.0101,NY,MW,0.012930325380980877,0.6991736673911049
Expedient,Colocation Datacenter,Datacenter,3.168,40.091851,-83.143612,OH,MW,0.003447559947959732,0.5832783197914386
Markley,Colocation Datacenter,Datacenter,6.402,42.354504,-71.059692,MA,MW,0.006967677419308491,0.6437648134296176
CoreSite,Colocation Datacenter,Datacenter,2.64,37.334185,-121.891637,CA,MW,0.002872846891412997,0.5631704731174867
Evocative,Colocation Datacenter,Datacenter,3.96,42.377913,-71.080377,MA,MW,0.0043096295327798365,0.6014333584057593
CoreSite,Colocation Datacenter,Datacenter,13.200000000000001,34.05829,-118.235661,CA,MW,0.014367108022347716,0.709905288357056
Colocation Northwest,Colocation Datacenter,Datacenter,0.165,47.632489,-122.138512,WA,MW,1.788794388501716e-4,0.27561916636419576
CoreSite,Colocation Datacenter,Datacenter,1.1880000000000002,38.903388,-77.031276,DC,MW,0.0012923859859094728,0.49273851559360243
Expedient,Colocation Datacenter,Datacenter,1.056,40.05783,-83.078376,OH,MW,0.0011487077217727888,0.48523303232781584
Expedient,Colocation Datacenter,Datacenter,1.1880000000000002,40.427306,-80.042365,PA,MW,0.0012923859859094728,0.49273851559360243
CoreSite,Colocation Datacenter,Datacenter,1.155,39.745623,-104.995477,CO,MW,0.0012564664198753018,0.49109788158026263
Ascenty,Colocation Datacenter,Datacenter,19.14,-23.0701722325308,-47.0131032744455,NA,MW,0.020832629908498497,0.7400461339198185
CoreSite,Colocation Datacenter,Datacenter,1.056,38.9030547119711,-77.0292874463302,DC,MW,0.0011487077217727888,0.48523303232781584
Ascenty,Colocation Datacenter,Datacenter,4.62,-22.8060441233361,-43.3480285399151,NA,MW,0.005028020853463257,0.6168196233655726
Evocative,Colocation Datacenter,Datacenter,3.6959999999999997,40.787432,-74.068238,NJ,MW,0.004022273004506468,0.5993206089070706
Expedient,Colocation Datacenter,Datacenter,0.99,35.063076,-89.786292,TN,MW,0.0010768685897044467,0.46920446292403056
CoreSite,Colocation Datacenter,Datacenter,5.28,34.048157,-118.255505,CA,MW,0.0057464121741466765,0.6277315809533437
Bluebird Network,Colocation Datacenter,Datacenter,3.3000000000000003,37.232119,-93.213946000000007,MO,MW,0.0035912382120964165,0.5864688078909632
Actis,Colocation Datacenter,Datacenter,4.4187,25.7961757837302,-80.3797987483241,FL,MW,0.0048089115006548135,0.6132555888181044
NextStreamDC,Colocation Datacenter,Datacenter,0.792,-12.0819319228393,-77.032576680557,NA,MW,8.613511934994207e-4,0.45478548622291065
QTS Datacenters,Colocation Datacenter,Datacenter,1.32,25.791457,-80.379555,FL,MW,0.0014360642500461567,0.49707249917727087
Cirion,Colocation Datacenter,Datacenter,1.98,-22.905422359479,-43.2178715787703,NA,MW,0.002154455570729577,0.5378026804166678
NextStreamDC,Colocation Datacenter,Datacenter,0.5940000000000001,-12.0848952860192,-76.972276477598,NA,MW,6.458337972943946e-4,0.4101907163362423
Elea Data Centers,Colocation Datacenter,Datacenter,1.6500000000000001,-23.6534369226601,-46.7259478977887,NA,MW,0.0017952599103878667,0.5253577947705927
OVHcloud,Self-build Datacenter,Datacenter,15.180000000000001,38.747552,-77.674425,VA,MW,0.016522281984397976,0.7231152642639214
Cirion,Colocation Datacenter,Datacenter,0.66,10.493022,-66.807196,NA,MW,7.176729293627365e-4,0.4155754666095678
ODATA,Colocation Datacenter,Datacenter,26.400000000000002,-22.9002350161863,-47.1948485291673,NA,MW,0.02873493443601612,0.7650522155526219
QTS Datacenters,Colocation Datacenter,Datacenter,47.52,33.777577,-84.421012,GA,MW,0.051723456697885556,0.807719986018711
OVHcloud,Self-build Datacenter,Datacenter,1.056,45.5337106059326,-122.955958314511,OR,MW,0.0011487077217727888,0.48523303232781584
QTS Datacenters,Colocation Datacenter,Datacenter,63.36,41.8423137729293,-87.6690719974815,IL,MW,0.06896484839428764,0.832557851225788
QTS Datacenters,Colocation Datacenter,Datacenter,163.68,45.5584225153783,-122.927890612037,OR,MW,0.17816032913816748,0.9074097932271394
iM Critical,Colocation Datacenter,Datacenter,3.96,25.848352,-80.195095,FL,MW,0.0043096295327798365,0.6014333584057593
Lumen Technologies,Colocation Datacenter,Datacenter,2.97,40.741542,-74.003529,NY,MW,0.0032320425517547062,0.5784668419763419
Lumen Technologies,Colocation Datacenter,Datacenter,4.422000000000001,40.7434681869971,-74.0079536598176,NY,MW,0.0048125034572582305,0.6138016660085016
QTS Datacenters,Colocation Datacenter,Datacenter,660,37.48811,-77.244402,VA,MW,0.7183906022920994,0.9638445297827477
QTS Datacenters,Colocation Datacenter,Datacenter,38.28,34.035311,-84.061389,GA,MW,0.04166597820831768,0.7963849656356624
QTS Datacenters,Colocation Datacenter,Datacenter,50.82,38.999765,-77.44987,VA,MW,0.05531541330130266,0.8162318311679327
NextStreamDC,Colocation Datacenter,Datacenter,1.4520000000000002,19.5787194327339,-99.7491358153972,NA,MW,0.001579742514182841,0.5180563038110195
NextStreamDC,Colocation Datacenter,Datacenter,0.7260000000000001,-34.6554445226763,-58.3868169805071,NA,MW,7.895120614310788e-4,0.45081672041396315
Cirion,Colocation Datacenter,Datacenter,2.64,4.75458795224342,-74.0650215736049,NA,MW,0.002872846891412997,0.5631704731174867
NextStreamDC,Colocation Datacenter,Datacenter,1.122,-34.6557508799067,-58.3877275492537,NA,MW,0.0012205468538411307,0.48922216070846786
QTS Datacenters,Colocation Datacenter,Datacenter,54.78,40.557203,-74.4842,NJ,MW,0.059625761225403175,0.8241241377016166
Lumen Technologies,Colocation Datacenter,Datacenter,0.396,29.47573,-98.390694,TX,MW,4.3031640108936856e-4,0.37692711334378215
QTS Datacenters,Colocation Datacenter,Datacenter,4.62,37.394046,-121.978247,CA,MW,0.005028020853463257,0.6168196233655726
NextStreamDC,Colocation Datacenter,Datacenter,1.254,-33.8122928300781,-70.7486945015612,NA,MW,0.0013642251179778145,0.49613560055820116
Cirion,Colocation Datacenter,Datacenter,1.32,-34.5898724965148,-58.4668564811542,NA,MW,0.0014360642500461567,0.49707249917727087
Cirion,Colocation Datacenter,Datacenter,8.25,-23.5979820573336,-46.8488294578019,NA,MW,0.008979173117222067,0.6692821621543139
QTS Datacenters,Colocation Datacenter,Datacenter,98.01,38.754505,-77.513103,VA,MW,0.10668039273016719,0.8701600402319086
QTS Datacenters,Colocation Datacenter,Datacenter,2.31,38.99427,-77.447824,VA,MW,0.0025136512310712867,0.5553540616822411
QTS Datacenters,Colocation Datacenter,Datacenter,44.22,40.2759053500835,-74.5479313423289,NJ,MW,0.048131500094468455,0.8034879247775555
Lumen Technologies,Colocation Datacenter,Datacenter,0.33,35.8058523944123,-78.6241995667593,NC,MW,3.584772690210266e-4,0.33446925260026933
QTS Datacenters,Self-build Datacenter,Datacenter,0.132,38.896221,-94.673435,KS,MW,1.4295987281600058e-4,0.24754281120651617
Cirion,Colocation Datacenter,Datacenter,0.792,-12.0889835090921,-76.9730068388861,NA,MW,8.613511934994207e-4,0.45478548622291065
QTS Datacenters,Colocation Datacenter,Datacenter,51.480000000000004,38.995558,-77.45606,VA,MW,0.05603380462198607,0.8173846051734748
CenturyLink,Colocation Datacenter,Datacenter,0.7260000000000001,33.439737,-112.046977,AZ,MW,7.895120614310788e-4,0.45081672041396315
Cirion,Colocation Datacenter,Datacenter,0.99,-33.3582786176399,-70.6758353984852,NA,MW,0.0010768685897044467,0.46920446292403056
Cirion,Colocation Datacenter,Datacenter,0.66,-25.4702517570143,-49.3502468403026,NA,MW,7.176729293627365e-4,0.4155754666095678
CloudHQ,Colocation Datacenter,Datacenter,251.85600000000002,38.716703,-77.500121,VA,MW,0.2741374095814724,0.93580435112476
Lumen Technologies,Self-build Datacenter,Datacenter,0.528,33.7548413993885,-84.3587645795578,GA,MW,5.739946652260526e-4,0.4001521973645303
QTS Datacenters,Colocation Datacenter,Datacenter,1.98,40.719005,-74.042172,NJ,MW,0.002154455570729577,0.5378026804166678
Telefonica,Colocation Datacenter,Datacenter,0.66,-22.9015792423936,-43.2041255621864,NA,MW,7.176729293627365e-4,0.4155754666095678
QTS Datacenters,Colocation Datacenter,Datacenter,3.3000000000000003,38.646332,-121.486212,CA,MW,0.0035912382120964165,0.5864688078909632
Lumen Technologies,Colocation Datacenter,Datacenter,0.66,40.7808170116859,-112.011418792242,UT,MW,7.176729293627365e-4,0.4155754666095678
Cirion,Colocation Datacenter,Datacenter,0.198,-0.092642113283199,-78.4744122141554,NA,MW,2.1479900488434258e-4,0.2853188752906802
Lumen Technologies,Colocation Datacenter,Datacenter,1.518,28.615925,-81.388991,FL,MW,0.0016515816462511826,0.5199379760614532
IFX Networks,Colocation Datacenter,Datacenter,1.98,4.6562323183543,-74.1063572017424,NA,MW,0.002154455570729577,0.5378026804166678
Takoda Data Centers,Colocation Datacenter,Datacenter,0.66,4.6770663341793,-74.156439453747,NA,MW,7.176729293627365e-4,0.4155754666095678
Grupo Gtd,Colocation Datacenter,Datacenter,0.132,-33.4397543593923,-70.6469823142183,NA,MW,1.4295987281600058e-4,0.24754281120651617
BT Global Services,Colocation Datacenter,Datacenter,0.264,4.67421391129794,-74.1602611177713,NA,MW,2.8663813695268463e-4,0.315989724875794
Equinix,Colocation Datacenter,Datacenter,0.198,-33.4762356596883,-70.6066085130545,NA,MW,2.1479900488434258e-4,0.2853188752906802
BT Global Services,Colocation Datacenter,Datacenter,1.1880000000000002,4.963098,-73.961838,NA,MW,0.0012923859859094728,0.49273851559360243
ENTEL,Self-build Datacenter,Datacenter,0.792,-12.098307800192,-77.0263999475775,NA,MW,8.613511934994207e-4,0.45478548622291065
EdgeConneX,Colocation Datacenter,Datacenter,4.62,-33.2968903492072,-70.7036692417711,NA,MW,0.005028020853463257,0.6168196233655726
Anacondaweb,Colocation Datacenter,Datacenter,0.132,-38.7426956171194,-72.5960725706486,NA,MW,1.4295987281600058e-4,0.24754281120651617
Desarrolladora de Zonas Francas,Colocation Datacenter,Datacenter,0.792,4.675077,-74.154936,NA,MW,8.613511934994207e-4,0.45478548622291065
Claro,Self-build Datacenter,Datacenter,6.6000000000000005,-33.2426247115583,-70.7374418174582,NA,MW,0.007183194815513517,0.6455658398812243
Equinix,Colocation Datacenter,Datacenter,0.66,-33.9557394203671,-71.4004454266607,NA,MW,7.176729293627365e-4,0.4155754666095678
TIVIT | Synapsis,Self-build Datacenter,Datacenter,0.66,-33.4257304394169,-70.6689036200397,NA,MW,7.176729293627365e-4,0.4155754666095678
Equinix,Colocation Datacenter,Datacenter,0.264,-33.4524951960354,-70.6054505241956,NA,MW,2.8663813695268463e-4,0.315989724875794
InterNexa,Colocation Datacenter,Datacenter,0.33,4.67185303868478,-74.1603138946684,NA,MW,3.584772690210266e-4,0.33446925260026933
Grupo Gtd,Colocation Datacenter,Datacenter,0.264,-33.4303731751731,-70.6059311743141,NA,MW,2.8663813695268463e-4,0.315989724875794
NetGlobalis,Colocation Datacenter,Datacenter,0.33,-33.4372634986596,-70.649343626026,NA,MW,3.584772690210266e-4,0.33446925260026933
NetGlobalis,Colocation Datacenter,Datacenter,0.66,-33.387278754992,-70.6164353338532,NA,MW,7.176729293627365e-4,0.4155754666095678
Desarrolladora de Zonas Francas,Colocation Datacenter,Datacenter,0.792,4.963919,-73.961094,NA,MW,8.613511934994207e-4,0.45478548622291065
Grupo Gtd,Colocation Datacenter,Datacenter,1.32,-41.4871382447513,-73.0230470601963,NA,MW,0.0014360642500461567,0.49707249917727087
TIVIT | Synapsis,Self-build Datacenter,Datacenter,0.66,-33.3867893105005,-70.6163755817465,NA,MW,7.176729293627365e-4,0.4155754666095678
Hostname,Colocation Datacenter,Datacenter,0.066,-33.4501274512376,-70.6279639007515,NA,MW,7.112074074765859e-5,0.1721534085159869
ISC,Colocation Datacenter,Datacenter,0.066,-33.4337683102155,-70.6187998715337,NA,MW,7.112074074765859e-5,0.1721534085159869
S&A Consultores Asociados,Colocation Datacenter,Datacenter,0.99,-33.4377389187212,-70.608192027682,NA,MW,0.0010768685897044467,0.46920446292403056
NextStreamDC,Colocation Datacenter,Datacenter,0.792,-33.4082422220212,-70.5571607800459,NA,MW,8.613511934994207e-4,0.45478548622291065
CEMEX,Self-build Datacenter,Datacenter,0.66,25.7009128279826,-100.300304570942,NA,MW,7.176729293627365e-4,0.4155754666095678
Grupo Gtd,Colocation Datacenter,Datacenter,0.66,-33.4352260848222,-70.6494022361406,NA,MW,7.176729293627365e-4,0.4155754666095678
Banco Nacional de Costa Rica,Self-build Datacenter,Datacenter,0.99,9.97460624441236,-84.0589818214968,NA,MW,0.0010768685897044467,0.46920446292403056
InterNexa,Colocation Datacenter,Datacenter,0.33,6.18946401488186,-75.5587674782197,NA,MW,3.584772690210266e-4,0.33446925260026933
Equinix,Colocation Datacenter,Datacenter,0.8580000000000001,-33.4442290424166,-70.6561321096376,NA,MW,9.331903255677627e-4,0.46326887931108013
Equinix,Colocation Datacenter,Datacenter,3.3000000000000003,-33.448190287403,-70.8512766762566,NA,MW,0.0035912382120964165,0.5864688078909632
AB Network,Colocation Datacenter,Datacenter,0.792,8.926953,-79.592637,NA,MW,8.613511934994207e-4,0.45478548622291065
Grupo Gtd,Colocation Datacenter,Datacenter,0.66,6.21630046232645,-75.5737083362337,NA,MW,7.176729293627365e-4,0.4155754666095678
Triara,Self-build Datacenter,Datacenter,1.98,4.76694764260897,-74.1781902107333,NA,MW,0.002154455570729577,0.5378026804166678
HostDime,Colocation Datacenter,Datacenter,0.792,4.9629209385709,-73.9605524878292,NA,MW,8.613511934994207e-4,0.45478548622291065
IBM,Self-build Datacenter,Datacenter,0.66,-33.4335898592479,-70.6257708553204,NA,MW,7.176729293627365e-4,0.4155754666095678
Intercity Networks,Colocation Datacenter,Datacenter,0.099,-33.42812,-70.61133,NA,MW,1.0704030678182957e-4,0.23061307124173125
SONDA,Colocation Datacenter,Datacenter,7.92,-33.3561989902941,-70.699571557538,NA,MW,0.008619977456880357,0.66263248323203
IBM,Self-build Datacenter,Datacenter,0.99,-33.5533935186417,-70.7116830445399,NA,MW,0.0010768685897044467,0.46920446292403056
Grupo Gtd,Colocation Datacenter,Datacenter,0.198,-33.4200473864855,-70.6034396032855,NA,MW,2.1479900488434258e-4,0.2853188752906802
IBM,Self-build Datacenter,Datacenter,0.528,-12.0714953823765,-76.9520228953982,NA,MW,5.739946652260526e-4,0.4001521973645303
Grupo ASD,Colocation Datacenter,Datacenter,0.33,4.61964781036057,-74.0684491546005,NA,MW,3.584772690210266e-4,0.33446925260026933
Grupo Gtd,Colocation Datacenter,Datacenter,1.6500000000000001,-33.3974611835871,-70.6838522766323,NA,MW,0.0017952599103878667,0.5253577947705927
Grupo Gtd,Colocation Datacenter,Datacenter,0.66,-33.4351253599936,-70.6490817121685,NA,MW,7.176729293627365e-4,0.4155754666095678
Repsol,Self-build Datacenter,Datacenter,0.33,-12.0966442075618,-77.0373137727951,NA,MW,3.584772690210266e-4,0.33446925260026933
Tigo,Colocation Datacenter,Datacenter,4.62,4.76339889465224,-74.1677873321498,NA,MW,0.005028020853463257,0.6168196233655726
TIVIT | Synapsis,Self-build Datacenter,Datacenter,0.66,-33.4446155861882,-70.645125365453,NA,MW,7.176729293627365e-4,0.4155754666095678
PowerHost,Colocation Datacenter,Datacenter,0.33,-33.4479151940746,-70.6199780754413,NA,MW,3.584772690210266e-4,0.33446925260026933
SONDA,Colocation Datacenter,Datacenter,1.32,-33.356578,-70.698842,NA,MW,0.0014360642500461567,0.49707249917727087
Anacondaweb,Colocation Datacenter,Datacenter,0.264,-33.4427130112453,-70.6445925030593,NA,MW,2.8663813695268463e-4,0.315989724875794
Telecom Argentina,Colocation Datacenter,Datacenter,3.96,-34.4672835031275,-58.6819579938065,NA,MW,0.0043096295327798365,0.6014333584057593
Claro,Self-build Datacenter,Datacenter,0.33,-32.9778057441267,-60.7363296955042,NA,MW,3.584772690210266e-4,0.33446925260026933
DataBank,Colocation Datacenter,Datacenter,1.353,42.078344,-87.92335,IL,MW,0.0014719838160803275,0.5167635528753234
KIO Networks,Colocation Datacenter,Datacenter,4.95,20.5672674787461,-100.256158631626,NA,MW,0.005387216513804967,0.6237746529530668
Camara Argentina de Internet,Colocation Datacenter,Datacenter,0.33,-34.606783237592,-58.3795266517017,NA,MW,3.584772690210266e-4,0.33446925260026933
Scala,Colocation Datacenter,Datacenter,11.88,-23.4979212706439,-46.81507752135,NA,MW,0.012930325380980877,0.6991736673911049
CNBV,Self-build Datacenter,Datacenter,0.66,19.3521152492033,-99.1882975362151,NA,MW,7.176729293627365e-4,0.4155754666095678
C&W Business,Colocation Datacenter,Datacenter,0.198,8.95038412660813,-79.5525768147342,NA,MW,2.1479900488434258e-4,0.2853188752906802
BAC Credomatic,Self-build Datacenter,Datacenter,0.99,13.6636310888128,-89.190397861553,NA,MW,0.0010768685897044467,0.46920446292403056
KIO Networks,Colocation Datacenter,Datacenter,0.14850000000000002,25.6493034052614,-100.358700047819,NA,MW,1.609196558330861e-4,0.27090525660622
Tigo,Colocation Datacenter,Datacenter,1.32,9.00228256017284,-79.5857060589174,NA,MW,0.0014360642500461567,0.49707249917727087
DataBank,Colocation Datacenter,Datacenter,5.775,41.853325,-87.920873,IL,MW,0.006285205664659242,0.6337572928714007
IBM,Self-build Datacenter,Datacenter,0.198,-12.101814498308,-77.018122615826,NA,MW,2.1479900488434258e-4,0.2853188752906802
Claro,Self-build Datacenter,Datacenter,0.99,-31.3599498375725,-64.1691583711407,NA,MW,0.0010768685897044467,0.46920446292403056
DataBank,Colocation Datacenter,Datacenter,2.64,33.7338839428803,-84.425740488263,GA,MW,0.002872846891412997,0.5631704731174867
Tigo,Colocation Datacenter,Datacenter,0.264,8.12410370935523,-80.7072036474036,NA,MW,2.8663813695268463e-4,0.315989724875794
Provincia NET,Colocation Datacenter,Datacenter,0.33,-34.6075382727629,-58.3724974855263,NA,MW,3.584772690210266e-4,0.33446925260026933
KIO Networks,Colocation Datacenter,Datacenter,1.98,19.3635690341214,-99.2807360093667,NA,MW,0.002154455570729577,0.5378026804166678
Equinix,Colocation Datacenter,Datacenter,0.198,-12.0872112228097,-76.972955458684993,NA,MW,2.1479900488434258e-4,0.2853188752906802
Equinix,Colocation Datacenter,Datacenter,3.96,20.5579294564418,-100.278821903663,NA,MW,0.0043096295327798365,0.6014333584057593
KIO Networks,Colocation Datacenter,Datacenter,0.66,8.91985467599599,-79.5940087878298,NA,MW,7.176729293627365e-4,0.4155754666095678
IPXON Networks,Colocation Datacenter,Datacenter,0.132,-25.2803697276866,-57.5678918332297,NA,MW,1.4295987281600058e-4,0.24754281120651617
Compass Datacenters,Colocation Datacenter,Datacenter,19.8,43.6014172051162,-79.5294515986534,NA,MW,0.021551021229181917,0.742365222627286
C&W Business,Colocation Datacenter,Datacenter,0.33,8.92519627271947,-79.5940369564886,NA,MW,3.584772690210266e-4,0.33446925260026933
DataBank,Colocation Datacenter,Datacenter,6.534000000000001,39.015949,-77.481883,VA,MW,0.007111355683445175,0.6449642710790582
KIO Networks,Colocation Datacenter,Datacenter,1.8479999999999999,19.363792064441,-99.2769099854109,NA,MW,0.0020107773065928926,0.5353039393158621
Claro,Self-build Datacenter,Datacenter,0.33,-34.480711,-58.630768,NA,MW,3.584772690210266e-4,0.33446925260026933
Tigo,Colocation Datacenter,Datacenter,1.32,9.01389325856927,-79.5113227275379,NA,MW,0.0014360642500461567,0.49707249917727087
Digital Realty,Colocation Datacenter,Datacenter,12.870000000000001,47.614403,-122.338779,WA,MW,0.014007912362006006,0.7089243013965414
DC Blox,Colocation Datacenter,Datacenter,42.768,33.500497,-86.821039,AL,MW,0.04655103918896493,0.8027953430483072
Atos,Colocation Datacenter,Datacenter,2.64,32.666926,-97.154754,TX,MW,0.002872846891412997,0.5631704731174867
Grupo Gtd,Colocation Datacenter,Datacenter,0.198,-12.125542057345,-76.9774924957507,NA,MW,2.1479900488434258e-4,0.2853188752906802
KIO Networks,Colocation Datacenter,Datacenter,1.32,19.4004136514207,-99.2742411847868,NA,MW,0.0014360642500461567,0.49707249917727087
DC Blox,Colocation Datacenter,Datacenter,2.31,35.031634,-85.297262,TN,MW,0.0025136512310712867,0.5553540616822411
DC Blox,Colocation Datacenter,Datacenter,8.91,34.7098890426043,-86.6928983380643,AL,MW,0.009697564437905487,0.674260782454463
IBM,Self-build Datacenter,Datacenter,1.32,-12.0709678339485,-76.9518616084195,NA,MW,0.0014360642500461567,0.49707249917727087
InterNexa,Colocation Datacenter,Datacenter,0.198,-33.4152813030313,-70.5954044848789,NA,MW,2.1479900488434258e-4,0.2853188752906802
Scala,Colocation Datacenter,Datacenter,3.0162000000000004,-23.5353895439614,-46.6478985876753,NA,MW,0.003282329944202546,0.5812469909666547
KIO Networks,Colocation Datacenter,Datacenter,0.6171000000000001,19.372888672934,-99.2605032076216,NA,MW,6.709774935183143e-4,0.41353119210903677
Equinix,Colocation Datacenter,Datacenter,0.66,25.7664262948386,-100.193232969955,NA,MW,7.176729293627365e-4,0.4155754666095678
KIO Networks,Colocation Datacenter,Datacenter,0.33,18.4628887539782,-69.7080692093222,NA,MW,3.584772690210266e-4,0.33446925260026933
KIO Networks,Colocation Datacenter,Datacenter,0.198,14.6551202151208,-90.5445242819247,NA,MW,2.1479900488434258e-4,0.2853188752906802
DataBank,Colocation Datacenter,Datacenter,1.32,41.87095,-87.640078,IL,MW,0.0014360642500461567,0.49707249917727087
Cirion,Colocation Datacenter,Datacenter,0.528,8.95106563463708,-79.5523569084133,NA,MW,5.739946652260526e-4,0.4001521973645303
ARSAT,Colocation Datacenter,Datacenter,1.32,-34.4103980564866,-58.7196510040211,NA,MW,0.0014360642500461567,0.49707249917727087
Claro,Self-build Datacenter,Datacenter,2.31,-34.5737694207602,-58.4453703642731,NA,MW,0.0025136512310712867,0.5553540616822411
Codisa,Colocation Datacenter,Datacenter,2.31,13.8117748934243,-89.4287428232813,NA,MW,0.0025136512310712867,0.5553540616822411
T5 Data Centers,Colocation Datacenter,Datacenter,32.406000000000006,37.510076,-122.001483,CA,MW,0.03527229545423524,0.7852912666958795
Google,Self-build Datacenter,Datacenter,46.2,33.75003,-84.585255,GA,MW,0.05028667405651872,0.8041840708105539
Meta,Self-build Datacenter,Datacenter,158.4,33.60146532535,-83.7008943061675,GA,MW,0.17241319857270013,0.9045708656771964
Apple,Self-build Datacenter,Datacenter,74.58,35.5881066474369,-81.2624048465593,NC,MW,0.08117750084590578,0.8469638589188159
Microsoft,Self-build Datacenter,Datacenter,94.512,47.2390167278781,-119.885079134239,WA,MW,0.10287291873054505,0.8671039553722439
Meta,Self-build Datacenter,Datacenter,150.48000000000002,41.667607,-93.507662,IA,MW,0.16379250272449908,0.9027362022095251
EdgeConneX,Colocation Datacenter,Datacenter,1.1880000000000002,37.364204,-121.958744,CA,MW,0.0012923859859094728,0.49273851559360243
Antel,Colocation Datacenter,Datacenter,0.33,-34.9072628878175,-56.152992904252,NA,MW,3.584772690210266e-4,0.33446925260026933
Meta,Self-build Datacenter,Datacenter,297,40.2654857507962,-112.01313775679,UT,MW,0.32327537591621835,0.9439537495440575
Meta,Self-build Datacenter,Datacenter,47.52,35.316215,-81.825153,NC,MW,0.051723456697885556,0.807719986018711
Google,Self-build Datacenter,Datacenter,79.2,39.49669,-119.430845,NV,MW,0.08620624009068971,0.8504903198328608
Google,Self-build Datacenter,Datacenter,46.2,-33.3586526094592,-70.6969704618881,NA,MW,0.05028667405651872,0.8041840708105539
Latechco,Colocation Datacenter,Datacenter,0.528,-34.9034630556389,-56.1347562773295,NA,MW,5.739946652260526e-4,0.4001521973645303
Google,Self-build Datacenter,Datacenter,26.400000000000002,45.638523,-121.202427,OR,MW,0.02873493443601612,0.7650522155526219
Geocom,Colocation Datacenter,Datacenter,0.66,-34.8857119803564,-56.1481070625736,NA,MW,7.176729293627365e-4,0.4155754666095678
Google,Self-build Datacenter,Datacenter,52.800000000000004,35.8924784074972,-81.5469081838069,NC,MW,0.05747058726335291,0.8181589709291481
Meta,Self-build Datacenter,Datacenter,118.80000000000001,37.482161,-77.236406,VA,MW,0.1293097193316949,0.8834827988820975
Antel,Colocation Datacenter,Datacenter,2.64,-34.72512456764,-55.9471559289033,NA,MW,0.002872846891412997,0.5631704731174867
Meta,Self-build Datacenter,Datacenter,227.04000000000002,44.293641,-120.883225,OR,MW,0.24712589592377582,0.9274109355783718
Montevideo COMM,Colocation Datacenter,Datacenter,0.198,-34.9079830698953,-56.1638381938463,NA,MW,2.1479900488434258e-4,0.2853188752906802
Google,Self-build Datacenter,Datacenter,133.98000000000002,41.136126,-96.146213,NE,MW,0.14583271970741357,0.8949775907946904
EdgeConneX,Colocation Datacenter,Datacenter,5.94,33.731886,-84.423559,GA,MW,0.006464803494830097,0.6344822178279486
CyrusOne,Colocation Datacenter,Datacenter,89.10000000000001,38.9569801962988,-77.5049812022767,VA,MW,0.09698210990094101,0.8641401728914708
Amazon Web Services,Self-build Datacenter,Datacenter,55.440000000000005,45.91629509319,-119.266716306158,OR,MW,0.0603441525460866,0.8245321922144578
Google,Self-build Datacenter,Datacenter,52.800000000000004,34.9130485777328,-85.7481050327106,AL,MW,0.05747058726335291,0.8181589709291481
Equinix,Colocation Datacenter,Datacenter,6.930000000000001,20.5577061744247,-100.277731163073,NA,MW,0.007542390475855227,0.6564598479954593
Meta,Self-build Datacenter,Datacenter,234.43200000000002,34.8423854396909,-86.6296702939502,AL,MW,0.2551718787154301,0.9314536937757427
Amazon Web Services,Self-build Datacenter,Datacenter,50.160000000000004,45.8411171064518,-119.6526648098,OR,MW,0.054597021980619234,0.8158498767613784
Banco Republica,Self-build Datacenter,Datacenter,0.33,-34.905511,-56.208704,NA,MW,3.584772690210266e-4,0.33446925260026933
Google,Self-build Datacenter,Datacenter,81.18,33.0639749948559,-80.0424367880861,SC,MW,0.08836141405273998,0.8573641411385738
Google,Self-build Datacenter,Datacenter,9.9,41.221123,-95.863853,IA,MW,0.010775151418930618,0.6833128712366293
Google,Self-build Datacenter,Datacenter,283.6218,41.173058,-95.802729,IA,MW,0.3087135838459654,0.9422154833067659
Google,Self-build Datacenter,Datacenter,35.64,45.632005,-121.201026,OR,MW,0.038792412925584,0.7928044859851143
Iron Mountain,Colocation Datacenter,Datacenter,23.76,38.777293,-77.545991,VA,MW,0.025861369153282437,0.7567185933142181
Meta,Self-build Datacenter,Datacenter,112.2,32.9853068102959,-97.2569835708105,TX,MW,0.12212580612486072,0.8779205548903998
Google,Self-build Datacenter,Datacenter,79.2,36.05811,-115.00897,NV,MW,0.08620624009068971,0.8504903198328608
Google,Self-build Datacenter,Datacenter,21.78,36.625417,-87.263353,TN,MW,0.02370619519123218,0.7529529397232753
Google,Self-build Datacenter,Datacenter,17.292,39.0527195430888,-77.5394554920171,VA,MW,0.01882113421058492,0.7343766088007303
Scala,Colocation Datacenter,Datacenter,5.94,-23.4968652066511,-46.813308640925,NA,MW,0.006464803494830097,0.6344822178279486
EdgeConneX,Colocation Datacenter,Datacenter,5.445,45.5516027642103,-122.91445852578,OR,MW,0.005926010004317532,0.6323123812350665
Latechco,Colocation Datacenter,Datacenter,0.66,-34.8907126873021,-56.1945642375877,NA,MW,7.176729293627365e-4,0.4155754666095678
Microsoft,Self-build Datacenter,Datacenter,36.366,47.2401124020573,-119.863973750549,WA,MW,0.03958264337833576,0.7944206910341907
Apple,Self-build Datacenter,Datacenter,53.229000000000006,44.28870115367,-120.870576770708,OR,MW,0.057937541621797144,0.8225052884004612
Google,Self-build Datacenter,Datacenter,33,38.9437947970921,-77.5247761575817,VA,MW,0.03591884764285032,0.7862093600561548
ZonaAmerica,Colocation Datacenter,Datacenter,0.99,-34.7887529353182,-56.0678609392648,NA,MW,0.0010768685897044467,0.46920446292403056
Digital Realty,Colocation Datacenter,Datacenter,48.84,39.0093833346093,-77.4575844839434,VA,MW,0.053160239339252395,0.8128344543000893
Digital Realty,Colocation Datacenter,Datacenter,46.2,39.0059622133974,-77.4679272475096,VA,MW,0.05028667405651872,0.8041840708105539
Aligned,Colocation Datacenter,Datacenter,47.52,41.913616829686,-87.9173225328688,IL,MW,0.051723456697885556,0.807719986018711
Digital Realty,Colocation Datacenter,Datacenter,63.36,39.0077574536206,-77.4684913095184,VA,MW,0.06896484839428764,0.832557851225788
H5 Data Centers,Colocation Datacenter,Datacenter,4.62,29.4295351091327,-98.48685677554,TX,MW,0.005028020853463257,0.6168196233655726
Equinix,Colocation Datacenter,Datacenter,6.930000000000001,39.0117868202055,-77.4545088665395,VA,MW,0.007542390475855227,0.6564598479954593
DataBank,Colocation Datacenter,Datacenter,0.528,33.4835756187105,-112.075940589087,AZ,MW,5.739946652260526e-4,0.4001521973645303
Microsoft,Self-build Datacenter,Datacenter,455.40000000000003,36.6792469295187,-78.3742753574461,VA,MW,0.49568929288023916,0.9610560438182467
Cogent Communications,Colocation Datacenter,Datacenter,0.2376,38.913079075311,-77.2273547310371,VA,MW,2.579024841253478e-4,0.31335562806362666
Flexential,Colocation Datacenter,Datacenter,3.3000000000000003,33.6846761573528,-112.098291960533,AZ,MW,0.0035912382120964165,0.5864688078909632
Equinix,Colocation Datacenter,Datacenter,7.260000000000001,39.0223980520011,-77.4505427666028,VA,MW,0.007901586136196938,0.6588171395044857
Infotel,Self-build Datacenter,Datacenter,0.132,37.6131747005269,-77.4734029041629,VA,MW,1.4295987281600058e-4,0.24754281120651617
STACK Infrastructure,Colocation Datacenter,Datacenter,11.22,39.005023211848,-77.4418811309841,VA,MW,0.012211934060297455,0.6963888196843956
Sabey Data Centers,Colocation Datacenter,Datacenter,56.628,39.0154848564203,-77.4782850597348,VA,MW,0.06163725692331675,0.8261781270894201
Amazon Web Services,Self-build Datacenter,Datacenter,5.28,38.7914309458052,-77.5382391887117,VA,MW,0.0057464121741466765,0.6277315809533437
Prime Data Centers,Colocation Datacenter,Datacenter,5.94,37.3752544660876,-121.953077273488,CA,MW,0.006464803494830097,0.6344822178279486
OneNeck IT Solutions,Self-build Datacenter,Datacenter,0.495,33.3551367073953,-111.826875764853,AZ,MW,5.380750991918815e-4,0.3964431014066308
CoreSite,Colocation Datacenter,Datacenter,9.438,38.9509061275349,-77.3638877156426,VA,MW,0.010272277494452224,0.6819242695418909
Amazon Web Services,Self-build Datacenter,Datacenter,4.95,38.7904566984302,-77.5409833022052,VA,MW,0.005387216513804967,0.6237746529530668
Microsoft,Self-build Datacenter,Datacenter,72.60000000000001,39.0768734928879,-77.5632200396209,VA,MW,0.07902232688385552,0.8435470857206048
Flexential,Colocation Datacenter,Datacenter,1.8479999999999999,37.6472110761699,-77.4387755176565,VA,MW,0.0020107773065928926,0.5353039393158621
Cogent Communications,Colocation Datacenter,Datacenter,4.62,38.9630453531259,-77.3804957463777,VA,MW,0.005028020853463257,0.6168196233655726
OnePartner,Colocation Datacenter,Datacenter,0.33,36.7115485928969,-82.802362059936,VA,MW,3.584772690210266e-4,0.33446925260026933
Pixel Factory,Colocation Datacenter,Datacenter,0.33,37.6991798374452,-77.4364784888198,VA,MW,3.584772690210266e-4,0.33446925260026933
ATI Solutions,Colocation Datacenter,Datacenter,0.198,38.9083498707451,-77.4752933887846,VA,MW,2.1479900488434258e-4,0.2853188752906802
H5 Data Centers,Colocation Datacenter,Datacenter,0.66,40.727002234378,-74.007702602147,NY,MW,7.176729293627365e-4,0.4155754666095678
Middletown Data,Colocation Datacenter,Datacenter,6.6000000000000005,39.017686891776,-78.2911920445275,VA,MW,0.007183194815513517,0.6455658398812243
Sentinel,Colocation Datacenter,Datacenter,6.6000000000000005,41.036316289628,-73.987284180483,NY,MW,0.007183194815513517,0.6455658398812243
Aligned,Colocation Datacenter,Datacenter,47.52,39.010461439868,-77.4752603843755,VA,MW,0.051723456697885556,0.807719986018711
Amazon Web Services,Self-build Datacenter,Datacenter,3.96,39.0213091961605,-77.432474546376,VA,MW,0.0043096295327798365,0.6014333584057593
Digital Realty,Colocation Datacenter,Datacenter,12.672,39.0000330980322,-77.4779713963849,VA,MW,0.01379239496580098,0.7075587423167835
Digital Realty,Colocation Datacenter,Datacenter,6.336,38.7775733563139,-77.5957589277335,VA,MW,0.006895838287240149,0.6416773642125759
QTS Datacenters,Colocation Datacenter,Datacenter,55.440000000000005,38.9987433864002,-77.4750290234203,VA,MW,0.0603441525460866,0.8245321922144578
GI Partners,Colocation Datacenter,Datacenter,5.94,39.0027983297291,-77.4819848874843,VA,MW,0.006464803494830097,0.6344822178279486
CyrusOne,Colocation Datacenter,Datacenter,18.810000000000002,39.0211761153434,-77.4133895865066,VA,MW,0.020473434248156785,0.7391269083518003
Comarch,Colocation Datacenter,Datacenter,1.32,33.3551518940271,-111.635196609262,AZ,MW,0.0014360642500461567,0.49707249917727087
Flex Data,Colocation Datacenter,Datacenter,0.66,38.9520600654239,-77.3465428446076,VA,MW,7.176729293627365e-4,0.4155754666095678
HopOne Internet,Colocation Datacenter,Datacenter,0.528,38.9224674932821,-77.2273256311139,VA,MW,5.739946652260526e-4,0.4001521973645303
Amazon Web Services,Self-build Datacenter,Datacenter,2.64,38.8997945743747,-77.4532291717333,VA,MW,0.002872846891412997,0.5631704731174867
365 Data Centers,Colocation Datacenter,Datacenter,4.125,32.9761633518336,-96.7073307450492,TX,MW,0.004489227362950691,0.6094550459580442
CoreSite,Colocation Datacenter,Datacenter,66,38.9487843615661,-77.373413302198,VA,MW,0.07183841367702132,0.8365570995351937
Digital Realty,Colocation Datacenter,Datacenter,4.554,39.0033097638114,-77.4873147219522,VA,MW,0.004956181721394915,0.6164066142116034
DataBank,Colocation Datacenter,Datacenter,1.7820000000000003,38.920114098958,-77.2137029176194,VA,MW,0.001938938174524551,0.5332850275105172
Digital Realty,Colocation Datacenter,Datacenter,52.800000000000004,39.0059298852637,-77.4495454232878,VA,MW,0.05747058726335291,0.8181589709291481
Amazon Web Services,Self-build Datacenter,Datacenter,5.28,38.8978594910903,-77.4542525310375,VA,MW,0.0057464121741466765,0.6277315809533437
NTT Global Data Centers,Colocation Datacenter,Datacenter,10.56,37.3690230331216,-121.955232373268,CA,MW,0.011493542739614037,0.6880616533755357
DataBank,Colocation Datacenter,Datacenter,1.98,37.4072912226926,-121.966110997239,CA,MW,0.002154455570729577,0.5378026804166678
Amazon Web Services,Self-build Datacenter,Datacenter,3.6300000000000003,39.0281652689195,-77.4565791310336,VA,MW,0.003950433872438127,0.5981368065931115
NTT Global Data Centers,Colocation Datacenter,Datacenter,17.226000000000003,38.6504205114146,-121.491852203374,CA,MW,0.018749295078516578,0.7341534783917948
Amazon Web Services,Self-build Datacenter,Datacenter,5.28,38.9939047515494,-77.4506990173189,VA,MW,0.0057464121741466765,0.6277315809533437
Amazon Web Services,Self-build Datacenter,Datacenter,2.31,38.9908174334527,-77.4374520752124,VA,MW,0.0025136512310712867,0.5553540616822411
Amazon Web Services,Self-build Datacenter,Datacenter,3.96,38.7901046196433,-77.5478512153405,VA,MW,0.0043096295327798365,0.6014333584057593
Amazon Web Services,Self-build Datacenter,Datacenter,13.200000000000001,38.9890385501589,-77.4476547868572,VA,MW,0.014367108022347716,0.709905288357056
Amazon Web Services,Self-build Datacenter,Datacenter,8.91,38.7779709053443,-77.5585165894487,VA,MW,0.009697564437905487,0.674260782454463
Amazon Web Services,Self-build Datacenter,Datacenter,0.99,38.7904596947688,-77.5399074637736,VA,MW,0.0010768685897044467,0.46920446292403056
Amazon Web Services,Self-build Datacenter,Datacenter,1.122,39.0217452122731,-77.4347662445273,VA,MW,0.0012205468538411307,0.48922216070846786
Amazon Web Services,Self-build Datacenter,Datacenter,6.930000000000001,38.8155962124374,-77.6484114733689,VA,MW,0.007542390475855227,0.6564598479954593
Amazon Web Services,Self-build Datacenter,Datacenter,8.91,38.9864212414813,-77.4419601021994,VA,MW,0.009697564437905487,0.674260782454463
Amazon Web Services,Self-build Datacenter,Datacenter,5.28,38.7911574684988,-77.5479088171908,VA,MW,0.0057464121741466765,0.6277315809533437
Amazon Web Services,Self-build Datacenter,Datacenter,21.12,39.0184931175996,-77.4388774288351,VA,MW,0.022987803870548756,0.7478184255115174
Amazon Web Services,Self-build Datacenter,Datacenter,12.870000000000001,39.0298233086023,-77.4597252382825,VA,MW,0.014007912362006006,0.7089243013965414
Amazon Web Services,Self-build Datacenter,Datacenter,2.31,38.9907613115077,-77.448504602199307,VA,MW,0.0025136512310712867,0.5553540616822411
STACK Infrastructure,Colocation Datacenter,Datacenter,5.94,37.4027178158405,-121.893205543961,CA,MW,0.006464803494830097,0.6344822178279486
Amazon Web Services,Self-build Datacenter,Datacenter,14.520000000000001,38.9968597958958,-77.4353131576703,VA,MW,0.015803890663714557,0.7206088212890822
Amazon Web Services,Self-build Datacenter,Datacenter,3.3000000000000003,39.0287685021023,-77.4585446021981,VA,MW,0.0035912382120964165,0.5864688078909632
Amazon Web Services,Self-build Datacenter,Datacenter,40.59,38.9174569577438,-77.4949268223593,VA,MW,0.04418034783070965,0.800398704830724
Amazon Web Services,Self-build Datacenter,Datacenter,15.84,38.7440248908081,-77.530405973371,VA,MW,0.017240673305081396,0.7248045581963534
Equinix,Colocation Datacenter,Datacenter,13.200000000000001,37.2433274967876,-121.783895817668,CA,MW,0.014367108022347716,0.709905288357056
Amazon Web Services,Self-build Datacenter,Datacenter,30.360000000000003,39.0267070010165,-77.4504928134945,VA,MW,0.03304528236011664,0.7778544155721873
Digital Realty,Colocation Datacenter,Datacenter,31.68,37.371067319022,-121.946957288752,CA,MW,0.03448206500148348,0.7807847652914531
Digital Realty,Colocation Datacenter,Datacenter,4.488,41.9268582715634,-87.8586350028831,IL,MW,0.004884342589326573,0.615581999585273
Digital Realty,Colocation Datacenter,Datacenter,8.58,37.7237976924694,-122.398072095461,CA,MW,0.009338368777563777,0.6715931398612669
Amazon Web Services,Self-build Datacenter,Datacenter,17.16,39.0201931422677,-77.4336718288351,VA,MW,0.018677455946448235,0.7332636685184721
NTT Global Data Centers,Colocation Datacenter,Datacenter,8.316,38.6505839081455,-121.489395321799,CA,MW,0.009051012249290408,0.6701050713659765
Amazon Web Services,Self-build Datacenter,Datacenter,8.91,38.7778063368387,-77.5577454555701,VA,MW,0.009697564437905487,0.674260782454463
STACK Infrastructure,Colocation Datacenter,Datacenter,21.12,37.402695001609,-121.892481181978,CA,MW,0.022987803870548756,0.7478184255115174
Amazon Web Services,Self-build Datacenter,Datacenter,1.98,38.9915487529877,-77.4364283242646,VA,MW,0.002154455570729577,0.5378026804166678
Amazon Web Services,Self-build Datacenter,Datacenter,32.01,38.9482115591366,-77.5198588176186,VA,MW,0.03484126066182519,0.7843788925175303
Amazon Web Services,Self-build Datacenter,Datacenter,26.400000000000002,38.7795976157978,-77.5426120202652,VA,MW,0.02873493443601612,0.7650522155526219
Element Critical,Colocation Datacenter,Datacenter,6.6000000000000005,37.3721773535252,-121.9875660022,CA,MW,0.007183194815513517,0.6455658398812243
Amazon Web Services,Self-build Datacenter,Datacenter,3.3000000000000003,38.9917433815376,-77.448038713844,VA,MW,0.0035912382120964165,0.5864688078909632
Amazon Web Services,Self-build Datacenter,Datacenter,9.504000000000001,38.7924065934375,-77.5488763310406,VA,MW,0.010344116626520565,0.6820973962189433
Cologix,Colocation Datacenter,Datacenter,13.200000000000001,37.3655626493699,-121.961759359917,CA,MW,0.014367108022347716,0.709905288357056
Digital Realty,Colocation Datacenter,Datacenter,13.662,41.9268503675005,-87.8594737787025,IL,MW,0.01486998194682611,0.7175205170333293
Amazon Web Services,Self-build Datacenter,Datacenter,6.930000000000001,38.9871996158482,-77.4426773021994,VA,MW,0.007542390475855227,0.6564598479954593
CoreSite,Colocation Datacenter,Datacenter,54.516,37.3750926722579,-121.969819547204,CA,MW,0.0593384046971298,0.8237174314286476
Amazon Web Services,Self-build Datacenter,Datacenter,9.24,38.9917015243574,-77.4415103576702,VA,MW,0.010056760098247196,0.6772969633617073
Amazon Web Services,Self-build Datacenter,Datacenter,5.94,39.0051094937814,-77.4858025310344,VA,MW,0.006464803494830097,0.6344822178279486
Amazon Web Services,Self-build Datacenter,Datacenter,21.78,38.8151659339222,-77.6530152271399,VA,MW,0.02370619519123218,0.7529529397232753
Amazon Web Services,Self-build Datacenter,Datacenter,21.78,39.036262505319,-77.4500944,VA,MW,0.02370619519123218,0.7529529397232753
Amazon Web Services,Self-build Datacenter,Datacenter,13.200000000000001,38.7604694172733,-77.5192318157781,VA,MW,0.014367108022347716,0.709905288357056
M5 Hosting,Colocation Datacenter,Datacenter,0.5940000000000001,32.8969724577255,-117.201228232052,CA,MW,6.458337972943946e-4,0.4101907163362423
Evocative,Colocation Datacenter,Datacenter,0.35640000000000005,37.8468123852571,-122.293384531068,CA,MW,3.8721292184836344e-4,0.3739699395553593
Digital West,Colocation Datacenter,Datacenter,0.066,35.2553509448277,-120.64149799623,CA,MW,7.112074074765859e-5,0.1721534085159869
365 Data Centers,Colocation Datacenter,Datacenter,1.584,38.5925979572962,-121.272071386948,CA,MW,0.0017234207783195247,0.5212325990682144
ServerFarm,Colocation Datacenter,Datacenter,7.92,33.9218099851667,-118.386526586998,CA,MW,0.008619977456880357,0.66263248323203
Fibernet,Colocation Datacenter,Datacenter,3.96,37.3335774780202,-121.90465820392,CA,MW,0.0043096295327798365,0.6014333584057593
Amazon Web Services,Self-build Datacenter,Datacenter,33.528,37.3904415178526,-121.965963373488,CA,MW,0.036493560699397055,0.7896262007205321
Evocative,Colocation Datacenter,Datacenter,0.99,37.3781212651875,-121.954304722387,CA,MW,0.0010768685897044467,0.46920446292403056
CoreSite,Colocation Datacenter,Datacenter,11.88,34.0589009939677,-118.235112542328,CA,MW,0.012930325380980877,0.6991736673911049
Hurricane Electric,Colocation Datacenter,Datacenter,4.62,37.4720094813489,-121.92014278875,CA,MW,0.005028020853463257,0.6168196233655726
INAP,Colocation Datacenter,Datacenter,1.98,37.3896891015395,-121.962086944574,CA,MW,0.002154455570729577,0.5378026804166678
DataBank,Colocation Datacenter,Datacenter,26.400000000000002,39.018165911179,-77.4817562423289,VA,MW,0.02873493443601612,0.7650522155526219
Data Canopy,Self-build Datacenter,Datacenter,0.396,37.7794885970113,-122.394105288703,CA,MW,4.3031640108936856e-4,0.37692711334378215
Spacelink,Self-build Datacenter,Datacenter,0.066,32.8303395779647,-117.136803531204,CA,MW,7.112074074765859e-5,0.1721534085159869
VPLS,Colocation Datacenter,Datacenter,1.98,33.7300971660693,-117.852162887003,CA,MW,0.002154455570729577,0.5378026804166678
Wave Business,Colocation Datacenter,Datacenter,0.66,37.4157951924444,-122.082025230845,CA,MW,7.176729293627365e-4,0.4155754666095678
ScaleMatrix,Colocation Datacenter,Datacenter,1.6500000000000001,32.8383533188209,-117.133131458191,CA,MW,0.0017952599103878667,0.5253577947705927
Quest Technology Management,Colocation Datacenter,Datacenter,1.584,38.7909511475629,-121.317801287054,CA,MW,0.0017234207783195247,0.5212325990682144
DataBank,Colocation Datacenter,Datacenter,5.28,33.6880608057891,-117.842439388929,CA,MW,0.0057464121741466765,0.6277315809533437
Cogent Communications,Colocation Datacenter,Datacenter,0.33,32.7177172939958,-117.15962342933,CA,MW,3.584772690210266e-4,0.33446925260026933
Prime Data Centers,Colocation Datacenter,Datacenter,13.200000000000001,37.6262170625138,-122.113445615678,CA,MW,0.014367108022347716,0.709905288357056
Cologix,Colocation Datacenter,Datacenter,0.99,32.8010577183237,-96.8193835102513,TX,MW,0.0010768685897044467,0.46920446292403056
DataBank,Colocation Datacenter,Datacenter,6.732,32.9881916549968,-117.073335717783,CA,MW,0.007326873079650201,0.65521092869005
Evocative,Colocation Datacenter,Datacenter,0.495,37.338477742688,-121.910494505697,CA,MW,5.380750991918815e-4,0.3964431014066308
OpenColo,Colocation Datacenter,Datacenter,5.61,37.379151608481,-121.956259131081,CA,MW,0.006105607834488387,0.6331785427398509
Hurricane Electric,Colocation Datacenter,Datacenter,0.66,37.4901901746077,-121.931055631155,CA,MW,7.176729293627365e-4,0.4155754666095678
Quest Technology Management,Colocation Datacenter,Datacenter,8.25,38.6442131279114,-121.407672275819,CA,MW,0.008979173117222067,0.6692821621543139
Centersquare,Colocation Datacenter,Datacenter,2.64,32.9047644191678,-117.198925399389,CA,MW,0.002872846891412997,0.5631704731174867
365 Data Centers,Colocation Datacenter,Datacenter,0.5478,38.9346324007099,-77.4287337175431,VA,MW,5.955464048465551e-4,0.40760485913422595
DataBank,Colocation Datacenter,Datacenter,1.7820000000000003,33.6906105280452,-117.840575702346,CA,MW,0.001938938174524551,0.5332850275105172
365 Data Centers,Colocation Datacenter,Datacenter,1.7820000000000003,38.5963570296019,-121.272482731046,CA,MW,0.001938938174524551,0.5332850275105172
Conscious Data Centers,Colocation Datacenter,Datacenter,3.3000000000000003,38.5870436688509,-121.282240970945,CA,MW,0.0035912382120964165,0.5864688078909632
Apple,Self-build Datacenter,Datacenter,46.219800000000006,39.5677624126629,-119.543184025986,NV,MW,0.050308225796139215,0.8062943809399843
Cogent Communications,Colocation Datacenter,Datacenter,0.6336,32.8805290212033,-117.209541285636,CA,MW,6.889372765353998e-4,0.4146821409619919
Cogent Communications,Colocation Datacenter,Datacenter,0.99,34.1684140036773,-118.08897267139,CA,MW,0.0010768685897044467,0.46920446292403056
Digital Realty,Colocation Datacenter,Datacenter,8.448,41.9284282663487,-87.859268627431,IL,MW,0.009194690513427094,0.6709306834690454
CyrusOne,Colocation Datacenter,Datacenter,5.94,41.8492140953722,-88.0294712366345,IL,MW,0.006464803494830097,0.6344822178279486
Cogent Communications,Colocation Datacenter,Datacenter,0.066,33.8318100049741,-117.91821790242,CA,MW,7.112074074765859e-5,0.1721534085159869
QuadraNet,Colocation Datacenter,Datacenter,1.98,34.0485007370028,-118.255169333021,CA,MW,0.002154455570729577,0.5378026804166678
DataBank,Colocation Datacenter,Datacenter,0.396,32.8099170716893,-117.120918681878,CA,MW,4.3031640108936856e-4,0.37692711334378215
DataBank,Colocation Datacenter,Datacenter,1.17744,34.0479517501471,-118.255451749023,CA,MW,0.001280891724778538,0.49191826384182963
Datacate,Colocation Datacenter,Datacenter,0.5940000000000001,38.594503157675,-121.268312926968,CA,MW,6.458337972943946e-4,0.4101907163362423
Cogent Communications,Colocation Datacenter,Datacenter,0.46199999999999997,33.8797146949917,-118.026643280077,CA,MW,5.021555331577106e-4,0.3902747392171655
Sungard Availability Services,Colocation Datacenter,Datacenter,0.33,33.8049606229447,-118.014548231179,CA,MW,3.584772690210266e-4,0.33446925260026933
Fortress,Colocation Datacenter,Datacenter,2.64,37.7826320338169,-122.391864362216,CA,MW,0.002872846891412997,0.5631704731174867
Prime Data Centers,Colocation Datacenter,Datacenter,69.96000000000001,38.643538341155,-121.406874588792,CA,MW,0.07614876160112183,0.8411690034466621
Digital Realty,Colocation Datacenter,Datacenter,19.008000000000003,33.7466961844568,-84.5797268082177,GA,MW,0.020688951644361814,0.7393562712268004
Hivelocity,Colocation Datacenter,Datacenter,0.66,34.0481121377567,-118.25543270426,CA,MW,7.176729293627365e-4,0.4155754666095678
Psychz Networks,Colocation Datacenter,Datacenter,0.46199999999999997,34.047768769566,-118.256846560008,CA,MW,5.021555331577106e-4,0.3902747392171655
Flexential,Colocation Datacenter,Datacenter,0.9042000000000001,36.1683538545507,-115.143157044828,NV,MW,9.834777180156022e-4,0.46600279670188527
Flexential,Colocation Datacenter,Datacenter,15.84,33.0075677292901,-96.6663440891228,TX,MW,0.017240673305081396,0.7248045581963534
Switch,Colocation Datacenter,Datacenter,33,36.0579221144688,-115.214249475166,NV,MW,0.03591884764285032,0.7862093600561548
Hivelocity,Colocation Datacenter,Datacenter,0.99,34.047540798006096,-118.257532435994,CA,MW,0.0010768685897044467,0.46920446292403056
Aecero,Colocation Datacenter,Datacenter,0.33,33.8489008187976,-117.970830186017,CA,MW,3.584772690210266e-4,0.33446925260026933
Fireline Broadband,Colocation Datacenter,Datacenter,0.46199999999999997,34.0622774745741,-118.358577731172,CA,MW,5.021555331577106e-4,0.3902747392171655
Lumen Technologies,Colocation Datacenter,Datacenter,1.98,33.7166800963976,-117.805760085231,CA,MW,0.002154455570729577,0.5378026804166678
CyrusOne,Colocation Datacenter,Datacenter,36.96,33.1385150267185,-96.6604613707832,TX,MW,0.04022919556695084,0.7947461664065807
Cogent Communications,Colocation Datacenter,Datacenter,0.5940000000000001,37.8059111000721,-122.268266675247,CA,MW,6.458337972943946e-4,0.4101907163362423
Cogent Communications,Colocation Datacenter,Datacenter,1.32,40.7055178288954,-74.0137684309837,NY,MW,0.0014360642500461567,0.49707249917727087
Roller Network,Colocation Datacenter,Datacenter,0.013200000000000002,39.4692809078221,-119.769454629077,NV,MW,1.364943509298498e-5,0.0865566768730906
FiberHub,Colocation Datacenter,Datacenter,0.132,36.0661580979114,-115.138294680672,NV,MW,1.4295987281600058e-4,0.24754281120651617
Switch,Colocation Datacenter,Datacenter,18.48,36.0557232508056,-115.220142904525,NV,MW,0.020114238587815077,0.7379844818409318
Switch,Colocation Datacenter,Datacenter,10.56,36.0555741402825,-115.222636237891,NV,MW,0.011493542739614037,0.6880616533755357
SMS Data Center,Colocation Datacenter,Datacenter,0.132,33.6832832038737,-117.84392948885299,CA,MW,1.4295987281600058e-4,0.24754281120651617
NFINIT,Colocation Datacenter,Datacenter,0.66,32.8951900366429,-117.201429841777,CA,MW,7.176729293627365e-4,0.4155754666095678
Lumen Technologies,Colocation Datacenter,Datacenter,0.33,38.5918448736313,-121.488037659882,CA,MW,3.584772690210266e-4,0.33446925260026933
Consolidated Communications,Colocation Datacenter,Datacenter,0.33,38.6601019232163,-121.385390406377,CA,MW,3.584772690210266e-4,0.33446925260026933
TurnKey Internet,Self-build Datacenter,Datacenter,0.99,34.0485991292637,-118.255083090899,CA,MW,0.0010768685897044467,0.46920446292403056
Switch,Colocation Datacenter,Datacenter,9.075000000000001,36.0559001479172,-115.214215160209,NV,MW,0.009877162268076342,0.6764497697811769
CARI.net,Colocation Datacenter,Datacenter,0.33,32.8295135201155,-117.133680821601,CA,MW,3.584772690210266e-4,0.33446925260026933
Psychz Networks,Colocation Datacenter,Datacenter,0.66,34.0489017732505,-118.257517073579,CA,MW,7.176729293627365e-4,0.4155754666095678
LV.Net,Self-build Datacenter,Datacenter,0.033,36.1575913792451,-115.113972676437,NV,MW,3.5201174713487585e-5,0.12072065583645451
Digital Realty,Colocation Datacenter,Datacenter,7.92,40.8916651495486,-74.2296660867998,NJ,MW,0.008619977456880357,0.66263248323203
KIO Networks,Colocation Datacenter,Datacenter,6.336,19.628836777525,-99.1480113855405,NA,MW,0.006895838287240149,0.6416773642125759
Alchemy,Colocation Datacenter,Datacenter,1.32,33.6813207851915,-117.841879260018,CA,MW,0.0014360642500461567,0.49707249917727087
Xfernet,Colocation Datacenter,Datacenter,0.33,34.0615078744027,-118.293301614393,CA,MW,3.584772690210266e-4,0.33446925260026933
Lumen Technologies,Colocation Datacenter,Datacenter,1.98,37.3735046783654,-121.987611886904,CA,MW,0.002154455570729577,0.5378026804166678
NFINIT,Colocation Datacenter,Datacenter,2.64,32.8279439452441,-117.130110276755,CA,MW,0.002872846891412997,0.5631704731174867
Cologix,Colocation Datacenter,Datacenter,0.8250000000000001,32.800933544005,-96.8197865341647,TX,MW,8.972707595335917e-4,0.46160156089888477
IC2NET,Colocation Datacenter,Datacenter,0.33,33.7173310972613,-117.803262388852,CA,MW,3.584772690210266e-4,0.33446925260026933
Consolidated Communications,Colocation Datacenter,Datacenter,0.33,38.6974362409282,-121.283023715615,CA,MW,3.584772690210266e-4,0.33446925260026933
CoreSite,Colocation Datacenter,Datacenter,25.740000000000002,40.7845146723995,-74.0651493420979,NJ,MW,0.0280165431153327,0.7637214897056672
Flexential,Colocation Datacenter,Datacenter,4.356,32.800492710882,-96.8195418288353,TX,MW,0.004740664325189888,0.6123018693704554
QuadraNet,Colocation Datacenter,Datacenter,0.33,33.9458701818718,-118.393526609204,CA,MW,3.584772690210266e-4,0.33446925260026933
Lumen Technologies,Colocation Datacenter,Datacenter,0.66,37.3771848319134,-121.952042959917,CA,MW,7.176729293627365e-4,0.4155754666095678
Alchemy,Colocation Datacenter,Datacenter,0.66,34.0512292564896,-118.26596555627,CA,MW,7.176729293627365e-4,0.4155754666095678
Switch,Colocation Datacenter,Datacenter,1.32,36.0591434776288,-115.21367126505,NV,MW,0.0014360642500461567,0.49707249917727087
CoreSite,Colocation Datacenter,Datacenter,1.584,40.7201968480966,-74.0048229039958,NY,MW,0.0017234207783195247,0.5212325990682144
Flexential,Colocation Datacenter,Datacenter,7.425000000000001,36.2481799806594,-115.10125515646,NV,MW,0.008081183966367792,0.6610360872394155
Ascenty,Colocation Datacenter,Datacenter,16.5,20.6599105,-100.1054769,NA,MW,0.017959064625764815,0.7301827761839543
Verizon,Self-build Datacenter,Datacenter,0.28974,36.0281338389299,-115.088951749714,NV,MW,0.00031465539845933796,0.3303889965615269
Ascenty,Colocation Datacenter,Datacenter,13.200000000000001,20.5917773200362,-100.154902165462,NA,MW,0.014367108022347716,0.709905288357056
Colocation America,Colocation Datacenter,Datacenter,0.264,34.0486642500113,-118.255578201758,CA,MW,2.8663813695268463e-4,0.315989724875794
DataBank,Colocation Datacenter,Datacenter,0.957,32.8004860644587,-96.8194610291128,TX,MW,0.0010409490236702756,0.4682566449842307
Amazon Web Services,Self-build Datacenter,Datacenter,59.400000000000006,38.9044492647346,-77.4532967315576,VA,MW,0.06465450047018712,0.828267322110371
365 Data Centers,Colocation Datacenter,Datacenter,1.518,40.5816231171621,-74.5738806021514,NJ,MW,0.0016515816462511826,0.5199379760614532
365 Data Centers,Colocation Datacenter,Datacenter,0.396,40.7073192400957,-74.0123933444765,NY,MW,4.3031640108936856e-4,0.37692711334378215
365 Data Centers,Colocation Datacenter,Datacenter,6.2700000000000005,40.8293441907897,-74.0493652040674,NJ,MW,0.0068239991551718076,0.6409353607160034
DataBank,Colocation Datacenter,Datacenter,4.62,32.7783435222,-96.7986814826624,TX,MW,0.005028020853463257,0.6168196233655726
Centersquare,Colocation Datacenter,Datacenter,6.6000000000000005,32.9120768055566,-96.8706857172141,TX,MW,0.007183194815513517,0.6455658398812243
DataBank,Colocation Datacenter,Datacenter,0.4884,40.7179282065066,-74.0082629868842,NY,MW,5.308911859850474e-4,0.39591049123597416
Russo Development,Colocation Datacenter,Datacenter,3.3000000000000003,40.830822224858,-74.0559206598916,NJ,MW,0.0035912382120964165,0.5864688078909632
Equinix,Colocation Datacenter,Datacenter,7.92,-23.4638894447879,-46.8627494144751,NA,MW,0.008619977456880357,0.66263248323203
CloudHQ,Colocation Datacenter,Datacenter,12.705,38.7477363380259,-77.5317490022828,VA,MW,0.013828314531835152,0.7087286659423112
Evocative,Colocation Datacenter,Datacenter,1.1880000000000002,41.1807756418263,-73.7549865516219,NY,MW,0.0012923859859094728,0.49273851559360243
ODATA,Colocation Datacenter,Datacenter,17.82,-33.3072854580355,-70.7282951073198,NA,MW,0.019395847267131658,0.7359462199784954
Long Island Interconnect,Colocation Datacenter,Datacenter,1.0230000000000001,40.7554975457466,-73.5580079277278,NY,MW,0.0011127881557386177,0.4847633816909252
ODATA,Colocation Datacenter,Datacenter,2.112,-23.5017906021629,-46.8251036728492,NA,MW,0.0022981338348662607,0.5517184480891771
DataBank,Colocation Datacenter,Datacenter,35.31,33.0876606290899,-96.8152825711431,TX,MW,0.03843321726524229,0.7921631350359036
SBA Edge,Colocation Datacenter,Datacenter,1.7160000000000002,-23.6465680797677,-46.7175243871612,NA,MW,0.0018670990424562088,0.532098961937512
Scala,Colocation Datacenter,Datacenter,14.124,-23.4949599281227,-46.81132823681,NA,MW,0.015372855871304504,0.719367642963019
ODATA,Colocation Datacenter,Datacenter,21.12,20.5881169710791,-100.200118830427,NA,MW,0.022987803870548756,0.7478184255115174
ASAP Telecom,Colocation Datacenter,Datacenter,0.66,-23.6316474819708,-46.7113084312327,NA,MW,7.176729293627365e-4,0.4155754666095678
Ascenty,Colocation Datacenter,Datacenter,16.5,-22.8957947990017,-47.1817712643951,NA,MW,0.017959064625764815,0.7301827761839543
Scala,Colocation Datacenter,Datacenter,3.96,-23.4975792043028,-46.8145877734795,NA,MW,0.0043096295327798365,0.6014333584057593
DataBank,Colocation Datacenter,Datacenter,0.6204,32.9228855480193,-96.7912922002035,TX,MW,6.745694501217313e-4,0.41378719278131315
Equinix,Colocation Datacenter,Datacenter,19.552500000000002,32.8015538985107,-96.8210523441994,TX,MW,0.021281624483925635,0.7418989669920812
Opti9,Colocation Datacenter,Datacenter,1.6500000000000001,40.7230863355632,-73.6316189156405,NY,MW,0.0017952599103878667,0.5253577947705927
eStruxture,Colocation Datacenter,Datacenter,3.5639999999999934,45.4457634184155,-73.8692813515153,NA,MW,0.003878594740369777,0.5968252848837857
365 Data Centers,Colocation Datacenter,Datacenter,3.96,40.8227766357663,-73.2916361732838,NY,MW,0.0043096295327798365,0.6014333584057593
Ascenty,Colocation Datacenter,Datacenter,16.5,-22.8955466618447,-47.1802026465316,NA,MW,0.017959064625764815,0.7301827761839543
DataBank,Colocation Datacenter,Datacenter,26.400000000000002,41.0403095463003,-73.9898683444663,NY,MW,0.02873493443601612,0.7650522155526219
DataBank,Colocation Datacenter,Datacenter,1.98,40.5494387576243,-74.4582413020511,NJ,MW,0.002154455570729577,0.5378026804166678
DataBank,Colocation Datacenter,Datacenter,0.44484000000000007,32.8387688260122,-96.8650081000917,TX,MW,4.834773588199417e-4,0.38946295323835733
Marcatel,Self-build Datacenter,Datacenter,0.05280000000000001,20.3763848914668,-100.015850990949,NA,MW,5.675291433399018e-5,0.1678782234493634
Bovespa,Colocation Datacenter,Datacenter,6.6000000000000005,-23.466285050635,-46.8640944259243,NA,MW,0.007183194815513517,0.6455658398812243
DataBank,Colocation Datacenter,Datacenter,2.64,32.8216841587782,-96.8734662093434,TX,MW,0.002872846891412997,0.5631704731174867
Ascenty,Colocation Datacenter,Datacenter,0.99,-22.8948611936607,-47.1789479461853,NA,MW,0.0010768685897044467,0.46920446292403056
UANL,Self-build Datacenter,Datacenter,0.013200000000000002,25.7252035533105,-100.310805853404,NA,MW,1.364943509298498e-5,0.0865566768730906
365 Data Centers,Colocation Datacenter,Datacenter,0.8580000000000001,42.884220172732,-78.875409844406,NY,MW,9.331903255677627e-4,0.46326887931108013
11:11 Systems,Colocation Datacenter,Datacenter,2.64,40.8282494064535,-74.0435177103049,NJ,MW,0.002872846891412997,0.5631704731174867
BBVA,Self-build Datacenter,Datacenter,7.260000000000001,19.543706878906,-99.27611243997,NA,MW,0.007901586136196938,0.6588171395044857
DataBank,Colocation Datacenter,Datacenter,3.7620000000000005,32.9663240878808,-96.7111745521417,TX,MW,0.004094112136574811,0.599715942615646
DataBank,Colocation Datacenter,Datacenter,0.4494599999999994,40.7415550761969,-74.0030247715429,NY,MW,4.88506098064725e-4,0.39000433462503614
Scala,Colocation Datacenter,Datacenter,4.62,-22.8206556993945,-47.0998712535967,NA,MW,0.005028020853463257,0.6168196233655726
Centersquare,Colocation Datacenter,Datacenter,7.92,33.0950977112305,-96.6836824003568,TX,MW,0.008619977456880357,0.66263248323203
eStruxture,Colocation Datacenter,Datacenter,3.96,43.8208178458645,-79.2397189444163,NA,MW,0.0043096295327798365,0.6014333584057593
HostDime,Colocation Datacenter,Datacenter,0.99,-7.1173532537458,-34.8567912576485,NA,MW,0.0010768685897044467,0.46920446292403056
Angola Cables,Colocation Datacenter,Datacenter,0.33,-3.73884778215255,-38.4572881090148,NA,MW,3.584772690210266e-4,0.33446925260026933
CSU,Self-build Datacenter,Datacenter,1.1880000000000002,-23.5693448766978,-46.6924656239676,NA,MW,0.0012923859859094728,0.49273851559360243
Digital Realty,Colocation Datacenter,Datacenter,9.24,37.3619110864854,-121.946322745871,CA,MW,0.010056760098247196,0.6772969633617073
CorScale,Colocation Datacenter,Datacenter,215.16,38.8025672164097,-77.5851599109402,VA,MW,0.23419485215147426,0.9224106674578288
Codemig,Self-build Datacenter,Datacenter,0.66,-19.9266930986741,-43.9210406208664,NA,MW,7.176729293627365e-4,0.4155754666095678
Unifique,Colocation Datacenter,Datacenter,1.32,-26.8193486126052,-49.2729234690612,NA,MW,0.0014360642500461567,0.49707249917727087
Dataprev,Self-build Datacenter,Datacenter,0.3366,-23.5373315389105,-46.6109767689702,NA,MW,3.656611822278608e-4,0.3734037273494115
TierPoint,Colocation Datacenter,Datacenter,2.31,41.0883745031938,-73.8153367733003,NY,MW,0.0025136512310712867,0.5553540616822411
TierPoint,Colocation Datacenter,Datacenter,1.32,41.0866316662965,-73.8174183867938,NY,MW,0.0014360642500461567,0.49707249917727087
Elea Data Centers,Colocation Datacenter,Datacenter,0.66,-25.4246998353662,-49.281119258047,NA,MW,7.176729293627365e-4,0.4155754666095678
Bradesco,Self-build Datacenter,Datacenter,1.32,-23.4869659061,-46.8568429016652,NA,MW,0.0014360642500461567,0.49707249917727087
STACK Infrastructure,Colocation Datacenter,Datacenter,410.52000000000004,38.7448116199091,-77.5347661317893,VA,MW,0.44683868307376656,0.9560609108550308
TOTVS,Colocation Datacenter,Datacenter,1.6500000000000001,-23.5085338088219,-46.6514172937508,NA,MW,0.0017952599103878667,0.5253577947705927
eStruxture,Colocation Datacenter,Datacenter,13.200000000000001,51.2015133081619,-113.932733144535,NA,MW,0.014367108022347716,0.709905288357056
eStruxture,Colocation Datacenter,Datacenter,2.64,43.6015128118196,-79.5369315579581,NA,MW,0.002872846891412997,0.5631704731174867
SKY,Self-build Datacenter,Datacenter,1.1880000000000002,-22.6902136129979,-47.013519813584,NA,MW,0.0012923859859094728,0.49273851559360243
Elea Data Centers,Colocation Datacenter,Datacenter,1.122,-22.9683027703246,-43.3805634855375,NA,MW,0.0012205468538411307,0.48922216070846786
NextStreamDC,Colocation Datacenter,Datacenter,3.96,-23.4680966502062,-46.858279373609,NA,MW,0.0043096295327798365,0.6014333584057593
Angola Cables,Colocation Datacenter,Datacenter,1.3134000000000001,-3.73540652841558,-38.4619540723107,NA,MW,0.0014288803368393225,0.496955390627259
1547 Critical Systems Realty,Colocation Datacenter,Datacenter,31.218,41.0347021625014,-73.9759261328218,NY,MW,0.03397919107700508,0.7804891412155349
Elea Data Centers,Colocation Datacenter,Datacenter,2.0460000000000003,-15.7895001860703,-47.9114936044808,NA,MW,0.0022262947027979186,0.5503895357677484
ITAU,Self-build Datacenter,Datacenter,5.94,-22.4907854705063,-46.9704943367385,NA,MW,0.006464803494830097,0.6344822178279486
Telehouse Canada,Colocation Datacenter,Datacenter,13.200000000000001,43.644836454531,-79.3842170732973,NA,MW,0.014367108022347716,0.709905288357056
Embratel,Colocation Datacenter,Datacenter,3.3000000000000003,-23.5421749376968,-46.709471541669,NA,MW,0.0035912382120964165,0.5864688078909632
eStruxture,Colocation Datacenter,Datacenter,1.221,43.6476274551563,-79.3840443943838,NA,MW,0.0013283055519436437,0.495667121952323
ITAU,Self-build Datacenter,Datacenter,4.62,-22.4908647729781,-46.979603118656,NA,MW,0.005028020853463257,0.6168196233655726
Santander,Self-build Datacenter,Datacenter,4.62,-22.8040050753208,-47.0620931911961,NA,MW,0.005028020853463257,0.6168196233655726
eStruxture,Colocation Datacenter,Datacenter,0.264,45.5024811527875,-73.5654987309063,NA,MW,2.8663813695268463e-4,0.315989724875794
Elea Data Centers,Colocation Datacenter,Datacenter,1.8479999999999999,-15.7884110331828,-47.8855014043842,NA,MW,0.0020107773065928926,0.5353039393158621
Go Telecom!,Colocation Datacenter,Datacenter,0.66,-22.9748941348333,-43.3663889639417,NA,MW,7.176729293627365e-4,0.4155754666095678
Neoenergia,Self-build Datacenter,Datacenter,1.32,-12.9595843815071,-38.4355445711137,NA,MW,0.0014360642500461567,0.49707249917727087
Bradesco,Self-build Datacenter,Datacenter,2.64,-23.549018516386,-46.7725270142576,NA,MW,0.002872846891412997,0.5631704731174867
H5 Data Centers,Colocation Datacenter,Datacenter,0.99,45.5319169506808,-122.683976330828,OR,MW,0.0010768685897044467,0.46920446292403056
CSU,Self-build Datacenter,Datacenter,1.8479999999999999,-23.5163297733759,-46.85822870596,NA,MW,0.0020107773065928926,0.5353039393158621
Amazon Web Services,Self-build Datacenter,Datacenter,129.36,38.9221251352947,-77.4830306463789,VA,MW,0.14080398046262962,0.8901908614807073
Elea Data Centers,Colocation Datacenter,Datacenter,0.66,-30.0344288281147,-51.1911058296223,NA,MW,7.176729293627365e-4,0.4155754666095678
ArmazÃ©m,Colocation Datacenter,Datacenter,1.98,-26.2516262336158,-48.8755247278918,NA,MW,0.002154455570729577,0.5378026804166678
H5 Data Centers,Colocation Datacenter,Datacenter,3.8940000000000006,39.9625162567665,-75.164050119361,PA,MW,0.004237790400711494,0.6010364058804065
SONDA,Colocation Datacenter,Datacenter,1.6500000000000001,-19.942604725327,-44.0113009687972,NA,MW,0.0017952599103878667,0.5253577947705927
H5 Data Centers,Colocation Datacenter,Datacenter,1.32,40.451813980043,-79.9808578291422,PA,MW,0.0014360642500461567,0.49707249917727087
Interserver,Colocation Datacenter,Datacenter,0.396,40.786250878505,-74.0737780598162,NJ,MW,4.3031640108936856e-4,0.37692711334378215
H5 Data Centers,Colocation Datacenter,Datacenter,0.99,44.9715726957761,-93.1474040496303,MN,MW,0.0010768685897044467,0.46920446292403056
Prisma Medios de Pago,Self-build Datacenter,Datacenter,1.6500000000000001,-34.6397052551523,-58.4025904639937,NA,MW,0.0017952599103878667,0.5253577947705927
HostDime,Colocation Datacenter,Datacenter,0.33,20.6570656074297,-103.397309025185,NA,MW,3.584772690210266e-4,0.33446925260026933
IBM,Self-build Datacenter,Datacenter,2.64,20.5675258649454,-103.29290539324,NA,MW,0.002872846891412997,0.5631704731174867
H5 Data Centers,Colocation Datacenter,Datacenter,1.6500000000000001,40.7854420808301,-74.0749693444741,NJ,MW,0.0017952599103878667,0.5253577947705927
Verizon,Self-build Datacenter,Datacenter,3.3000000000000003,40.5558204539312,-74.7054917916126,NJ,MW,0.0035912382120964165,0.5864688078909632
LeFrak,Colocation Datacenter,Datacenter,6.6000000000000005,40.7269026226227,-74.0335673540715,NJ,MW,0.007183194815513517,0.6455658398812243
NetGlobalis,Colocation Datacenter,Datacenter,1.32,-33.3868554763246,-70.6163575497921,NA,MW,0.0014360642500461567,0.49707249917727087
Meta,Self-build Datacenter,Datacenter,435.6,36.4109198943398,-86.3692752245925,TN,MW,0.47413755325973655,0.958474136765082
Meta,Self-build Datacenter,Datacenter,76.56,39.3232636484797,-94.5888597163861,MO,MW,0.08333267480795603,0.8489649643306053
Morgan Stanley,Self-build Datacenter,Datacenter,3.3000000000000003,40.5397749645582,-74.5421923040762,NJ,MW,0.0035912382120964165,0.5864688078909632
New Jersey Fiber Exchange,Colocation Datacenter,Datacenter,8.316,40.1615938989068,-74.0531120058616,NJ,MW,0.009051012249290408,0.6701050713659765
JP Morgan,Self-build Datacenter,Datacenter,6.6000000000000005,41.0521668873012,-73.9716174075857,NY,MW,0.007183194815513517,0.6455658398812243
NextStreamDC,Colocation Datacenter,Datacenter,2.64,-33.4437604432694,-70.6578900784316,NA,MW,0.002872846891412997,0.5631704731174867
EdgeConneX,Colocation Datacenter,Datacenter,9.24,-33.296879607643,-70.7045688302137,NA,MW,0.010056760098247196,0.6772969633617073
DataVerge,Colocation Datacenter,Datacenter,4.95,40.6579014860473,-74.0049911174912,NY,MW,0.005387216513804967,0.6237746529530668
Ascenty,Colocation Datacenter,Datacenter,7.260000000000001,-33.3366861937861,-70.7060333215331,NA,MW,0.007901586136196938,0.6588171395044857
BBVA,Self-build Datacenter,Datacenter,0.33,-12.0934608054045,-77.0205811781497,NA,MW,3.584772690210266e-4,0.33446925260026933
Disaster Recovery,Colocation Datacenter,Datacenter,0.33,19.2589659679509,-99.5811715143056,NA,MW,3.584772690210266e-4,0.33446925260026933
Petrobras,Self-build Datacenter,Datacenter,3.96,-22.8488499712397,-43.2328706331147,NA,MW,0.0043096295327798365,0.6014333584057593
Fiserv,Self-build Datacenter,Datacenter,0.33,-34.6097515587426,-58.375282097714,NA,MW,3.584772690210266e-4,0.33446925260026933
Cirion,Colocation Datacenter,Datacenter,0.33,4.76320314504203,-74.0468152823238,NA,MW,3.584772690210266e-4,0.33446925260026933
Cirion,Colocation Datacenter,Datacenter,0.198,3.4686133066676,-76.5312273334544,NA,MW,2.1479900488434258e-4,0.2853188752906802
SONDA,Colocation Datacenter,Datacenter,1.98,4.67494185757417,-74.1549143028125,NA,MW,0.002154455570729577,0.5378026804166678
ARBA,Self-build Datacenter,Datacenter,0.66,-34.8877957719362,-58.0053283607321,NA,MW,7.176729293627365e-4,0.4155754666095678
SONDA,Colocation Datacenter,Datacenter,0.66,4.70162088028006,-74.0542131613502,NA,MW,7.176729293627365e-4,0.4155754666095678
Scala,Colocation Datacenter,Datacenter,23.1,-33.1384049258916,-71.560457080938,NA,MW,0.025142977832599018,0.7552021174680965
Telecom Argentina,Colocation Datacenter,Datacenter,0.33,-31.4036479096862,-64.2118430795532,NA,MW,3.584772690210266e-4,0.33446925260026933
Tecnoera,Colocation Datacenter,Datacenter,0.132,-33.0292100306466,-71.567518126124,NA,MW,1.4295987281600058e-4,0.24754281120651617
CyrusOne,Colocation Datacenter,Datacenter,83.16000000000001,29.4175695014725,-98.7877389024519,TX,MW,0.09051658801479023,0.8584627747661674
Somos,Colocation Datacenter,Datacenter,0.33,-33.4183426929277,-70.5995975725254,NA,MW,3.584772690210266e-4,0.33446925260026933
Megacable,Colocation Datacenter,Datacenter,3.3000000000000003,20.6122755140967,-103.281724644681,NA,MW,0.0035912382120964165,0.5864688078909632
QuadraNet,Colocation Datacenter,Datacenter,1.6500000000000001,40.7862757148117,-74.0742833309808,NJ,MW,0.0017952599103878667,0.5253577947705927
Cirion,Colocation Datacenter,Datacenter,2.31,-34.622884593803,-58.35762828835,NA,MW,0.0025136512310712867,0.5553540616822411
Equinix,Colocation Datacenter,Datacenter,8.58,20.5925342831313,-100.162796645952,NA,MW,0.009338368777563777,0.6715931398612669
Latechco,Colocation Datacenter,Datacenter,0.33,-34.9024426586434,-56.1341086151617,NA,MW,3.584772690210266e-4,0.33446925260026933
Lincoln Property Company,Colocation Datacenter,Datacenter,1.4520000000000002,41.1270931378658,-73.8624108131791,NY,MW,0.001579742514182841,0.5180563038110195
Meta,Self-build Datacenter,Datacenter,158.4,41.888150064178,-88.7210056829081,IL,MW,0.17241319857270013,0.9045708656771964
Fiserv,Self-build Datacenter,Datacenter,0.66,-34.6367988495428,-58.412883270667,NA,MW,7.176729293627365e-4,0.4155754666095678
Grupo Imagen,Self-build Datacenter,Datacenter,1.32,19.339040942375,-99.1816333504816,NA,MW,0.0014360642500461567,0.49707249917727087
Banorte,Self-build Datacenter,Datacenter,3.96,19.3139894309444,-99.1384339943573,NA,MW,0.0043096295327798365,0.6014333584057593
DRFortress,Colocation Datacenter,Datacenter,1.6500000000000001,21.3347803401109,-157.918255956234,HI,MW,0.0017952599103878667,0.5253577947705927
Microsoft,Self-build Datacenter,Datacenter,79.2,33.4090287711438,-112.364483038008,AZ,MW,0.08620624009068971,0.8504903198328608
Switch,Colocation Datacenter,Datacenter,0.48642,36.1436586044351,-115.076758794682,NV,MW,5.287360120229971e-4,0.39577722942475796
Verizon,Self-build Datacenter,Datacenter,29.040000000000003,32.972112228516004,-97.1567911489173,TX,MW,0.0316084997187498,0.7752648114330342
Datasur,Colocation Datacenter,Datacenter,0.33,5.74883185995414,-55.2824497880797,NA,MW,3.584772690210266e-4,0.33446925260026933
Daycohost,Colocation Datacenter,Datacenter,0.66,10.1601300183854,-67.9550057475154,NA,MW,7.176729293627365e-4,0.4155754666095678
Tigo,Colocation Datacenter,Datacenter,0.66,14.0475854333234,-87.1992795385473,NA,MW,7.176729293627365e-4,0.4155754666095678
PS Line,Colocation Datacenter,Datacenter,0.198,-25.2883152655184,-57.6016297034973,NA,MW,2.1479900488434258e-4,0.2853188752906802
Switch,Colocation Datacenter,Datacenter,0.07656,36.1432522757624,-115.077503398756,NV,MW,8.26150018785933e-5,0.2224355087605811
Claro,Self-build Datacenter,Datacenter,0.8580000000000001,-2.18893719201766,-79.8026721520246,NA,MW,9.331903255677627e-4,0.46326887931108013
CenturyLink,Colocation Datacenter,Datacenter,0.198,36.1439695384733,-115.083290857833,NV,MW,2.1479900488434258e-4,0.2853188752906802
Bancard,Self-build Datacenter,Datacenter,0.66,-25.2846286119586,-57.6017015010173,NA,MW,7.176729293627365e-4,0.4155754666095678
CenturyLink,Colocation Datacenter,Datacenter,0.21780000000000002,36.1446861982817,-115.081490636419,NV,MW,2.363507445048452e-4,0.30871675772651785
Grupo Popa,Colocation Datacenter,Datacenter,0.0792,14.091866489066,-87.1930802288896,NA,MW,8.548856716132698e-5,0.22301369796723533
Banesco,Self-build Datacenter,Datacenter,0.33,10.475490125252,-66.9493834497583,NA,MW,3.584772690210266e-4,0.33446925260026933
Prime Data Centers,Colocation Datacenter,Datacenter,21.78,34.001192553706,-118.231144739118,CA,MW,0.02370619519123218,0.7529529397232753
DataBank,Colocation Datacenter,Datacenter,0.528,31.5551457359401,-97.1334906576703,TX,MW,5.739946652260526e-4,0.4001521973645303
Wayscom,Colocation Datacenter,Datacenter,0.198,4.90196081960021,-52.3234283344283,NA,MW,2.1479900488434258e-4,0.2853188752906802
Banpro,Self-build Datacenter,Datacenter,0.8580000000000001,12.1340735976301,-86.2799995710573,NA,MW,9.331903255677627e-4,0.46326887931108013
Tigo,Colocation Datacenter,Datacenter,0.792,14.4691721110363,-90.4831064620059,NA,MW,8.613511934994207e-4,0.45478548622291065
Switch,Colocation Datacenter,Datacenter,19.8,36.0638996661852,-115.221234968868,NV,MW,0.021551021229181917,0.742365222627286
ITAIPU,Self-build Datacenter,Datacenter,0.66,-25.4285574708512,-54.6368192205489,NA,MW,7.176729293627365e-4,0.4155754666095678
GBM Guatemala,Colocation Datacenter,Datacenter,0.46199999999999997,14.5825438846238,-90.49455670284,NA,MW,5.021555331577106e-4,0.3902747392171655
Daycohost,Colocation Datacenter,Datacenter,0.33,10.481102888647,-66.8584038796443,NA,MW,3.584772690210266e-4,0.33446925260026933
Switch,Colocation Datacenter,Datacenter,0.13662,36.1427431323645,-115.076724127481,NV,MW,1.479886120607845e-4,0.26938022434803693
NTT Global Data Centers,Colocation Datacenter,Datacenter,221.76000000000002,38.8017069356719,-77.6108195589512,VA,MW,0.24137876535830846,0.9236234863079815
CNT,Colocation Datacenter,Datacenter,1.98,-2.19924331790255,-80.0854756314097,NA,MW,0.002154455570729577,0.5378026804166678
Tigo,Colocation Datacenter,Datacenter,1.6500000000000001,12.110030385909,-86.2800137280313,NA,MW,0.0017952599103878667,0.5253577947705927
Microsoft,Self-build Datacenter,Datacenter,79.2,33.4914572832674,-112.439825685654,AZ,MW,0.08620624009068971,0.8504903198328608
Banco Central de Honduras,Self-build Datacenter,Datacenter,0.66,15.5043351848316,-88.0261873826679,NA,MW,7.176729293627365e-4,0.4155754666095678
QTS Datacenters,Colocation Datacenter,Datacenter,59.400000000000006,29.4491553966867,-98.6531737720185,TX,MW,0.06465450047018712,0.828267322110371
Telconet,Colocation Datacenter,Datacenter,0.99,-0.113406799100026,-78.4734724409698,NA,MW,0.0010768685897044467,0.46920446292403056
Claro,Self-build Datacenter,Datacenter,0.66,-0.11221346521578,-78.4703823623802,NA,MW,7.176729293627365e-4,0.4155754666095678
Sabey Data Centers,Colocation Datacenter,Datacenter,47.52,30.4881689580358,-97.6468215423415,TX,MW,0.051723456697885556,0.807719986018711
Evocative,Colocation Datacenter,Datacenter,1.6500000000000001,33.1721244191959,-96.725505057671,TX,MW,0.0017952599103878667,0.5253577947705927
Tigo,Colocation Datacenter,Datacenter,0.66,-17.6953907427252,-63.154965111842,NA,MW,7.176729293627365e-4,0.4155754666095678
Banco Central de Honduras,Self-build Datacenter,Datacenter,0.66,14.071624039395,-87.2043338031442,NA,MW,7.176729293627365e-4,0.4155754666095678
Tigo,Colocation Datacenter,Datacenter,1.32,-25.3578650331597,-57.5709049212247,NA,MW,0.0014360642500461567,0.49707249917727087
Verizon,Self-build Datacenter,Datacenter,0.66,36.1447208236907,-115.07783058187,NV,MW,7.176729293627365e-4,0.4155754666095678
CNT,Colocation Datacenter,Datacenter,1.98,-0.273434683636514,-78.4740140349465,NA,MW,0.002154455570729577,0.5378026804166678
Telconet,Colocation Datacenter,Datacenter,0.99,-2.15300189053666,-79.9534075687082,NA,MW,0.0010768685897044467,0.46920446292403056
BAC Credomatic,Self-build Datacenter,Datacenter,0.33,14.0853469897178,-87.1729223612657,NA,MW,3.584772690210266e-4,0.33446925260026933
Banpro,Self-build Datacenter,Datacenter,0.132,12.473564324916,-85.659848072325,NA,MW,1.4295987281600058e-4,0.24754281120651617
STACK Infrastructure,Colocation Datacenter,Datacenter,118.80000000000001,38.7622698549561,-77.5147669925818,VA,MW,0.1293097193316949,0.8834827988820975
Grupo Popa,Colocation Datacenter,Datacenter,0.0792,15.5228694959173,-88.0263748237939,NA,MW,8.548856716132698e-5,0.22301369796723533
Flexential,Colocation Datacenter,Datacenter,1.1946,28.0373092876708,-82.5400259292773,FL,MW,0.001299569899116307,0.49543287424502636
Nap del Caribe,Colocation Datacenter,Datacenter,1.32,18.4529255644271,-69.6614204139889,NA,MW,0.0014360642500461567,0.49707249917727087
Flexential,Colocation Datacenter,Datacenter,4.752000000000001,40.1522055643105,-75.4776754951055,PA,MW,0.00517169911759994,0.6220928091743572
Banco de Costa Rica,Self-build Datacenter,Datacenter,0.792,9.93368461519842,-84.0812401647896,NA,MW,8.613511934994207e-4,0.45478548622291065
Lumen Technologies,Colocation Datacenter,Datacenter,2.31,32.8074114599516,-96.8685017134945,TX,MW,0.0025136512310712867,0.5553540616822411
Flexential,Colocation Datacenter,Datacenter,12.21,45.5580230336955,-122.916928243945,OR,MW,0.013289521041322586,0.7054309081452407
Flexential,Colocation Datacenter,Datacenter,2.508,39.3158821783374,-84.4496365220414,OH,MW,0.0027291686272763126,0.5619433565712149
Flexential,Colocation Datacenter,Datacenter,0.9174,30.2456837596874,-81.5818578289417,FL,MW,9.978455444292704e-4,0.46612152113201044
Flexential,Colocation Datacenter,Datacenter,0.66,39.5943569939192,-104.843154977368,CO,MW,7.176729293627365e-4,0.4155754666095678
Codisa,Colocation Datacenter,Datacenter,0.66,9.95586860738813,-84.0684356157255,NA,MW,7.176729293627365e-4,0.4155754666095678
Continum datacenters,Colocation Datacenter,Datacenter,0.66,10.4770228746362,-85.0620154812443,NA,MW,7.176729293627365e-4,0.4155754666095678
Flexential,Colocation Datacenter,Datacenter,0.9834,35.9724476820403,-86.8085278594514,TN,MW,0.0010696846764976125,0.4690860223580378
Flexential,Colocation Datacenter,Datacenter,5.28,35.9205818426381,-86.815516155879,TN,MW,0.0057464121741466765,0.6277315809533437
Flexential,Colocation Datacenter,Datacenter,2.079,35.9511430111252,-86.8332454355911,TN,MW,0.0022622142688320896,0.5514766667640251
ADN Datacenters,Colocation Datacenter,Datacenter,0.66,10.0002451625104,-84.186191081551,NA,MW,7.176729293627365e-4,0.4155754666095678
Flexential,Colocation Datacenter,Datacenter,0.5603400000000001,40.635714040005,-75.4575500198007,PA,MW,6.091958399395401e-4,0.4083821400355001
Flexential,Colocation Datacenter,Datacenter,1.32,35.135453680278,-80.9369455437809,NC,MW,0.0014360642500461567,0.49707249917727087
Grupo Mutual,Self-build Datacenter,Datacenter,0.066,9.92047323418524,-84.1387772321584,NA,MW,7.112074074765859e-5,0.1721534085159869
Flexential,Colocation Datacenter,Datacenter,3.96,34.0869607379065,-84.2520339256255,GA,MW,0.0043096295327798365,0.6014333584057593
Critical Colocation,Colocation Datacenter,Datacenter,0.46199999999999997,9.92950633646053,-84.0729057616471,NA,MW,5.021555331577106e-4,0.3902747392171655
Flexential,Colocation Datacenter,Datacenter,1.4586000000000001,33.954784748353,-84.1985512226816,GA,MW,0.0015869264273896749,0.5193497790640381
Instituto Nacional de Seguros,Self-build Datacenter,Datacenter,0.528,9.93693249480974,-84.073876822133,NA,MW,5.739946652260526e-4,0.4001521973645303
Banco Popular Costa Rica,Self-build Datacenter,Datacenter,0.792,9.93263097267682,-84.0781931992587,NA,MW,8.613511934994207e-4,0.45478548622291065
Flexential,Colocation Datacenter,Datacenter,1.98,39.6612277738755,-104.849460574086,CO,MW,0.002154455570729577,0.5378026804166678
Grupo Mutual,Self-build Datacenter,Datacenter,0.396,9.86181179815621,-83.9150543966353,NA,MW,4.3031640108936856e-4,0.37692711334378215
RECOPE,Self-build Datacenter,Datacenter,0.198,9.89550406551645,-83.9414391157368,NA,MW,2.1479900488434258e-4,0.2853188752906802
Radius DC,Colocation Datacenter,Datacenter,1.7820000000000003,39.7457614455244,-104.994442216599,CO,MW,0.001938938174524551,0.5332850275105172
Flexential,Colocation Datacenter,Datacenter,2.079,26.1900620508389,-80.1932436527957,FL,MW,0.0022622142688320896,0.5514766667640251
Flexential,Colocation Datacenter,Datacenter,23.76,45.5592824640691,-122.937834983566,OR,MW,0.025861369153282437,0.7567185933142181
Data Foundry,Colocation Datacenter,Datacenter,4.455,29.9452711750363,-95.4242921592599,TX,MW,0.004848423023292401,0.6143485469279885
Flexential,Colocation Datacenter,Datacenter,3.9270000000000005,45.5498102020037,-122.89084327,OR,MW,0.004273709966745666,0.601300998856643
Instituto Costarricense de Electricidad,Colocation Datacenter,Datacenter,0.66,9.82172044517505,-83.9436445353541,NA,MW,7.176729293627365e-4,0.4155754666095678
Flexential,Colocation Datacenter,Datacenter,2.838,35.8504064655038,-78.829042202687,NC,MW,0.0030883642876180224,0.576202892852016
Data Foundry,Colocation Datacenter,Datacenter,1.98,30.2154713479916,-97.6961598240663,TX,MW,0.002154455570729577,0.5378026804166678
Flexential,Colocation Datacenter,Datacenter,1.98,28.073857245188,-82.3682699122903,FL,MW,0.002154455570729577,0.5378026804166678
Flexential,Colocation Datacenter,Datacenter,8.91,39.5587583608973,-104.838438012033,CO,MW,0.009697564437905487,0.674260782454463
Flexential,Colocation Datacenter,Datacenter,38.61,33.7308827153711,-84.6157427672988,GA,MW,0.042025173868659386,0.7967150427755719
Flexential,Colocation Datacenter,Datacenter,5.94,44.8516329535102,-93.598617210879,MN,MW,0.006464803494830097,0.6344822178279486
Flexential,Colocation Datacenter,Datacenter,0.9636,38.2772116459182,-85.5070801336844,KY,MW,0.0010481329368771098,0.4687306381189738
Flexential,Colocation Datacenter,Datacenter,2.0394,38.2424858543541,-85.733275202884,KY,MW,0.0022191107895910846,0.5501481455154199
Salcido,Self-build Datacenter,Datacenter,3.3000000000000003,47.3918171338544,-120.217558916825,WA,MW,0.0035912382120964165,0.5864688078909632
Phoenixnap,Self-build Datacenter,Datacenter,2.31,33.4160494410959,-112.009608090545,AZ,MW,0.0025136512310712867,0.5553540616822411
Vantage Data Centers,Colocation Datacenter,Datacenter,31.68,45.4751622557398,-73.8005291519835,NA,MW,0.03448206500148348,0.7807847652914531
Netrality Data Centers,Colocation Datacenter,Datacenter,8.25,29.7535465171588,-95.3656973846578,TX,MW,0.008979173117222067,0.6692821621543139
Apple,Self-build Datacenter,Datacenter,33,33.346797403164,-111.60352934903,AZ,MW,0.03591884764285032,0.7862093600561548
Valero Energy,Self-build Datacenter,Datacenter,1.32,29.474451488362,-98.6801024933266,TX,MW,0.0014360642500461567,0.49707249917727087
Yahoo,Self-build Datacenter,Datacenter,24.915000000000003,47.2466179162314,-119.829332000505,WA,MW,0.027118553964478424,0.7629283167477028
Lumen Technologies,Self-build Datacenter,Datacenter,0.15312,36.2366130221801,-115.117281841697,NV,MW,1.6594839507787004e-4,0.2730625368858923
Claro,Self-build Datacenter,Datacenter,0.33,18.4973221586708,-69.9930129265813,NA,MW,3.584772690210266e-4,0.33446925260026933
Microsoft,Self-build Datacenter,Datacenter,47.52,29.4797041859708,-98.6927675153405,TX,MW,0.051723456697885556,0.807719986018711
NTT Global Data Centers,Colocation Datacenter,Datacenter,166.32000000000002,33.3553928135539,-111.612489254948,AZ,MW,0.18103389442090115,0.9083808853219013
Yahoo! Japan,Self-build Datacenter,Datacenter,10.56,47.407385664721,-120.214299297068,WA,MW,0.011493542739614037,0.6880616533755357
Stream Data Centers,Colocation Datacenter,Datacenter,4.752000000000001,32.9980594642312,-96.6873920576702,TX,MW,0.00517169911759994,0.6220928091743572
Microsoft,Self-build Datacenter,Datacenter,80.52000000000001,29.416077287158,-98.8028305956097,TX,MW,0.08764302273205656,0.8562770084226198
National Commercial Bank Jamaica,Self-build Datacenter,Datacenter,0.396,18.0088828417357,-76.7855289102799,NA,MW,4.3031640108936856e-4,0.37692711334378215
Amazon Web Services,Self-build Datacenter,Datacenter,13.200000000000001,29.4156010345322,-98.7844058822267,TX,MW,0.014367108022347716,0.709905288357056
Equinix,Colocation Datacenter,Datacenter,0.33,43.6472222786047,-79.3826001206041,NA,MW,3.584772690210266e-4,0.33446925260026933
Takoda Data Centers,Colocation Datacenter,Datacenter,3.96,-22.98467343233,-43.4315659821333,NA,MW,0.0043096295327798365,0.6014333584057593
Blue Nap Americas,Colocation Datacenter,Datacenter,0.8250000000000001,12.1776669910278,-68.955186090551,NA,MW,8.972707595335917e-4,0.46160156089888477
FIBERTOWN,Colocation Datacenter,Datacenter,1.98,30.6744754563967,-96.3736739269868,TX,MW,0.002154455570729577,0.5378026804166678
CenturyLink,Self-build Datacenter,Datacenter,0.2969999999999994,36.0770800046997,-115.088219011456,NV,MW,3.225577029868549e-4,0.33071783784568604
Optic Fusion,Colocation Datacenter,Datacenter,0.165,47.2533525267684,-122.436596431316,WA,MW,1.788794388501716e-4,0.27561916636419576
PocketiNet,Colocation Datacenter,Datacenter,0.066,46.0800397867883,-118.287068997637,WA,MW,7.112074074765859e-5,0.1721534085159869
Lunavi,Self-build Datacenter,Datacenter,0.066,48.7591758790275,-122.503485208692,WA,MW,7.112074074765859e-5,0.1721534085159869
Secure Shore Protect,Colocation Datacenter,Datacenter,0.66,25.0503013778574,-77.4045339996317,NA,MW,7.176729293627365e-4,0.4155754666095678
Equinix,Colocation Datacenter,Datacenter,0.66,43.8468963272248,-79.3335006992705,NA,MW,7.176729293627365e-4,0.4155754666095678
HUB Advanced Networks,Colocation Datacenter,Datacenter,3.96,18.4420844115415,-66.0217222444714,NA,MW,0.0043096295327798365,0.6014333584057593
Landmark Dividend,Self-build Datacenter,Datacenter,10.56,33.4931843566015,-112.070222955254,AZ,MW,0.011493542739614037,0.6880616533755357
GI Partners,Colocation Datacenter,Datacenter,6.6000000000000005,47.2435767481934,-119.864847164222,WA,MW,0.007183194815513517,0.6455658398812243
Takoda Data Centers,Colocation Datacenter,Datacenter,3.3000000000000003,-23.6506799461218,-46.7204636393198,NA,MW,0.0035912382120964165,0.5864688078909632
Lumen Technologies,Colocation Datacenter,Datacenter,0.33,32.8281357859079,-96.8844071288355,TX,MW,3.584772690210266e-4,0.33446925260026933
CenturyLink,Self-build Datacenter,Datacenter,0.132,39.5250070359284,-119.826991818532,NV,MW,1.4295987281600058e-4,0.24754281120651617
Microsoft,Self-build Datacenter,Datacenter,0.66,47.6910342457421,-122.032081008973,WA,MW,7.176729293627365e-4,0.4155754666095678
Franklin PUD,Colocation Datacenter,Datacenter,0.066,46.2292159327087,-119.106578459049,WA,MW,7.112074074765859e-5,0.1721534085159869
DataBank,Colocation Datacenter,Datacenter,2.343,36.0596594066803,-115.146814924114,NV,MW,0.0025495707971054577,0.5594957430751649
TierPoint,Colocation Datacenter,Datacenter,1.2045000000000001,47.6719879207145,-117.091231269018,WA,MW,0.0013103457689265581,0.4955499988311966
SCATE Ventures,Self-build Datacenter,Datacenter,1.6500000000000001,45.6227942055262,-121.137535662671,WA,MW,0.0017952599103878667,0.5253577947705927
Digicel,Self-build Datacenter,Datacenter,0.66,17.9644624975483,-76.7964202222282,NA,MW,7.176729293627365e-4,0.4155754666095678
Rowan Green Data,Colocation Datacenter,Datacenter,330,31.0563115171277,-97.2988254119857,TX,MW,0.35919494195038937,0.9495892031425119
Fujitsu Caribbean,Colocation Datacenter,Datacenter,0.198,10.6395362995036,-61.4638629150697,NA,MW,2.1479900488434258e-4,0.2853188752906802
CoreWeave,Colocation Datacenter,Datacenter,10.56,33.015099132364,-96.7647330606609,TX,MW,0.011493542739614037,0.6880616533755357
Mapletree Industrial,Colocation Datacenter,Datacenter,1.1088,33.0001223005875,-96.661659216595,TX,MW,0.0012061790274274621,0.4891048995790042
GI Partners,Colocation Datacenter,Datacenter,2.0479799999999937,47.6189510020757,-122.348421350642,WA,MW,0.002228449876759962,0.5513558031075239
Microsoft,Self-build Datacenter,Datacenter,73.92,47.4160639595057,-120.208234954797,WA,MW,0.08045910952522235,0.8464692402641835
Equinix,Colocation Datacenter,Datacenter,5.61,43.7436732531033,-79.7169380564806,NA,MW,0.006105607834488387,0.6331785427398509
Ascent,Colocation Datacenter,Datacenter,6.930000000000001,43.4273902238313,-80.3719513450304,NA,MW,0.007542390475855227,0.6564598479954593
Digital Fortress,Colocation Datacenter,Datacenter,1.1682000000000001,47.8225249096687,-122.289332860802,WA,MW,0.00127083424628897,0.4918010746761814
GL2Cloud,Colocation Datacenter,Datacenter,0.033,43.8571374964802,-79.3706542480312,NA,MW,3.5201174713487585e-5,0.12072065583645451
Amanah Tech,Colocation Datacenter,Datacenter,0.033,43.642672841,-79.37449173,NA,MW,3.5201174713487585e-5,0.12072065583645451
Priority Colo,Colocation Datacenter,Datacenter,0.33,43.8453537637355,-79.3657074671752,NA,MW,3.584772690210266e-4,0.33446925260026933
Whipcord Edge Data Centers,Colocation Datacenter,Datacenter,0.66,43.6129912080063,-79.5156127337089,NA,MW,7.176729293627365e-4,0.4155754666095678
Excell IT,Colocation Datacenter,Datacenter,0.033,43.6511933780063,-79.6667215029061,NA,MW,3.5201174713487585e-5,0.12072065583645451
Digital Fortress,Colocation Datacenter,Datacenter,1.122,47.6179095899233,-122.356530232412,WA,MW,0.0012205468538411307,0.48922216070846786
7L Networks,Colocation Datacenter,Datacenter,0.033,43.6597502944475,-79.3567189796267,NA,MW,3.5201174713487585e-5,0.12072065583645451
Lumen Technologies,Colocation Datacenter,Datacenter,0.99,29.7710955091012,-95.3462374982868,TX,MW,0.0010768685897044467,0.46920446292403056
Colosseum Online,Self-build Datacenter,Datacenter,0.033,43.7796480120803,-79.4895459583471,NA,MW,3.5201174713487585e-5,0.12072065583645451
Centrilogic,Self-build Datacenter,Datacenter,0.66,43.5963875510148,-79.6369694668871,NA,MW,7.176729293627365e-4,0.4155754666095678
Hut 8,Colocation Datacenter,Datacenter,0.41250000000000003,43.819848303226,-79.4999350436814,NA,MW,4.482761841064541e-4,0.38633492839938083
Beanfield Metroconnect,Colocation Datacenter,Datacenter,1.32,43.6361230769844,-79.4230249514359,NA,MW,0.0014360642500461567,0.49707249917727087
ServerFarm,Colocation Datacenter,Datacenter,9.24,43.7293111642497,-79.5270541910059,NA,MW,0.010056760098247196,0.6772969633617073
Centrilogic,Colocation Datacenter,Datacenter,0.99,43.6889927996941,-79.6768379416872,NA,MW,0.0010768685897044467,0.46920446292403056
Telehouse Canada,Colocation Datacenter,Datacenter,6.6000000000000005,43.6446167833003,-79.3880089781027,NA,MW,0.007183194815513517,0.6455658398812243
Cologix,Colocation Datacenter,Datacenter,5.28,43.8508071175227,-79.3426641094231,NA,MW,0.0057464121741466765,0.6277315809533437
QTS Datacenters,Colocation Datacenter,Datacenter,166.32000000000002,33.4631577324591,-111.997570622182,AZ,MW,0.18103389442090115,0.9083808853219013
Lumen Technologies,Colocation Datacenter,Datacenter,0.33,29.771350271948,-95.3510136932813,TX,MW,3.584772690210266e-4,0.33446925260026933
3z Canada,Colocation Datacenter,Datacenter,0.033,43.527080175628,-79.7146056843515,NA,MW,3.5201174713487585e-5,0.12072065583645451
Telehouse Canada,Colocation Datacenter,Datacenter,5.28,43.6417387285537,-79.4123266576434,NA,MW,0.0057464121741466765,0.6277315809533437
Centrilogic,Self-build Datacenter,Datacenter,0.792,43.6462026369085,-79.3824506066596,NA,MW,8.613511934994207e-4,0.45478548622291065
3z Canada,Colocation Datacenter,Datacenter,0.066,43.6474487921568,-79.561777264475,NA,MW,7.112074074765859e-5,0.1721534085159869
Cover-All,Self-build Datacenter,Datacenter,0.165,43.8560971234496,-79.3611987168054,NA,MW,1.788794388501716e-4,0.27561916636419576
TRG Datacenters,Colocation Datacenter,Datacenter,6.6000000000000005,30.0661217361796,-95.4590351288355,TX,MW,0.007183194815513517,0.6455658398812243
Thrive,Colocation Datacenter,Datacenter,0.033,43.6867900038372,-79.3983020226978,NA,MW,3.5201174713487585e-5,0.12072065583645451
Microsoft,Self-build Datacenter,Datacenter,132,33.5642408845575,-112.338834826047,AZ,MW,0.14367754574536332,0.8917559585146559
Element Critical,Colocation Datacenter,Datacenter,21.252000000000002,29.8029674663145,-95.7556708240382,TX,MW,0.023131482134685445,0.7527048819033516
11:11 Systems,Self-build Datacenter,Datacenter,3.6300000000000003,43.6033219075713,-79.7355152074449,NA,MW,0.003950433872438127,0.5981368065931115
Equinix,Colocation Datacenter,Datacenter,7.260000000000001,43.7448587769783,-79.7180220429885,NA,MW,0.007901586136196938,0.6588171395044857
Pathway Communications,Colocation Datacenter,Datacenter,0.66,43.8573474530382,-79.3564497678689,NA,MW,7.176729293627365e-4,0.4155754666095678
Centrilogic,Self-build Datacenter,Datacenter,0.7260000000000001,43.6282653390359,-79.6698655686984,NA,MW,7.895120614310788e-4,0.45081672041396315
Mid-Range,Self-build Datacenter,Datacenter,0.066,43.8154010605951,-79.3518923535055,NA,MW,7.112074074765859e-5,0.1721534085159869
Cogent Communications,Self-build Datacenter,Datacenter,0.066,43.7694202043648,-79.3307338676832,NA,MW,7.112074074765859e-5,0.1721534085159869
STACK Infrastructure,Colocation Datacenter,Datacenter,36.96,43.6980253763656,-79.2662700478091,NA,MW,0.04022919556695084,0.7947461664065807
Expedient,Colocation Datacenter,Datacenter,2.64,33.564695475335,-112.112776245622,AZ,MW,0.002872846891412997,0.5631704731174867
Nuday Networks,Colocation Datacenter,Datacenter,0.36300000000000004,43.8268890538546,-79.3344343685187,NA,MW,3.943968350551976e-4,0.3748174762331749
Hut 8,Colocation Datacenter,Datacenter,0.5940000000000001,43.6386806023968,-79.6089642670526,NA,MW,6.458337972943946e-4,0.4101907163362423
Skybox Datacenters,Colocation Datacenter,Datacenter,59.400000000000006,30.4821978604319,-97.6244338000464,TX,MW,0.06465450047018712,0.828267322110371
Cogent Communications,Self-build Datacenter,Datacenter,0.066,43.6662462674879,-79.5910920063797,NA,MW,7.112074074765859e-5,0.1721534085159869
Verizon,Self-build Datacenter,Datacenter,0.066,42.3028213585464,-71.0609907345536,MA,MW,7.112074074765859e-5,0.1721534085159869
IBM,Self-build Datacenter,Datacenter,7.92,43.837254329442,-79.3258654924856,NA,MW,0.008619977456880357,0.66263248323203
TMX Group,Colocation Datacenter,Datacenter,0.33,43.8182039498135,-79.3406225466196,NA,MW,3.584772690210266e-4,0.33446925260026933
Cambridge Network Solutions,Self-build Datacenter,Datacenter,0.46199999999999997,42.3746610496569,-71.0825705432556,MA,MW,5.021555331577106e-4,0.3902747392171655
Verizon,Self-build Datacenter,Datacenter,0.132,41.9461158306607,-71.2832006687498,MA,MW,1.4295987281600058e-4,0.24754281120651617
Navisite,Colocation Datacenter,Datacenter,3.96,42.6967237403613,-71.2112473767753,MA,MW,0.0043096295327798365,0.6014333584057593
Sun Life Financial,Self-build Datacenter,Datacenter,0.066,43.4576087287983,-80.5164946821024,NA,MW,7.112074074765859e-5,0.1721534085159869
Lumen Technologies,Colocation Datacenter,Datacenter,0.66,31.75583459505,-106.493495029691,TX,MW,7.176729293627365e-4,0.4155754666095678
RBC,Self-build Datacenter,Datacenter,2.64,43.4968990535857,-80.2087807342498,NA,MW,0.002872846891412997,0.5631704731174867
Verizon,Self-build Datacenter,Datacenter,0.33,42.3776514401796,-71.2390719779334,MA,MW,3.584772690210266e-4,0.33446925260026933
365 Data Centers,Colocation Datacenter,Datacenter,1.8479999999999999,42.3525452106857,-71.5860267153975,MA,MW,0.0020107773065928926,0.5353039393158621
Telus,Self-build Datacenter,Datacenter,1.98,43.7049968531005,-79.360372536416,NA,MW,0.002154455570729577,0.5378026804166678
Government of Ontario,Self-build Datacenter,Datacenter,3.3000000000000003,43.4840349148745,-80.1944377947701,NA,MW,0.0035912382120964165,0.5864688078909632
TMX Group,Colocation Datacenter,Datacenter,0.33,43.6486402672379,-79.3833422855315,NA,MW,3.584772690210266e-4,0.33446925260026933
MDC Data Centers,Colocation Datacenter,Datacenter,0.42900000000000005,27.6906251186809,-99.4502176074419,TX,MW,4.6623596712353963e-4,0.3872896907487881
IBM,Self-build Datacenter,Datacenter,2.31,44.3417970435568,-79.6766332963496,NA,MW,0.0025136512310712867,0.5553540616822411
Verizon,Self-build Datacenter,Datacenter,0.066,42.3695609070864,-71.0878678072454,MA,MW,7.112074074765859e-5,0.1721534085159869
Verizon,Self-build Datacenter,Datacenter,0.23099999999999998,42.3674644486932,-71.0832739357295,MA,MW,2.5071857091851356e-4,0.3101542499938824
Core Data Centres,Colocation Datacenter,Datacenter,13.695,43.6173862868136,-79.7728806333309,NA,MW,0.014905901512860281,0.7177248978967539
Urbacon Data Centre Solutions,Colocation Datacenter,Datacenter,11.88,43.8888616580072,-79.3889913446192,NA,MW,0.012930325380980877,0.6991736673911049
Urbacon Data Centre Solutions,Colocation Datacenter,Datacenter,7.92,43.8916990040408,-79.3905880735133,NA,MW,0.008619977456880357,0.66263248323203
Verizon,Self-build Datacenter,Datacenter,0.099,41.6520807326581,-70.2818206452732,MA,MW,1.0704030678182957e-4,0.23061307124173125
Urbacon Data Centre Solutions,Colocation Datacenter,Datacenter,6.6000000000000005,43.8913713536742,-79.3885559574931,NA,MW,0.007183194815513517,0.6455658398812243
MDC Data Centers,Colocation Datacenter,Datacenter,0.66,26.1993558061054,-98.2321373362641,TX,MW,7.176729293627365e-4,0.4155754666095678
Microsoft,Self-build Datacenter,Datacenter,66,33.5246059787546,-84.6291630611072,GA,MW,0.07183841367702132,0.8365570995351937
Verizon,Self-build Datacenter,Datacenter,0.066,42.2558929347551,-71.0066343786859,MA,MW,7.112074074765859e-5,0.1721534085159869
TD Bank,Self-build Datacenter,Datacenter,1.32,43.7804481168119,-79.2456119982932,NA,MW,0.0014360642500461567,0.49707249917727087
Lumen Technologies,Colocation Datacenter,Datacenter,0.66,29.4382779544911,-98.5064566589993,TX,MW,7.176729293627365e-4,0.4155754666095678
Verizon,Self-build Datacenter,Datacenter,0.099,42.1387010887373,-71.5237933422682,MA,MW,1.0704030678182957e-4,0.23061307124173125
AT&T,Self-build Datacenter,Datacenter,1.98,42.3671251711311,-71.0846034139016,MA,MW,0.002154455570729577,0.5378026804166678
LightEdge,Colocation Datacenter,Datacenter,1.32,30.2142843308568,-97.7126793256322,TX,MW,0.0014360642500461567,0.49707249917727087
Purecolo,Colocation Datacenter,Datacenter,0.42900000000000005,45.3401248306081,-75.9100922561741,NA,MW,4.6623596712353963e-4,0.3872896907487881
LightEdge,Colocation Datacenter,Datacenter,0.99,30.2004886435535,-97.7074080733026,TX,MW,0.0010768685897044467,0.46920446292403056
Urbacon Data Centre Solutions,Colocation Datacenter,Datacenter,14.520000000000001,43.7408956154193,-79.6209707319548,NA,MW,0.015803890663714557,0.7206088212890822
Element Critical,Colocation Datacenter,Datacenter,8.58,30.3428289165784,-97.6963759138673,TX,MW,0.009338368777563777,0.6715931398612669
MDC Data Centers,Colocation Datacenter,Datacenter,0.33,31.7500040299109,-106.309947441144,TX,MW,3.584772690210266e-4,0.33446925260026933
Sungard Availability Services,Colocation Datacenter,Datacenter,0.792,42.3528564129999,-71.587092663508,MA,MW,8.613511934994207e-4,0.45478548622291065
VTX1 Companies,Self-build Datacenter,Datacenter,0.132,27.5065546029073,-99.5014197118336,TX,MW,1.4295987281600058e-4,0.24754281120651617
Verizon,Self-build Datacenter,Datacenter,0.165,42.3776523960184,-71.2390329544037,MA,MW,1.788794388501716e-4,0.27561916636419576
CGI,Self-build Datacenter,Datacenter,0.33,43.6014298348525,-79.7463027614636,NA,MW,3.584772690210266e-4,0.33446925260026933
BMO,Self-build Datacenter,Datacenter,3.96,44.3350461505932,-79.7069437100342,NA,MW,0.0043096295327798365,0.6014333584057593
Greenidge Generation,Self-build Datacenter,Datacenter,9.24,42.6794535559053,-76.9486371283846,NY,MW,0.010056760098247196,0.6772969633617073
Verizon,Self-build Datacenter,Datacenter,3.1020000000000003,34.0303887361636,-84.2907784980056,GA,MW,0.0033757208158913905,0.5823886186762807
AiNET,Colocation Datacenter,Datacenter,1.32,39.0529535198498,-76.9257217703376,MD,MW,0.0014360642500461567,0.49707249917727087
TierPoint,Colocation Datacenter,Datacenter,1.518,39.2135289095489,-76.6830387711648,MD,MW,0.0016515816462511826,0.5199379760614532
AiNET,Colocation Datacenter,Datacenter,6.6000000000000005,39.1015416550896,-76.8480396153421,MD,MW,0.007183194815513517,0.6455658398812243
365 Data Centers,Colocation Datacenter,Datacenter,2.838,34.0634089073825,-84.2727167337519,GA,MW,0.0030883642876180224,0.576202892852016
Amazon Web Services,Self-build Datacenter,Datacenter,69.3,45.9015654052464,-119.320398478893,OR,MW,0.07543037028043842,0.8406993414458254
Stream Data Centers,Colocation Datacenter,Datacenter,21.12,41.9990319545123,-87.9576258142381,IL,MW,0.022987803870548756,0.7478184255115174
Amazon Web Services,Self-build Datacenter,Datacenter,48.84,45.850953828424,-119.630631015552,OR,MW,0.053160239339252395,0.8128344543000893
Rogers,Colocation Datacenter,Datacenter,0.66,43.8445037890595,-79.3645930783973,NA,MW,7.176729293627365e-4,0.4155754666095678
Lincoln,Colocation Datacenter,Datacenter,23.859,34.0571732823337,-84.27275595002,GA,MW,0.02596912785138495,0.7603121698871641
Digital Realty,Colocation Datacenter,Datacenter,58.080000000000005,45.5683265595749,-122.920103902182,OR,MW,0.06321771782882027,0.8278465914840131
ODATA,Colocation Datacenter,Datacenter,13.200000000000001,-22.797061239892,-43.3575673526753,NA,MW,0.014367108022347716,0.709905288357056
STACK Infrastructure,Colocation Datacenter,Datacenter,12.540000000000001,34.0759100446249,-84.2642879588056,GA,MW,0.013648716701664296,0.7065888416269518
TierPoint,Colocation Datacenter,Datacenter,0.99,39.2753394047422,-76.6255686883552,MD,MW,0.0010768685897044467,0.46920446292403056
DataBridge Sites,Colocation Datacenter,Datacenter,3.1020000000000003,39.0591445175204,-76.9644231460263,MD,MW,0.0033757208158913905,0.5823886186762807
UPS,Self-build Datacenter,Datacenter,0.396,34.1035264427094,-84.2150791948488,GA,MW,4.3031640108936856e-4,0.37692711334378215
Microsoft,Self-build Datacenter,Datacenter,95.04,36.7463303464353,-78.1017903982224,VA,MW,0.10344763178709179,0.8677075522200216
AT&T,Self-build Datacenter,Datacenter,3.3000000000000003,34.0823497018423,-84.2677001969156,GA,MW,0.0035912382120964165,0.5864688078909632
BMO,Self-build Datacenter,Datacenter,0.99,43.8131892970353,-79.3360517255143,NA,MW,0.0010768685897044467,0.46920446292403056
Digital Fortress,Colocation Datacenter,Datacenter,1.3860000000000001,45.5213437267919,-122.681843766995,OR,MW,0.0015079033821144988,0.5172335636394427
Simple Helix,Self-build Datacenter,Datacenter,0.99,34.7454851697149,-86.691931438689,AL,MW,0.0010768685897044467,0.46920446292403056
ODATA,Colocation Datacenter,Datacenter,26.334,-33.5310666990909,-70.7096513378245,NA,MW,0.028663095303947776,0.7647851841450298
Teranet,Self-build Datacenter,Datacenter,0.1584,43.6270510306224,-79.6638372781997,NA,MW,1.7169552564333737e-4,0.27349104264133217
Epsilon,Colocation Datacenter,Datacenter,0.29700000000000004,40.7178794369017,-74.0083166288355,NY,MW,3.225577029868556e-4,0.3313742394774948
Amazon Web Services,Self-build Datacenter,Datacenter,72.60000000000001,45.7977985469918,-119.366449777036,OR,MW,0.07902232688385552,0.8435470857206048
Digital Realty,Colocation Datacenter,Datacenter,1.584,33.002559520253,-97.0052655764773,TX,MW,0.0017234207783195247,0.5212325990682144
Verizon,Self-build Datacenter,Datacenter,1.98,34.0317498660888,-84.290865041788,GA,MW,0.002154455570729577,0.5378026804166678
DataBank,Colocation Datacenter,Datacenter,26.400000000000002,33.750427683641,-84.548143414621,GA,MW,0.02873493443601612,0.7650522155526219
365 Data Centers,Colocation Datacenter,Datacenter,2.64,33.840991197614,-84.522430979627,GA,MW,0.002872846891412997,0.5631704731174867
AiNET,Colocation Datacenter,Datacenter,1.98,39.2918079892291,-76.6200887595404,MD,MW,0.002154455570729577,0.5378026804166678
Digital Fortress,Colocation Datacenter,Datacenter,0.99,45.4756639155768,-122.776140224278,OR,MW,0.0010768685897044467,0.46920446292403056
Digital Realty,Colocation Datacenter,Datacenter,19.8,45.5681822944834,-122.916996576195,OR,MW,0.021551021229181917,0.742365222627286
Segra,Self-build Datacenter,Datacenter,0.66,34.0067151434769,-81.0298647288355,SC,MW,7.176729293627365e-4,0.4155754666095678
Comcast,Self-build Datacenter,Datacenter,1.6500000000000001,39.3687669530808,-76.4673259596408,MD,MW,0.0017952599103878667,0.5253577947705927
DartPoints,Colocation Datacenter,Datacenter,0.5940000000000001,33.9877476659566,-81.0305911153405,SC,MW,6.458337972943946e-4,0.4101907163362423
Frontier Communications,Self-build Datacenter,Datacenter,1.4520000000000002,33.7074701099857,-118.000358516172,CA,MW,0.001579742514182841,0.5180563038110195
Cologix,Colocation Datacenter,Datacenter,16.5,45.8792716028544,-72.5459985643199,NA,MW,0.017959064625764815,0.7301827761839543
Amazon Web Services,Self-build Datacenter,Datacenter,79.2,45.859863286677,-119.608704663794,OR,MW,0.08620624009068971,0.8504903198328608
Amazon Web Services,Self-build Datacenter,Datacenter,72.60000000000001,45.8379237823763,-119.689293461905,OR,MW,0.07902232688385552,0.8435470857206048
DartPoints,Colocation Datacenter,Datacenter,0.495,34.9965805062946,-82.0348431698029,SC,MW,5.380750991918815e-4,0.3964431014066308
Comporium,Self-build Datacenter,Datacenter,2.97,34.9280623273916,-80.9962262134934,SC,MW,0.0032320425517547062,0.5784668419763419
LeaseWeb,Colocation Datacenter,Datacenter,0.66,45.4679581725467,-73.5380639025431,NA,MW,7.176729293627365e-4,0.4155754666095678
LeaseWeb,Colocation Datacenter,Datacenter,0.528,45.5992542255453,-73.6077756185592,NA,MW,5.739946652260526e-4,0.4001521973645303
Beanfield Metroconnect,Self-build Datacenter,Datacenter,1.6500000000000001,45.5089181785696,-73.5720742264942,NA,MW,0.0017952599103878667,0.5253577947705927
Provision Data Services,Colocation Datacenter,Datacenter,3.3000000000000003,32.783700769347,-96.7946913124537,TX,MW,0.0035912382120964165,0.5864688078909632
DartPoints,Colocation Datacenter,Datacenter,1.98,32.9648963228323,-80.1012256566277,SC,MW,0.002154455570729577,0.5378026804166678
Cologix,Colocation Datacenter,Datacenter,25.740000000000002,45.5655057217126,-73.4756223194519,NA,MW,0.0280165431153327,0.7637214897056672
Global IP Networks,Colocation Datacenter,Datacenter,1.8479999999999999,33.0124425158854,-96.6830772134934,TX,MW,0.0020107773065928926,0.5353039393158621
T5 Data Centers,Colocation Datacenter,Datacenter,11.88,45.555454778007,-122.938869747952,OR,MW,0.012930325380980877,0.6991736673911049
Amazon Web Services,Self-build Datacenter,Datacenter,66,45.8471509086066,-119.603825566556,OR,MW,0.07183841367702132,0.8365570995351937
Verizon,Self-build Datacenter,Datacenter,3.3000000000000003,39.0626066414037,-76.8903097090524,MD,MW,0.0035912382120964165,0.5864688078909632
Cologix,Colocation Datacenter,Datacenter,10.56,45.4810765927966,-73.7696489720927,NA,MW,0.011493542739614037,0.6880616533755357
Nautilus Data Technologies,Colocation Datacenter,Datacenter,4.62,37.9652033045417,-121.368420596302,CA,MW,0.005028020853463257,0.6168196233655726
STACK Infrastructure,Colocation Datacenter,Datacenter,15.84,45.5495591597273,-122.927737904051,OR,MW,0.017240673305081396,0.7248045581963534
Compass Datacenters,Colocation Datacenter,Datacenter,5.94,45.4390150106159,-73.6410592896824,NA,MW,0.006464803494830097,0.6344822178279486
eLink,Colocation Datacenter,Datacenter,0.132,32.7301014169881,-80.0589354164116,SC,MW,1.4295987281600058e-4,0.24754281120651617
NextStreamDC,Colocation Datacenter,Datacenter,0.43362000000000006,-25.4954542920112,-49.3288005664292,NA,MW,4.712647063683235e-4,0.3885136847655806
Enovum Data Centers,Colocation Datacenter,Datacenter,15.84,45.5084253864266,-73.6356465065953,NA,MW,0.017240673305081396,0.7248045581963534
Cologix,Colocation Datacenter,Datacenter,0.66,45.4996577664268,-73.5650799696251,NA,MW,7.176729293627365e-4,0.4155754666095678
Matthews Real Estate Investment Services,Colocation Datacenter,Datacenter,0.44550000000000006,29.5136502416207,-98.4071896849993,TX,MW,4.841957501406251e-4,0.38959837033767936
AiNET,Colocation Datacenter,Datacenter,0.33,39.1402930202683,-76.6064845326115,MD,MW,3.584772690210266e-4,0.33446925260026933
DartPoints,Colocation Datacenter,Datacenter,0.957,34.8072451151938,-82.3434849281747,SC,MW,0.0010409490236702756,0.4682566449842307
Novva Data Centers,Colocation Datacenter,Datacenter,34.32,37.7247884760316,-122.398925763319,CA,MW,0.03735563028421716,0.7908890403288203
DC Blox,Colocation Datacenter,Datacenter,11.88,34.8068929769168,-82.3459986705294,SC,MW,0.012930325380980877,0.6991736673911049
NTT Global Data Centers,Colocation Datacenter,Datacenter,83.16000000000001,45.5496034172732,-122.93672210101,OR,MW,0.09051658801479023,0.8584627747661674
ServerFarm,Colocation Datacenter,Datacenter,7.92,34.0360641969456,-84.0641156802257,GA,MW,0.008619977456880357,0.66263248323203
Amazon Web Services,Self-build Datacenter,Datacenter,79.2,45.9213750769913,-119.231442917962,OR,MW,0.08620624009068971,0.8504903198328608
Compass Datacenters,Colocation Datacenter,Datacenter,19.8,45.424111144763,-73.91426495674,NA,MW,0.021551021229181917,0.742365222627286
LeaseWeb,Self-build Datacenter,Datacenter,0.528,45.4434020968924,-73.6182144610723,NA,MW,5.739946652260526e-4,0.4001521973645303
Oracle,Self-build Datacenter,Datacenter,0.99,45.5440076769658,-122.896598867966,OR,MW,0.0010768685897044467,0.46920446292403056
TNW Networks Data Centers,Colocation Datacenter,Datacenter,0.099,45.489992985498,-73.7725875126721,NA,MW,1.0704030678182957e-4,0.23061307124173125
Equinix,Colocation Datacenter,Datacenter,4.422000000000001,50.9768595386391,-113.956741273016,NA,MW,0.0048125034572582305,0.6138016660085016
Equinix,Colocation Datacenter,Datacenter,0.33,45.2919683570979,-66.1003668889806,NA,MW,3.584772690210266e-4,0.33446925260026933
C Spire,Colocation Datacenter,Datacenter,0.42900000000000005,33.4705338945641,-88.791193866795,MS,MW,4.6623596712353963e-4,0.3872896907487881
H5 Data Centers,Colocation Datacenter,Datacenter,3.96,39.1057501762174,-84.5368376286551,OH,MW,0.0043096295327798365,0.6014333584057593
1547 Critical Systems Realty,Colocation Datacenter,Datacenter,18.7902,45.5216063117309,-122.68068453202,OR,MW,0.020451882508536284,0.7388978393931791
TECfusions,Colocation Datacenter,Datacenter,145.20000000000002,36.6010634407079,-78.5502006110921,VA,MW,0.15804537215903172,0.8991933420351605
TNW Networks Data Centers,Colocation Datacenter,Datacenter,0.165,49.2845067054102,-123.111681837433,NA,MW,1.788794388501716e-4,0.27561916636419576
CenturyLink,Colocation Datacenter,Datacenter,0.05280000000000001,44.1183398345521,-123.167923730398,OR,MW,5.675291433399018e-5,0.1678782234493634
TierPoint,Colocation Datacenter,Datacenter,3.96,32.8081543601959,-96.8570611754893,TX,MW,0.0043096295327798365,0.6014333584057593
Bell Canada Enterprises,Self-build Datacenter,Datacenter,0.033,45.5093970344583,-73.5790361727858,NA,MW,3.5201174713487585e-5,0.12072065583645451
Equinix,Colocation Datacenter,Datacenter,0.396,49.2603525052214,-123.01088059308,NA,MW,4.3031640108936856e-4,0.37692711334378215
Enterhost,Self-build Datacenter,Datacenter,0.8580000000000001,32.7506403811019,-97.3346174259001,TX,MW,9.331903255677627e-4,0.46326887931108013
Urbacon Data Centre Solutions,Colocation Datacenter,Datacenter,13.860000000000001,45.4973568268633,-73.5633048956622,NA,MW,0.015085499343031137,0.7185445510444096
TNW Networks Data Centers,Colocation Datacenter,Datacenter,0.0429,49.287866784674,-123.115293706179,NA,MW,4.597704452373888e-5,0.16023419654441862
Equinix,Colocation Datacenter,Datacenter,2.64,49.8248945354673,-97.1782582602051,NA,MW,0.002872846891412997,0.5631704731174867
TNW Networks Data Centers,Colocation Datacenter,Datacenter,0.066,51.0464344505716,-114.072964528252,NA,MW,7.112074074765859e-5,0.1721534085159869
Telus,Colocation Datacenter,Datacenter,10.692,50.6770572339462,-120.377713281011,NA,MW,0.01163722100375072,0.6927300152945485
Rogers,Colocation Datacenter,Datacenter,0.99,45.3006657711694,-75.8831107838,NA,MW,0.0010768685897044467,0.46920446292403056
IBM,Self-build Datacenter,Datacenter,0.33,45.5104659497919,-73.5572449629414,NA,MW,3.584772690210266e-4,0.33446925260026933
Shared Services Canada,Self-build Datacenter,Datacenter,3.3000000000000003,44.2906496180968,-79.8930457426771,NA,MW,0.0035912382120964165,0.5864688078909632
TNW Networks Data Centers,Colocation Datacenter,Datacenter,0.264,50.6771864041652,-120.321639941319,NA,MW,2.8663813695268463e-4,0.315989724875794
Equinix,Colocation Datacenter,Datacenter,1.98,45.5748798540428,-75.3986398494034,NA,MW,0.002154455570729577,0.5378026804166678
Equinix,Colocation Datacenter,Datacenter,3.96,50.6753842437625,-120.379878424386,NA,MW,0.0043096295327798365,0.6014333584057593
TNW Networks Data Centers,Colocation Datacenter,Datacenter,0.033,49.2867659601963,-123.112460880906,NA,MW,3.5201174713487585e-5,0.12072065583645451
TNW Networks Data Centers,Colocation Datacenter,Datacenter,0.099,43.6501634621665,-79.3812399917308,NA,MW,1.0704030678182957e-4,0.23061307124173125
Digital Fortress,Colocation Datacenter,Datacenter,0.07721999999999934,45.476378365666,-122.77636628974,OR,MW,8.3333393199276e-5,0.22272487900796178
Equinix,Colocation Datacenter,Datacenter,5.808000000000001,45.4889307729217,-73.7452873736515,NA,MW,0.0063211252306934135,0.6339021452259217
Rogers,Colocation Datacenter,Datacenter,0.066,45.3359617302955,-75.7974647746362,NA,MW,7.112074074765859e-5,0.1721534085159869
Consolidated Business Services,Colocation Datacenter,Datacenter,1.4520000000000002,44.0474442132903,-121.328562140611,OR,MW,0.001579742514182841,0.5180563038110195
Cologix,Colocation Datacenter,Datacenter,5.28,49.2836450968671,-123.108752267591,NA,MW,0.0057464121741466765,0.6277315809533437
Tata Communications,Colocation Datacenter,Datacenter,1.089,45.546499501979,-122.893703755503,OR,MW,0.0011846272878069596,0.4886358187223593
Spencer Building Carrier Hotel,Colocation Datacenter,Datacenter,6.6000000000000005,49.284471713118,-123.111695248478,NA,MW,0.007183194815513517,0.6455658398812243
QScale,Colocation Datacenter,Datacenter,63.36,46.6761433007982,-71.3277087053534,NA,MW,0.06896484839428764,0.832557851225788
Telus,Colocation Datacenter,Datacenter,10.692,48.4649046302256,-68.5016978869254,NA,MW,0.01163722100375072,0.6927300152945485
OneNeck IT Solutions,Colocation Datacenter,Datacenter,0.495,44.0861057045572,-121.283035655252,OR,MW,5.380750991918815e-4,0.3964431014066308
Rogers,Colocation Datacenter,Datacenter,0.9239999999999999,45.3414998322031,-75.7132170963327,NA,MW,0.0010050294576361045,0.46624023411972476
QNet,Colocation Datacenter,Datacenter,0.33,49.2830975801817,-122.794084685302,NA,MW,3.584772690210266e-4,0.33446925260026933
CGI,Self-build Datacenter,Datacenter,0.33,45.5726069366157,-73.5475261237279,NA,MW,3.584772690210266e-4,0.33446925260026933
Equinix,Colocation Datacenter,Datacenter,0.66,51.0456218512448,-114.069522405556,NA,MW,7.176729293627365e-4,0.4155754666095678
CenturyLink,Colocation Datacenter,Datacenter,0.1452,43.2477076172517,-124.38386926024,OR,MW,1.5732769922966898e-4,0.27068815705512655
OVHcloud,Self-build Datacenter,Datacenter,35.64,45.3082220895059,-73.8934532686328,NA,MW,0.038792412925584,0.7928044859851143
Equinix,Colocation Datacenter,Datacenter,0.99,51.0480955681932,-114.010283195768,NA,MW,0.0010768685897044467,0.46920446292403056
SaskTel,Colocation Datacenter,Datacenter,2.31,50.4496202533056,-104.389672786906,NA,MW,0.0025136512310712867,0.5553540616822411
CenturyLink,Self-build Datacenter,Datacenter,0.66,41.7451833567341,-72.6651568288355,CT,MW,7.176729293627365e-4,0.4155754666095678
Harvard Developments,Self-build Datacenter,Datacenter,0.033,49.8956853869027,-97.1392626703558,NA,MW,3.5201174713487585e-5,0.12072065583645451
Les.Net,Colocation Datacenter,Datacenter,0.033,49.893565967265,-97.1429226463756,NA,MW,3.5201174713487585e-5,0.12072065583645451
Microsoft,Self-build Datacenter,Datacenter,48.18,38.9503805278967,-77.5553215626534,VA,MW,0.05244184801856897,0.8120914634107488
Yondr,Colocation Datacenter,Datacenter,221.76000000000002,38.9494901171439,-77.5496286424318,VA,MW,0.24137876535830846,0.9236234863079815
SaskTel,Colocation Datacenter,Datacenter,0.396,50.4494653127965,-104.613544754694,NA,MW,4.3031640108936856e-4,0.37692711334378215
NETDOOR,Colocation Datacenter,Datacenter,0.013200000000000002,32.3090588876659,-90.1780952512511,MS,MW,1.364943509298498e-5,0.0865566768730906
Rogers,Colocation Datacenter,Datacenter,1.8810000000000002,53.5636662716838,-113.618860601677,NA,MW,0.0020466968726270637,0.5369691567328122
Amazon Web Services,Self-build Datacenter,Datacenter,79.2,38.8014656745329,-77.6202992535349,VA,MW,0.08620624009068971,0.8504903198328608
Hut 8,Colocation Datacenter,Datacenter,0.66,49.2865369892147,-123.116363149616,NA,MW,7.176729293627365e-4,0.4155754666095678
Manitoba Telecom Services,Self-build Datacenter,Datacenter,0.066,49.8920064963146,-97.1460230695641,NA,MW,7.112074074765859e-5,0.1721534085159869
Hut 8,Colocation Datacenter,Datacenter,0.396,49.2865509963335,-123.116126965627,NA,MW,4.3031640108936856e-4,0.37692711334378215
Canadian Web Hosting,Colocation Datacenter,Datacenter,0.46199999999999997,49.2265412692386,-122.847280638708,NA,MW,5.021555331577106e-4,0.3902747392171655
Global Relay,Self-build Datacenter,Datacenter,1.6170000000000002,49.3147672675939,-123.092291502406,NA,MW,0.0017593403443536958,0.5251218063244697
Elea Data Centers,Colocation Datacenter,Datacenter,0.7260000000000001,-30.0202528534032,-51.2141749799043,NA,MW,7.895120614310788e-4,0.45081672041396315
amnet Technology Solutions,Colocation Datacenter,Datacenter,0.99,41.0916191793157,-73.5167539632585,CT,MW,0.0010768685897044467,0.46920446292403056
Rogers,Colocation Datacenter,Datacenter,0.0165,51.0556210368552,-113.99027447713,NA,MW,1.7241391696402082e-5,0.10080665796483938
Les.Net,Colocation Datacenter,Datacenter,0.033,49.8944971569216,-97.135643948377,NA,MW,3.5201174713487585e-5,0.12072065583645451
DC Blox,Self-build Datacenter,Datacenter,20.46,33.6747370261866,-78.9428678371157,SC,MW,0.022269412549865336,0.7470973499918496
In2net Network,Colocation Datacenter,Datacenter,0.0165,49.2509355719827,-123.009817135445,NA,MW,1.7241391696402082e-5,0.10080665796483938
DataHive,Colocation Datacenter,Datacenter,0.0165,51.047307727645,-114.080277811147,NA,MW,1.7241391696402082e-5,0.10080665796483938
Wolfpaw Data Centres,Colocation Datacenter,Datacenter,0.0165,53.5419228600792,-113.493162893079,NA,MW,1.7241391696402082e-5,0.10080665796483938
Hut 8,Colocation Datacenter,Datacenter,3.96,49.8854755176731,-119.441679892696,NA,MW,0.0043096295327798365,0.6014333584057593
SaskTel,Colocation Datacenter,Datacenter,0.33,52.1345256391558,-106.66066522448,NA,MW,3.584772690210266e-4,0.33446925260026933
Valley Internet,Self-build Datacenter,Datacenter,0.17820000000000003,49.1935140456537,-97.9464904861594,NA,MW,1.9324726526384e-4,0.28329489597858815
Rogers,Colocation Datacenter,Datacenter,0.99,51.0438757078911,-114.092008117836,NA,MW,0.0010768685897044467,0.46920446292403056
U.S.NEXT,Colocation Datacenter,Datacenter,0.066,32.3982494457381,-90.1431183336109,MS,MW,7.112074074765859e-5,0.1721534085159869
CoreSpace,Colocation Datacenter,Datacenter,0.9239999999999999,32.8176330221126,-96.8730213486964,TX,MW,0.0010050294576361045,0.46624023411972476
Rigstar Industrial Telecom,Self-build Datacenter,Datacenter,0.033,51.0470996931208,-114.063983794609,NA,MW,3.5201174713487585e-5,0.12072065583645451
Uniserve Communications,Self-build Datacenter,Datacenter,0.066,49.2725168624203,-123.09583025934501,NA,MW,7.112074074765859e-5,0.1721534085159869
Oricom Internet,Colocation Datacenter,Datacenter,0.066,46.8154942139988,-71.2680459434228,NA,MW,7.112074074765859e-5,0.1721534085159869
SaskTel,Colocation Datacenter,Datacenter,1.98,52.1939202718706,-106.655407333864,NA,MW,0.002154455570729577,0.5378026804166678
RiCloud,Self-build Datacenter,Datacenter,6.6000000000000005,37.2354793820045,-121.782252426986,CA,MW,0.007183194815513517,0.6455658398812243
Les.Net,Self-build Datacenter,Datacenter,0.033,49.8939749206401,-97.1459196487607,NA,MW,3.5201174713487585e-5,0.12072065583645451
Rogers,Colocation Datacenter,Datacenter,0.099,53.5433615848426,-113.496210782061,NA,MW,1.0704030678182957e-4,0.23061307124173125
Lumen Technologies,Self-build Datacenter,Datacenter,0.66,41.0492085732853,-73.5305808667082,CT,MW,7.176729293627365e-4,0.4155754666095678
Rogers,Colocation Datacenter,Datacenter,2.31,51.3033036961113,-113.983488982212,NA,MW,0.0025136512310712867,0.5553540616822411
Segra,Colocation Datacenter,Datacenter,3.3000000000000003,35.5052673331001,-80.6228439335139,NC,MW,0.0035912382120964165,0.5864688078909632
Hewlett-Packard,Self-build Datacenter,Datacenter,0.66,35.3193069488122,-80.7576284889786,NC,MW,7.176729293627365e-4,0.4155754666095678
Intraworks I.T. Management,Colocation Datacenter,Datacenter,0.066,49.2081861999912,-124.03279846644,NA,MW,7.112074074765859e-5,0.1721534085159869
DataCity,Colocation Datacenter,Datacenter,13.200000000000001,43.481429410338,-80.5407606767199,NA,MW,0.014367108022347716,0.709905288357056
Rack & Data,Colocation Datacenter,Datacenter,1.4520000000000002,43.4228766468817,-80.473107765057,NA,MW,0.001579742514182841,0.5180563038110195
HMSA,Self-build Datacenter,Datacenter,0.66,21.296856700413,-157.841528108727,HI,MW,7.176729293627365e-4,0.4155754666095678
Amazon Web Services,Self-build Datacenter,Datacenter,75.24000000000001,45.6237650677962,-73.3816734431754,NA,MW,0.0818958921665892,0.847460714140441
Whipcord Edge Data Centers,Colocation Datacenter,Datacenter,1.056,49.7359128854036,-112.800255123273,NA,MW,0.0011487077217727888,0.48523303232781584
Digital Realty,Colocation Datacenter,Datacenter,0.5940000000000001,35.2220956032657,-80.8352887626355,NC,MW,6.458337972943946e-4,0.4101907163362423
Ascenty,Colocation Datacenter,Datacenter,7.260000000000001,-33.33597635287,-70.7066264342745,NA,MW,0.007901586136196938,0.6588171395044857
Equinix,Colocation Datacenter,Datacenter,3.3000000000000003,45.4125079627866,-74.050548686737,NA,MW,0.0035912382120964165,0.5864688078909632
Rogers,Self-build Datacenter,Datacenter,0.66,43.4357603849048,-79.7061622508666,NA,MW,7.176729293627365e-4,0.4155754666095678
TierPoint,Colocation Datacenter,Datacenter,2.442,35.8967551130956,-78.8786584134934,NC,MW,0.002657329495207971,0.5613306353950287
Ankr,Self-build Datacenter,Datacenter,13.200000000000001,35.0269715172089,-84.1309594179309,NC,MW,0.014367108022347716,0.709905288357056
Eastlink,Colocation Datacenter,Datacenter,0.99,44.4647755848475,-63.6135297239633,NA,MW,0.0010768685897044467,0.46920446292403056
CyberFortress Solutions,Colocation Datacenter,Datacenter,79.2,35.3077168830603,-80.7676451454664,NC,MW,0.08620624009068971,0.8504903198328608
Waterloo Colocation,Colocation Datacenter,Datacenter,0.33,43.4801502706189,-80.5510244293876,NA,MW,3.584772690210266e-4,0.33446925260026933
Bell Canada Enterprises,Colocation Datacenter,Datacenter,1.32,44.7233311649566,-63.6955543070327,NA,MW,0.0014360642500461567,0.49707249917727087
Centrilogic,Colocation Datacenter,Datacenter,0.66,35.922515213627,-81.5429277009609,NC,MW,7.176729293627365e-4,0.4155754666095678
Duke Energy,Self-build Datacenter,Datacenter,0.33,35.3256134438626,-80.754629348355,NC,MW,3.584772690210266e-4,0.33446925260026933
N Plus Networks,Colocation Datacenter,Datacenter,2.64,43.4578268040798,-80.4884319850297,NA,MW,0.002872846891412997,0.5631704731174867
TierPoint,Colocation Datacenter,Datacenter,1.485,35.1732246849514,-80.9280966423289,NC,MW,0.0016156620802170118,0.5197026776792971
Lumen Technologies,Colocation Datacenter,Datacenter,0.033,35.2219026678189,-80.9214806057373,NC,MW,3.5201174713487585e-5,0.12072065583645451
MCBH,Self-build Datacenter,Datacenter,0.066,21.4448862459306,-157.761917355185,HI,MW,7.112074074765859e-5,0.1721534085159869
Ascenty,Colocation Datacenter,Datacenter,5.94,-23.4897876251681,-46.7751222304176,NA,MW,0.006464803494830097,0.6344822178279486
Fibre Centre,Colocation Datacenter,Datacenter,1.98,45.4190857640637,-75.6300633952888,NA,MW,0.002154455570729577,0.5378026804166678
Blackstone Data Services,Self-build Datacenter,Datacenter,6.6000000000000005,37.2060524429944,-81.3699931429441,VA,MW,0.007183194815513517,0.6455658398812243
1547 Critical Systems Realty,Colocation Datacenter,Datacenter,1.6500000000000001,21.3369325734434,-158.090224136966,HI,MW,0.0017952599103878667,0.5253577947705927
Servpac,Colocation Datacenter,Datacenter,1.32,21.4810221770859,-158.019288237364,HI,MW,0.0014360642500461567,0.49707249917727087
Segra,Colocation Datacenter,Datacenter,0.99,35.1801677809046,-80.9265009972651,NC,MW,0.0010768685897044467,0.46920446292403056
Colovore,Colocation Datacenter,Datacenter,2.7720000000000002,37.3768008478216,-121.953264642465,CA,MW,0.0030165251555496807,0.5755756777594437
Segra,Colocation Datacenter,Datacenter,0.23099999999999998,35.1939146102261,-80.9367642480705,NC,MW,2.5071857091851356e-4,0.3101542499938824
University of Hawaii,Self-build Datacenter,Datacenter,0.33,21.2995084920427,-157.816607928657,HI,MW,3.584772690210266e-4,0.33446925260026933
TierPoint,Colocation Datacenter,Datacenter,2.2176,35.8545445555631,-78.5970224423289,NC,MW,0.002413076446175608,0.5536553346157019
Digital Realty,Colocation Datacenter,Datacenter,1.7160000000000002,35.2215470530338,-80.8360026012133,NC,MW,0.0018670990424562088,0.532098961937512
Core Scientific,Self-build Datacenter,Datacenter,67.98,35.1856699070009,-83.9165503254415,NC,MW,0.07399358763907157,0.8397658034555814
Ankr,Self-build Datacenter,Datacenter,52.800000000000004,35.065254950014,-83.9843143663594,NC,MW,0.05747058726335291,0.8181589709291481
Lumen Technologies,Self-build Datacenter,Datacenter,0.23099999999999998,35.2215575560127,-80.835422897321,NC,MW,2.5071857091851356e-4,0.3101542499938824
Hawaiian Telcom,Colocation Datacenter,Datacenter,0.198,21.3317879953416,-157.887957991293,HI,MW,2.1479900488434258e-4,0.2853188752906802
Lumen Technologies,Colocation Datacenter,Datacenter,2.64,35.1787383698353,-80.9281288288355,NC,MW,0.002872846891412997,0.5631704731174867
Fibre Centre,Colocation Datacenter,Datacenter,9.9,46.0843414643778,-64.8118163187979,NA,MW,0.010775151418930618,0.6833128712366293
Verizon,Self-build Datacenter,Datacenter,1.32,35.3181699372851,-80.7596801411368,NC,MW,0.0014360642500461567,0.49707249917727087
Rogers,Colocation Datacenter,Datacenter,0.066,44.6445174118883,-63.5796240022861,NA,MW,7.112074074765859e-5,0.1721534085159869
DataHouse,Self-build Datacenter,Datacenter,0.0792,21.3015363214604,-157.855451955738,HI,MW,8.548856716132698e-5,0.22301369796723533
Colovore,Colocation Datacenter,Datacenter,4.62,37.3773027628625,-121.953055813494,CA,MW,0.005028020853463257,0.6168196233655726
Tata Communications,Self-build Datacenter,Datacenter,0.066,43.7993446975719,-79.1996137009401,NA,MW,7.112074074765859e-5,0.1721534085159869
Scala,Colocation Datacenter,Datacenter,4.686,19.7366954599728,-99.2240545196768,NA,MW,0.005099859985531598,0.621394446246525
CISP,Colocation Datacenter,Datacenter,0.66,41.6736771521264,-83.6907835602287,OH,MW,7.176729293627365e-4,0.4155754666095678
DataBank,Colocation Datacenter,Datacenter,0.264,41.5011683142593,-81.6834706420612,OH,MW,2.8663813695268463e-4,0.315989724875794
DartPoints,Colocation Datacenter,Datacenter,0.264,40.0931570087842,-83.1336981461734,OH,MW,2.8663813695268463e-4,0.315989724875794
Lumen Technologies,Colocation Datacenter,Datacenter,0.132,43.7273988864629,-79.3350834220693,NA,MW,1.4295987281600058e-4,0.24754281120651617
Lumen Technologies,Colocation Datacenter,Datacenter,0.198,41.5050371468488,-81.6577887887293,OH,MW,2.1479900488434258e-4,0.2853188752906802
eNET,Colocation Datacenter,Datacenter,0.264,40.0830843771362,-82.9384810287759,OH,MW,2.8663813695268463e-4,0.315989724875794
Cogent Communications,Colocation Datacenter,Datacenter,0.23099999999999998,39.9681258467469,-82.9955532453283,OH,MW,2.5071857091851356e-4,0.3101542499938824
Ark Data Centers,Colocation Datacenter,Datacenter,0.42900000000000005,40.8325789939706,-81.4319538416011,OH,MW,4.6623596712353963e-4,0.3872896907487881
Symcor,Self-build Datacenter,Datacenter,0.132,43.7236398122058,-79.3449696653454,NA,MW,1.4295987281600058e-4,0.24754281120651617
CloudHQ,Colocation Datacenter,Datacenter,810.48,39.0021733691477,-77.4723729707456,VA,MW,0.8821838234079191,0.9788114215425207
Ark Data Centers,Colocation Datacenter,Datacenter,1.32,41.3612214283158,-81.6326010411272,OH,MW,0.0014360642500461567,0.49707249917727087
ValorC3,Colocation Datacenter,Datacenter,1.3219800000000002,43.6079914997653,-116.310073533277,ID,MW,0.0014382194240082071,0.5165285809613076
Crown Castle,Colocation Datacenter,Datacenter,0.396,39.9589018776172,-82.9969277045571,OH,MW,4.3031640108936856e-4,0.37692711334378215
Syringa Networks,Colocation Datacenter,Datacenter,0.10692000000000002,43.5689408768873,-116.20882046858,ID,MW,1.1566100263003062e-4,0.24353511668933248
Scala,Colocation Datacenter,Datacenter,3.168,-30.0027897029592,-51.198123506441,NA,MW,0.003447559947959732,0.5832783197914386
Ark Data Centers,Colocation Datacenter,Datacenter,0.66,43.5800501628586,-116.290781306745,ID,MW,7.176729293627365e-4,0.4155754666095678
KIO Networks,Colocation Datacenter,Datacenter,13.200000000000001,19.201952650445,-99.5555183414877,NA,MW,0.014367108022347716,0.709905288357056
Amazon Web Services,Self-build Datacenter,Datacenter,254.10000000000002,40.015865257419,-83.1226898659176,OH,MW,0.27657994007179604,0.9389108632022756
Google,Self-build Datacenter,Datacenter,221.76000000000002,39.8495567054449,-82.9956493328231,OH,MW,0.24137876535830846,0.9236234863079815
Cologix,Colocation Datacenter,Datacenter,26.532000000000004,40.1181684254029,-82.9993912375431,OH,MW,0.028878612700152805,0.7702131297223221
Ark Data Centers,Colocation Datacenter,Datacenter,0.99,40.7522235536691,-79.6372794479571,PA,MW,0.0010768685897044467,0.46920446292403056
DartPoints,Colocation Datacenter,Datacenter,0.396,39.098242941291,-84.5175799228372,OH,MW,4.3031640108936856e-4,0.37692711334378215
ICS Technology Group,Self-build Datacenter,Datacenter,0.264,39.9587776394269,-82.997643647968,OH,MW,2.8663813695268463e-4,0.315989724875794
Amazon Web Services,Self-build Datacenter,Datacenter,145.20000000000002,40.0492418896643,-83.1731474616649,OH,MW,0.15804537215903172,0.8991933420351605
DartPoints,Colocation Datacenter,Datacenter,0.46199999999999997,39.0870909454747,-84.2861718681159,OH,MW,5.021555331577106e-4,0.3902747392171655
Scala,Colocation Datacenter,Datacenter,6.798000000000001,-22.7980472787751,-43.3565177231817,NA,MW,0.007398712211718544,0.6559908349819232
Amazon Web Services,Self-build Datacenter,Datacenter,79.2,45.8096033246455,-119.268149493122,OR,MW,0.08620624009068971,0.8504903198328608
Centeris Data Centers,Colocation Datacenter,Datacenter,0.8316,43.6062294180921,-116.303327369975,ID,MW,9.044546727404259e-4,0.46267369498093613
Compass Datacenters,Colocation Datacenter,Datacenter,15.84,43.7590284353225,-79.5345210865043,NA,MW,0.017240673305081396,0.7248045581963534
BlueBridge Networks,Self-build Datacenter,Datacenter,0.264,41.5011683142593,-81.6834706420612,OH,MW,2.8663813695268463e-4,0.315989724875794
LightEdge,Colocation Datacenter,Datacenter,2.64,41.6668873707506,-93.4560403085406,IA,MW,0.002872846891412997,0.5631704731174867
TierPoint,Colocation Datacenter,Datacenter,3.6300000000000003,42.3130409405494,-71.578967421451,MA,MW,0.003950433872438127,0.5981368065931115
Enseva,Colocation Datacenter,Datacenter,2.64,42.0563370973787,-91.6795530040231,IA,MW,0.002872846891412997,0.5631704731174867
Vision Net,Colocation Datacenter,Datacenter,0.66,45.768382961505,-108.54138864042,MT,MW,7.176729293627365e-4,0.4155754666095678
QTS Datacenters,Colocation Datacenter,Datacenter,47.52,33.7827628104321,-84.4221695223233,GA,MW,0.051723456697885556,0.807719986018711
QTS Datacenters,Colocation Datacenter,Datacenter,47.52,33.7773064947837,-84.4195499739134,GA,MW,0.051723456697885556,0.807719986018711
Cisco Systems,Self-build Datacenter,Datacenter,6.6000000000000005,33.1359631679022,-96.6615815905743,TX,MW,0.007183194815513517,0.6455658398812243
Amazon Web Services,Self-build Datacenter,Datacenter,23.76,39.0164864749176,-77.4530854965086,VA,MW,0.025861369153282437,0.7567185933142181
Parsec Data Management,Colocation Datacenter,Datacenter,0.29700000000000004,45.7427142006279,-108.603111395327,MT,MW,3.225577029868556e-4,0.3313742394774948
Element Critical,Colocation Datacenter,Datacenter,2.64,41.9758023480392,-87.9647628988074,IL,MW,0.002872846891412997,0.5631704731174867
T-Mobile,Colocation Datacenter,Datacenter,0.8052,28.616461452156,-81.3894483818205,FL,MW,8.75719019913089e-4,0.4614823701386821
Vision Net,Colocation Datacenter,Datacenter,0.0198,46.8835433299816,-114.01935890278,MT,MW,2.0833348299819177e-5,0.10664898190967773
Cogent Communications,Colocation Datacenter,Datacenter,0.528,41.8784445726253,-87.6345750966283,IL,MW,5.739946652260526e-4,0.4001521973645303
CenturyLink,Self-build Datacenter,Datacenter,1.32,42.3674958916688,-71.08655561747,MA,MW,0.0014360642500461567,0.49707249917727087
Cisco Systems,Self-build Datacenter,Datacenter,1.8479999999999999,35.8553313994285,-78.8681279504062,NC,MW,0.0020107773065928926,0.5353039393158621
OneNeck IT Solutions,Colocation Datacenter,Datacenter,0.528,42.4738950798689,-92.4587442545087,IA,MW,5.739946652260526e-4,0.4001521973645303
Crown Castle,Colocation Datacenter,Datacenter,0.99,42.3130409405494,-71.578967421451,MA,MW,0.0010768685897044467,0.46920446292403056
TierPoint,Colocation Datacenter,Datacenter,3.2340000000000004,41.8716408755821,-87.643019030692,IL,MW,0.0035193990800280748,0.5860848572806875
Digital Realty,Colocation Datacenter,Datacenter,1.122,25.7954034755715,-80.3431105847315,FL,MW,0.0012205468538411307,0.48922216070846786
Tecto,Colocation Datacenter,Datacenter,0.198,11.0219670545716,-74.9266861901308,NA,MW,2.1479900488434258e-4,0.2853188752906802
Shaw Communications,Self-build Datacenter,Datacenter,0.792,51.084300799893,-114.002839503398,NA,MW,8.613511934994207e-4,0.45478548622291065
LightEdge,Colocation Datacenter,Datacenter,2.244,41.6677331612748,-93.4554983468806,IA,MW,0.0024418120990029445,0.5541403024657828
TierPoint,Colocation Datacenter,Datacenter,1.6500000000000001,42.6857266015355,-71.2087247191197,MA,MW,0.0017952599103878667,0.5253577947705927
Montana Opticom,Self-build Datacenter,Datacenter,0.396,45.6733352467075,-111.189709937461,MT,MW,4.3031640108936856e-4,0.37692711334378215
InfoBunker,Colocation Datacenter,Datacenter,0.7260000000000001,41.5864242279425,-93.6595835670198,IA,MW,7.895120614310788e-4,0.45081672041396315
Vision Net,Colocation Datacenter,Datacenter,0.132,46.5970594334908,-112.024429149933,MT,MW,1.4295987281600058e-4,0.24754281120651617
Ark Data Centers,Colocation Datacenter,Datacenter,0.5346000000000001,42.0528838338486,-91.5542712524172,IA,MW,5.811785784328869e-4,0.4069561110400446
OneColo,Colocation Datacenter,Datacenter,1.056,27.9503636395661,-82.4564898175476,FL,MW,0.0011487077217727888,0.48523303232781584
Heartland Technology,Colocation Datacenter,Datacenter,0.33,42.471138692998,-92.0541486322943,IA,MW,3.584772690210266e-4,0.33446925260026933
Vision Net,Colocation Datacenter,Datacenter,0.198,45.7810655212648,-108.512626186489,MT,MW,2.1479900488434258e-4,0.2853188752906802
QTS Datacenters,Colocation Datacenter,Datacenter,19.8,34.0360390447876,-84.0575238985472,GA,MW,0.021551021229181917,0.742365222627286
Cisco Systems,Self-build Datacenter,Datacenter,6.6000000000000005,32.9981841926307,-96.6775269905731,TX,MW,0.007183194815513517,0.6455658398812243
ITS,Colocation Datacenter,Datacenter,0.132,42.253048528544,-91.160988556714,IA,MW,1.4295987281600058e-4,0.24754281120651617
CoreSite,Colocation Datacenter,Datacenter,6.138000000000001,25.7933262464683,-80.3335231428887,FL,MW,0.006680320891035123,0.6403430691920582
Tecto,Colocation Datacenter,Datacenter,3.3000000000000003,-3.73548243970203,-38.4580123009546,NA,MW,0.0035912382120964165,0.5864688078909632
State Farm,Self-build Datacenter,Datacenter,5.28,32.9843921109503,-96.6981696591003,TX,MW,0.0057464121741466765,0.6277315809533437
OneNeck IT Solutions,Colocation Datacenter,Datacenter,1.056,41.6202407520638,-93.8540717039358,IA,MW,0.0011487077217727888,0.48523303232781584
Aptum,Colocation Datacenter,Datacenter,0.33,34.0479869937626,-118.240132053215,CA,MW,3.584772690210266e-4,0.33446925260026933
TierPoint,Colocation Datacenter,Datacenter,11.22,40.5439816997751,-75.6545529576702,PA,MW,0.012211934060297455,0.6963888196843956
Expedient,Colocation Datacenter,Datacenter,2.9040000000000004,39.9632272119444,-86.1453081846611,IN,MW,0.0031602034196863645,0.577333687100005
Microsoft,Self-build Datacenter,Datacenter,38.016000000000005,41.5402046391643,-93.8271169402235,IA,MW,0.04137862168004431,0.7960556672546247
Crown Castle,Colocation Datacenter,Datacenter,0.33,41.8179105862678,-71.4288524357484,RI,MW,3.584772690210266e-4,0.33446925260026933
University of Utah,Self-build Datacenter,Datacenter,0.66,40.7301936647187,-111.951497781997,UT,MW,7.176729293627365e-4,0.4155754666095678
Lifeline Data Centers,Colocation Datacenter,Datacenter,2.64,39.7758660692417,-86.042910932599,IN,MW,0.002872846891412997,0.5631704731174867
Global Access Point,Colocation Datacenter,Datacenter,0.33,41.6693358978503,-86.2559849710908,IN,MW,3.584772690210266e-4,0.33446925260026933
CyrusOne,Colocation Datacenter,Datacenter,11.88,41.2121970570978,-95.8779374194028,IA,MW,0.012930325380980877,0.6991736673911049
Otava,Colocation Datacenter,Datacenter,1.98,39.7588435638514,-86.1677311675811,IN,MW,0.002154455570729577,0.5378026804166678
University of Victoria,Self-build Datacenter,Datacenter,0.264,48.4695024095561,-123.310553226668,NA,MW,2.8663813695268463e-4,0.315989724875794
365 Data Centers,Colocation Datacenter,Datacenter,6.930000000000001,39.9624340445461,-75.1638999134934,PA,MW,0.007542390475855227,0.6564598479954593
55 Marietta,Colocation Datacenter,Datacenter,16.5,33.7558635109034,-84.3910584428161,GA,MW,0.017959064625764815,0.7301827761839543
Global Access Point,Colocation Datacenter,Datacenter,0.033,39.7588256716714,-86.1723239079361,IN,MW,3.5201174713487585e-5,0.12072065583645451
Direct LTx,Colocation Datacenter,Datacenter,3.96,40.3811250548861,-75.9817693885697,PA,MW,0.0043096295327798365,0.6014333584057593
Global Access Point,Colocation Datacenter,Datacenter,0.066,41.6686353570757,-86.255275031919,IN,MW,7.112074074765859e-5,0.1721534085159869
Netrality Data Centers,Colocation Datacenter,Datacenter,1.98,39.100896687577396,-94.5812441670718,MO,MW,0.002154455570729577,0.5378026804166678
TierPoint,Colocation Datacenter,Datacenter,1.32,40.67495780317,-75.3780881716949,PA,MW,0.0014360642500461567,0.49707249917727087
Netrality Data Centers,Colocation Datacenter,Datacenter,0.528,39.7596148691693,-86.1709475387935,IN,MW,5.739946652260526e-4,0.4001521973645303
Volico,Colocation Datacenter,Datacenter,1.32,26.2898576188006,-80.1300798177947,FL,MW,0.0014360642500461567,0.49707249917727087
Metronet,Self-build Datacenter,Datacenter,0.33,38.0118749865446,-87.4837196034019,IN,MW,3.584772690210266e-4,0.33446925260026933
Lifeline Data Centers,Colocation Datacenter,Datacenter,1.98,41.0142573224557,-85.1102194258684,IN,MW,0.002154455570729577,0.5378026804166678
TierPoint,Colocation Datacenter,Datacenter,0.66,39.8925538416397,-75.1654060463955,PA,MW,7.176729293627365e-4,0.4155754666095678
Equinix,Colocation Datacenter,Datacenter,13.695,25.7824537644386,-80.1930712472997,FL,MW,0.014905901512860281,0.7177248978967539
Government of Canada,Self-build Datacenter,Datacenter,0.165,46.2370505709051,-63.1282020220773,NA,MW,1.788794388501716e-4,0.27561916636419576
JSLLC,Colocation Datacenter,Datacenter,0.1584,45.6806597920654,-111.035356459371,MT,MW,1.7169552564333737e-4,0.27349104264133217
Lumen Technologies,Self-build Datacenter,Datacenter,0.066,39.741486867554,-86.1508759631854,IN,MW,7.112074074765859e-5,0.1721534085159869
North Data Center,Colocation Datacenter,Datacenter,0.1584,47.5056170614005,-111.299836164934,MT,MW,1.7169552564333737e-4,0.27349104264133217
Netrality Data Centers,Colocation Datacenter,Datacenter,11.22,39.9598140548734,-75.1609453981539,PA,MW,0.012211934060297455,0.6963888196843956
US Signal,Colocation Datacenter,Datacenter,1.32,39.870319839281,-86.2368831625057,IN,MW,0.0014360642500461567,0.49707249917727087
DataBank,Colocation Datacenter,Datacenter,1.3860000000000001,39.7593662065384,-86.1722809473978,IN,MW,0.0015079033821144988,0.5172335636394427
TierPoint,Colocation Datacenter,Datacenter,4.6926000000000005,40.1218857055683,-75.4208980165077,PA,MW,0.005107043898738433,0.621534006797198
Government of Alberta,Self-build Datacenter,Datacenter,0.033,51.0858003386787,-113.983479029885,NA,MW,3.5201174713487585e-5,0.12072065583645451
Indiana Data Center,Colocation Datacenter,Datacenter,0.033,41.1182640790151,-85.1516417284469,IN,MW,3.5201174713487585e-5,0.12072065583645451
DataBank,Colocation Datacenter,Datacenter,2.475,39.7601031579614,-86.1705182434455,IN,MW,0.0026932490612421416,0.5615756575697741
Scott Data Center,Colocation Datacenter,Datacenter,2.6136,41.24282,-96.016458,NE,MW,0.0028441112385856598,0.5629248694299671
Aligned,Colocation Datacenter,Datacenter,71.28,45.55356136,-122.951852209,OR,MW,0.07758554424248867,0.8416406217042192
DartPoints,Colocation Datacenter,Datacenter,1.584,39.1825363008937,-85.8968631831962,IN,MW,0.0017234207783195247,0.5212325990682144
Microsoft,Self-build Datacenter,Datacenter,82.5,41.4983630393831,-93.7869989839029,IA,MW,0.08979819669410681,0.8579120007011626
DataBank,Colocation Datacenter,Datacenter,9.57,40.4512859969589,-80.1901316595163,PA,MW,0.010415955758588908,0.6827911813630458
Volico,Colocation Datacenter,Datacenter,0.99,25.7760346943042,-80.1882476022463,FL,MW,0.0010768685897044467,0.46920446292403056
Wintek,Colocation Datacenter,Datacenter,0.132,40.4215276614831,-86.8903775834432,IN,MW,1.4295987281600058e-4,0.24754281120651617
Bluebird Network,Colocation Datacenter,Datacenter,3.3000000000000003,41.5503254507718,-90.4824995349551,IA,MW,0.0035912382120964165,0.5864688078909632
Lumen Technologies,Self-build Datacenter,Datacenter,0.066,41.6625127977103,-86.2544028015789,IN,MW,7.112074074765859e-5,0.1721534085159869
LightEdge,Colocation Datacenter,Datacenter,0.957,41.1598073256281,-96.0256574151932,NE,MW,0.0010409490236702756,0.4682566449842307
Fidelity Investments,Self-build Datacenter,Datacenter,2.31,41.1655501058627,-96.0835914709877,NE,MW,0.0025136512310712867,0.5553540616822411
702 Communications,Colocation Datacenter,Datacenter,0.396,46.8684164893098,-96.827275165729,ND,MW,4.3031640108936856e-4,0.37692711334378215
Applied Digital,Self-build Datacenter,Datacenter,184.8,46.008621317344,-98.5696545922962,ND,MW,0.20114885140003694,0.9145010220947947
TierPoint,Colocation Datacenter,Datacenter,1.4289,41.1770323981672,-95.9246408849062,NE,MW,0.001554598817958921,0.5179387518591073
Foundry Digital,Self-build Datacenter,Datacenter,3.96,42.5329334773758,-96.4908389114644,SD,MW,0.0043096295327798365,0.6014333584057593
Yahoo,Self-build Datacenter,Datacenter,9.9,41.1804910518485,-96.0850705595212,NE,MW,0.010775151418930618,0.6833128712366293
Power Protection Products,Colocation Datacenter,Datacenter,0.09240000000000001,41.248027084436,-96.0282368103709,NE,MW,9.985639357499539e-5,0.2289562776030639
Midco,Colocation Datacenter,Datacenter,0.165,42.8920023912322,-97.4165112431177,SD,MW,1.788794388501716e-4,0.27561916636419576
DartPoints,Colocation Datacenter,Datacenter,0.198,30.4537879147425,-91.1163199753392,LA,MW,2.1479900488434258e-4,0.2853188752906802
Core Scientific,Self-build Datacenter,Datacenter,6.6000000000000005,47.9107301405874,-97.1122190411795,ND,MW,0.007183194815513517,0.6455658398812243
TierPoint,Colocation Datacenter,Datacenter,0.66,34.7562168143389,-92.444719364218,AR,MW,7.176729293627365e-4,0.4155754666095678
Blue Cross and Blue Shield of Alabama,Self-build Datacenter,Datacenter,2.31,33.4315519600833,-86.8839487711895,AL,MW,0.0025136512310712867,0.5553540616822411
Dakota Carrier Network,Colocation Datacenter,Datacenter,1.056,46.8521132534465,-100.781751873619,ND,MW,0.0011487077217727888,0.48523303232781584
Fogo Solutions,Colocation Datacenter,Datacenter,0.033,29.952914717887,-90.0731506497499,LA,MW,3.5201174713487585e-5,0.12072065583645451
1623 Farnam,Colocation Datacenter,Datacenter,2.3760000000000003,41.2574392996967,-95.9381985490365,NE,MW,0.002585490363139629,0.559740115862271
Netrality Data Centers,Colocation Datacenter,Datacenter,7.92,38.98650366215,-94.7123867621789,KS,MW,0.008619977456880357,0.66263248323203
DQE Communications,Colocation Datacenter,Datacenter,0.066,40.8606083055485,-79.9074795400717,PA,MW,7.112074074765859e-5,0.1721534085159869
Transformyx,Colocation Datacenter,Datacenter,1.8479999999999999,30.3875307014046,-91.0924602222047,LA,MW,0.0020107773065928926,0.5353039393158621
Midco,Colocation Datacenter,Datacenter,0.66,43.496632898663,-96.7859396088802,SD,MW,7.176729293627365e-4,0.4155754666095678
MIDCON Recovery Solutions,Colocation Datacenter,Datacenter,0.33,35.6069444607986,-97.5001063652751,OK,MW,3.584772690210266e-4,0.33446925260026933
SDN Communications,Self-build Datacenter,Datacenter,0.33,43.5467038173609,-96.7641252796772,SD,MW,3.584772690210266e-4,0.33446925260026933
Consolidated Communications,Colocation Datacenter,Datacenter,0.10560000000000001,46.8316993843391,-96.8491701841546,ND,MW,1.1422421998866378e-4,0.24277281698635517
Midco,Colocation Datacenter,Datacenter,0.5279999999999994,43.5127010246547,-96.7340997307761,SD,MW,5.73994665226052e-4,0.4000202961547607
TierPoint,Colocation Datacenter,Datacenter,0.33,39.2903610685114,-94.6850001865979,MO,MW,3.584772690210266e-4,0.33446925260026933
Midco,Colocation Datacenter,Datacenter,0.792,46.8365290472294,-96.8660375958629,ND,MW,8.613511934994207e-4,0.45478548622291065
"Management Science Associates, Inc.",Colocation Datacenter,Datacenter,2.64,40.6016072861076,-79.8195477153421,PA,MW,0.002872846891412997,0.5631704731174867
Axela Noble Group,Colocation Datacenter,Datacenter,2.64,39.9607463701761,-75.1604257846594,PA,MW,0.002872846891412997,0.5631704731174867
DartPoints,Colocation Datacenter,Datacenter,0.66,32.5109473508051,-93.7497827957075,LA,MW,7.176729293627365e-4,0.4155754666095678
ValorC3,Colocation Datacenter,Datacenter,0.792,37.0814409738221,-113.607279240524,UT,MW,8.613511934994207e-4,0.45478548622291065
Dakota Carrier Network,Colocation Datacenter,Datacenter,0.627,46.8152462826353,-96.8444507860385,ND,MW,6.817533633285656e-4,0.4139151427193124
Midco,Colocation Datacenter,Datacenter,0.264,47.8888737848774,-97.0761508901773,ND,MW,2.8663813695268463e-4,0.315989724875794
TierPoint,Colocation Datacenter,Datacenter,0.264,43.5958983664465,-96.7172117008101,SD,MW,2.8663813695268463e-4,0.315989724875794
Applied Digital,Self-build Datacenter,Datacenter,4.752000000000001,47.0268515422409,-98.6805038586694,ND,MW,0.00517169911759994,0.6220928091743572
Lumen Technologies,Self-build Datacenter,Datacenter,0.33,29.9722337696229,-90.1578146605808,LA,MW,3.584772690210266e-4,0.33446925260026933
Mainstream Technologies,Self-build Datacenter,Datacenter,0.33,34.7442735654125,-92.2743918487684,AR,MW,3.584772690210266e-4,0.33446925260026933
Compute North,Self-build Datacenter,Datacenter,19.8,40.7265566277466,-99.0381059673537,NE,MW,0.021551021229181917,0.742365222627286
Reign Capital,Self-build Datacenter,Datacenter,0.66,33.5170350544623,-86.812566213784,AL,MW,7.176729293627365e-4,0.4155754666095678
"Management Science Associates, Inc.",Colocation Datacenter,Datacenter,1.32,40.5187118324788,-80.0151310124106,PA,MW,0.0014360642500461567,0.49707249917727087
TierPoint,Colocation Datacenter,Datacenter,1.32,41.1346421622586,-96.0391793376921,NE,MW,0.0014360642500461567,0.49707249917727087
Cogent Communications,Self-build Datacenter,Datacenter,0.033,29.949025275554,-90.0700081941279,LA,MW,3.5201174713487585e-5,0.12072065583645451
American Tower,Colocation Datacenter,Datacenter,0.033,30.2790541002054,-97.7602705695927,TX,MW,3.5201174713487585e-5,0.12072065583645451
Google,Self-build Datacenter,Datacenter,211.20000000000002,41.3407546007967,-96.0872378240132,NE,MW,0.22988450422737375,0.9200521214532847
iM Critical,Colocation Datacenter,Datacenter,6.6000000000000005,40.4338337907435,-79.8726978674106,PA,MW,0.007183194815513517,0.6455658398812243
Nexus,Colocation Datacenter,Datacenter,0.066,35.9653852690456,-83.9213438906559,TN,MW,7.112074074765859e-5,0.1721534085159869
CENTRA,Colocation Datacenter,Datacenter,1.32,43.6578782635612,-70.2612024,ME,MW,0.0014360642500461567,0.49707249917727087
Binary Net,Colocation Datacenter,Datacenter,0.2838,40.8120786679909,-96.7022955592367,NE,MW,3.081898765731872e-4,0.33005972573294146
Hancock Whitney Bank,Self-build Datacenter,Datacenter,0.528,30.4340475213225,-89.1848552011291,MS,MW,5.739946652260526e-4,0.4001521973645303
Element Critical,Colocation Datacenter,Datacenter,1.6500000000000001,41.974228361953,-87.9672203436842,IL,MW,0.0017952599103878667,0.5253577947705927
C Spire,Self-build Datacenter,Datacenter,0.33,31.3196072734114,-89.3892931752133,MS,MW,3.584772690210266e-4,0.33446925260026933
TierPoint,Colocation Datacenter,Datacenter,0.9239999999999999,35.5143347574241,-97.5967426338594,OK,MW,0.0010050294576361045,0.46624023411972476
Digital Realty,Colocation Datacenter,Datacenter,15.048000000000002,33.6570544042289,-84.415242950821,GA,MW,0.016378603720261294,0.7229051455948929
365 Data Centers,Colocation Datacenter,Datacenter,0.66,36.1625986182046,-86.7786600128767,TN,MW,7.176729293627365e-4,0.4155754666095678
NASA,Self-build Datacenter,Datacenter,9.9,30.3715864169189,-89.6171018890309,MS,MW,0.010775151418930618,0.6833128712366293
Ntirety,Colocation Datacenter,Datacenter,1.98,39.6127995363946,-75.7614424656098,DE,MW,0.002154455570729577,0.5378026804166678
GigeNET,Colocation Datacenter,Datacenter,0.132,42.040482400105,-87.9760757284442,IL,MW,1.4295987281600058e-4,0.24754281120651617
ValorC3,Colocation Datacenter,Datacenter,4.29,35.42492684956,-97.5997484515535,OK,MW,0.004668825193121546,0.6108080250133169
Brownrice Internet,Self-build Datacenter,Datacenter,0.132,36.3876695151954,-105.5880188046,NM,MW,1.4295987281600058e-4,0.24754281120651617
Lumen Technologies,Colocation Datacenter,Datacenter,0.3762,41.1855313947706,-95.9361399700355,NE,MW,4.0876466146886595e-4,0.3762253470469332
TierPoint,Colocation Datacenter,Datacenter,0.198,36.1586968638716,-95.9886421979485,OK,MW,2.1479900488434258e-4,0.2853188752906802
Lincoln,Colocation Datacenter,Datacenter,2.97,41.7721424531729,-88.2170525949795,IL,MW,0.0032320425517547062,0.5784668419763419
C Spire,Colocation Datacenter,Datacenter,0.33,32.4373265378335,-90.1472415142909,MS,MW,3.584772690210266e-4,0.33446925260026933
DataBank,Colocation Datacenter,Datacenter,0.33,36.1554342429787,-86.7827146165748,TN,MW,3.584772690210266e-4,0.33446925260026933
SBA Edge,Colocation Datacenter,Datacenter,2.3760000000000003,41.8760128786395,-88.2490550819627,IL,MW,0.002585490363139629,0.559740115862271
TierPoint,Colocation Datacenter,Datacenter,0.792,36.0964041928099,-95.8401882391913,OK,MW,8.613511934994207e-4,0.45478548622291065
Compass Datacenters,Colocation Datacenter,Datacenter,4.751999999999994,35.9244354683492,-86.8552083519072,TN,MW,0.005171699117599933,0.6216736232577689
DataBank,Colocation Datacenter,Datacenter,0.33,35.203177112142,-89.8088710306171,TN,MW,3.584772690210266e-4,0.33446925260026933
Nexus,Colocation Datacenter,Datacenter,0.66,36.1033591593557,-86.6692709010999,TN,MW,7.176729293627365e-4,0.4155754666095678
Centersquare,Colocation Datacenter,Datacenter,72.60000000000001,36.4093546812064,-86.3864504591418,TN,MW,0.07902232688385552,0.8435470857206048
Digital Fortress,Colocation Datacenter,Datacenter,1.254,41.8482040720344,-88.0076315612328,IL,MW,0.0013642251179778145,0.49613560055820116
ODATA,Colocation Datacenter,Datacenter,13.068000000000001,20.5423363372457,-100.576570433904,NA,MW,0.014223429758211033,0.7095123294952915
Hamilton,Colocation Datacenter,Datacenter,0.396,40.8666743497906,-98.0025277161642,NE,MW,4.3031640108936856e-4,0.37692711334378215
XNet,Colocation Datacenter,Datacenter,0.09240000000000001,41.7967787833486,-88.1125577783275,IL,MW,9.985639357499539e-5,0.2289562776030639
FirstLight Fiber,Colocation Datacenter,Datacenter,1.98,43.8951834157148,-69.9230521609743,ME,MW,0.002154455570729577,0.5378026804166678
FirstLight Fiber,Colocation Datacenter,Datacenter,0.66,43.0730601598363,-70.8030625687465,NH,MW,7.176729293627365e-4,0.4155754666095678
Mississippi ITS,Self-build Datacenter,Datacenter,0.66,32.3358172634645,-90.144948262864,MS,MW,7.176729293627365e-4,0.4155754666095678
Microsoft,Self-build Datacenter,Datacenter,62.040000000000006,41.1261344601403,-104.901919444148,WY,MW,0.0675280657529208,0.8316873013469952
DÄSTOR,Colocation Datacenter,Datacenter,0.99,40.087853733902,-75.3397160807536,PA,MW,0.0010768685897044467,0.46920446292403056
STACK Infrastructure,Colocation Datacenter,Datacenter,8.91,42.0068827961511,-87.9644515979749,IL,MW,0.009697564437905487,0.674260782454463
FirstLight Fiber,Colocation Datacenter,Datacenter,0.0825,44.7960255544119,-68.7723331711644,ME,MW,8.908052376474408e-5,0.22728166433812882
"Business Communications, Inc.",Self-build Datacenter,Datacenter,0.165,32.4158875955987,-90.1723639619634,MS,MW,1.788794388501716e-4,0.27561916636419576
Data Suites,Colocation Datacenter,Datacenter,0.66,35.8573900937236,-86.406521931432,TN,MW,7.176729293627365e-4,0.4155754666095678
Lumen Technologies,Self-build Datacenter,Datacenter,0.066,36.1497220836596,-86.6796955460866,TN,MW,7.112074074765859e-5,0.1721534085159869
Netrality Data Centers,Colocation Datacenter,Datacenter,2.97,41.8729760360165,-87.63331036554,IL,MW,0.0032320425517547062,0.5784668419763419
TierPoint,Colocation Datacenter,Datacenter,2.64,35.5136509170154,-97.5951636596119,OK,MW,0.002872846891412997,0.5631704731174867
Lumen Technologies,Colocation Datacenter,Datacenter,0.33,36.1888572738374,-86.8035661562375,TN,MW,3.584772690210266e-4,0.33446925260026933
Binary Net,Colocation Datacenter,Datacenter,0.2508,40.8127919146414,-96.702318110612,NE,MW,2.722703105390162e-4,0.3147642132570619
Secured Network Services,Colocation Datacenter,Datacenter,0.33,44.2933248647672,-71.7983916591085,NH,MW,3.584772690210266e-4,0.33446925260026933
TierPoint,Colocation Datacenter,Datacenter,1.98,38.6999186718498,-90.4107588159673,MO,MW,0.002154455570729577,0.5378026804166678
Consolidated Communications,Colocation Datacenter,Datacenter,1.98,42.9890559068975,-71.4635932153857,NH,MW,0.002154455570729577,0.5378026804166678
Segra,Colocation Datacenter,Datacenter,1.6500000000000001,36.05571,-80.2277454208781,NC,MW,0.0017952599103878667,0.5253577947705927
MCNC,Self-build Datacenter,Datacenter,0.046200000000000005,35.1996895731591,-82.8729906367003,NC,MW,4.9569001127155985e-5,0.162535219216057
Ace Host,Self-build Datacenter,Datacenter,0.8250000000000001,35.8957766634919,-78.849244061612,NC,MW,8.972707595335917e-4,0.46160156089888477
Segra,Colocation Datacenter,Datacenter,1.6500000000000001,35.1938371985452,-80.9384376676231,NC,MW,0.0017952599103878667,0.5253577947705927
Verizon,Self-build Datacenter,Datacenter,0.33,35.1086285283116,-89.8909651266761,TN,MW,3.584772690210266e-4,0.33446925260026933
Celito Communications,Colocation Datacenter,Datacenter,0.33,35.7984688381951,-78.7311405574921,NC,MW,3.584772690210266e-4,0.33446925260026933
Segra,Colocation Datacenter,Datacenter,13.200000000000001,35.7253515995587,-78.6626062258108,NC,MW,0.014367108022347716,0.709905288357056
Cogent Communications,Colocation Datacenter,Datacenter,0.099,38.2458702452547,-85.7581638067028,KY,MW,1.0704030678182957e-4,0.23061307124173125
TierPoint,Colocation Datacenter,Datacenter,1.32,38.6296997378314,-90.1962589818038,MO,MW,0.0014360642500461567,0.49707249917727087
Microsoft,Self-build Datacenter,Datacenter,63.36,41.1416737370937,-104.716654425775,WY,MW,0.06896484839428764,0.832557851225788
CenturyLink,Self-build Datacenter,Datacenter,0.66,40.4301049715816,-79.9598120870908,PA,MW,7.176729293627365e-4,0.4155754666095678
Windstream,Self-build Datacenter,Datacenter,0.66,40.1697192016993,-76.1778807288379,PA,MW,7.176729293627365e-4,0.4155754666095678
Ampersand,Self-build Datacenter,Datacenter,0.066,61.1888716328848,-149.912255789119,AK,MW,7.112074074765859e-5,0.1721534085159869
Lumen Technologies,Colocation Datacenter,Datacenter,0.33,40.4254113378726,-79.9703560389458,PA,MW,3.584772690210266e-4,0.33446925260026933
LightEdge,Colocation Datacenter,Datacenter,0.264,35.9074871768763,-78.7786835858264,NC,MW,2.8663813695268463e-4,0.315989724875794
Charter Communications,Self-build Datacenter,Datacenter,0.33,35.7834803543201,-78.6451943939319,NC,MW,3.584772690210266e-4,0.33446925260026933
National Center for Atmospheric Research,Self-build Datacenter,Datacenter,0.792,41.1288575733944,-104.897366830669,WY,MW,8.613511934994207e-4,0.45478548622291065
Lumen Technologies,Self-build Datacenter,Datacenter,0.396,35.0288929451259,-89.9306079616102,TN,MW,4.3031640108936856e-4,0.37692711334378215
CenturyLink,Colocation Datacenter,Datacenter,0.165,36.1427710855838,-115.077524012704,NV,MW,1.788794388501716e-4,0.27561916636419576
STACK Infrastructure,Colocation Datacenter,Datacenter,15.84,42.0068413564683,-87.9663444691747,IL,MW,0.017240673305081396,0.7248045581963534
Netrality Data Centers,Colocation Datacenter,Datacenter,3.366,38.6293385773026,-90.1971026758617,MO,MW,0.003663077344164758,0.5956482869809274
FirstLight Fiber,Colocation Datacenter,Datacenter,1.32,42.7880705864276,-76.8785708331004,NY,MW,0.0014360642500461567,0.49707249917727087
Wyoming Hyperscale,Colocation Datacenter,Datacenter,739.2,41.229559109225,-110.758391184791,WY,MW,0.8045975607741097,0.9702887737347582
Telesystem,Colocation Datacenter,Datacenter,0.792,41.6243441017379,-83.6561587353044,OH,MW,8.613511934994207e-4,0.45478548622291065
Lunavi,Colocation Datacenter,Datacenter,2.64,41.129660450136,-104.741541331625,WY,MW,0.002872846891412997,0.5631704731174867
ServaxNet,Self-build Datacenter,Datacenter,1.6500000000000001,41.000623354108,-80.3468758012872,PA,MW,0.0017952599103878667,0.5253577947705927
Netrality Data Centers,Colocation Datacenter,Datacenter,0.33,38.6254856061128,-90.1952005432434,MO,MW,3.584772690210266e-4,0.33446925260026933
HCA,Self-build Datacenter,Datacenter,4.62,36.0325983854835,-86.637887551696707,TN,MW,0.005028020853463257,0.6168196233655726
Unisecure,Colocation Datacenter,Datacenter,0.396,40.0768119387138,-75.2872583145156,PA,MW,4.3031640108936856e-4,0.37692711334378215
Charter Communications,Self-build Datacenter,Datacenter,0.165,36.0699913755103,-79.7902281203745,NC,MW,1.788794388501716e-4,0.27561916636419576
TenHats,Colocation Datacenter,Datacenter,0.8580000000000001,35.9705284390643,-83.9121559043243,TN,MW,9.331903255677627e-4,0.46326887931108013
TW Telecom,Self-build Datacenter,Datacenter,0.33,35.9620226972196,-78.8709819884623,NC,MW,3.584772690210266e-4,0.33446925260026933
Windstream,Self-build Datacenter,Datacenter,0.66,40.7841072932679,-77.8989130415502,PA,MW,7.176729293627365e-4,0.4155754666095678
Dynamic Internet,Colocation Datacenter,Datacenter,0.33,42.7630714242983,-71.2417516693188,NH,MW,3.584772690210266e-4,0.33446925260026933
Peace Communications,Colocation Datacenter,Datacenter,0.033,35.0373933789597,-85.2931293635169,TN,MW,3.5201174713487585e-5,0.12072065583645451
IBM,Self-build Datacenter,Datacenter,9.9,35.9162082999885,-78.8552184154969,NC,MW,0.010775151418930618,0.6833128712366293
MCNC,Colocation Datacenter,Datacenter,0.132,35.9197041512723,-78.8702457290262,NC,MW,1.4295987281600058e-4,0.24754281120651617
Microsoft,Self-build Datacenter,Datacenter,63.36,41.0614224631279,-104.790282888708,WY,MW,0.06896484839428764,0.832557851225788
BluegrassNet,Self-build Datacenter,Datacenter,0.132,38.2412261370187,-85.7493396540867,KY,MW,1.4295987281600058e-4,0.24754281120651617
Ark Data Centers,Colocation Datacenter,Datacenter,0.66,46.8275015805929,-92.1303737956471,MN,MW,7.176729293627365e-4,0.4155754666095678
Ark Data Centers,Colocation Datacenter,Datacenter,0.198,46.7957328148619,-92.0960881263088,MN,MW,2.1479900488434258e-4,0.2853188752906802
LV.Net,Self-build Datacenter,Datacenter,0.0429,36.1563971840094,-115.152059714947,NV,MW,4.597704452373888e-5,0.16023419654441862
CityNet Telecom,Colocation Datacenter,Datacenter,0.33,39.2767001719566,-80.2701436222603,WV,MW,3.584772690210266e-4,0.33446925260026933
Verizon,Self-build Datacenter,Datacenter,7.260000000000001,34.0460072040541,-118.258923484659,CA,MW,0.007901586136196938,0.6588171395044857
T5 Data Centers,Colocation Datacenter,Datacenter,8.184000000000001,44.9715561916218,-93.2703153796857,MN,MW,0.008907333985153726,0.6689537484874518
CityNet Telecom,Colocation Datacenter,Datacenter,0.33,38.3524914212007,-81.6403138140078,WV,MW,3.584772690210266e-4,0.33446925260026933
IgLou Internet Services,Colocation Datacenter,Datacenter,0.132,38.1784155781868,-85.7002134847583,KY,MW,1.4295987281600058e-4,0.24754281120651617
FirstLight Fiber,Colocation Datacenter,Datacenter,0.66,44.4502011805505,-73.1275327578441,VT,MW,7.176729293627365e-4,0.4155754666095678
Goldman Sachs,Self-build Datacenter,Datacenter,5.082000000000001,40.5703524706343,-74.6700363506741,NJ,MW,0.005530894777941651,0.6265962726505885
DataBank,Colocation Datacenter,Datacenter,3.3000000000000003,44.8386417676845,-93.1460010228417,MN,MW,0.0035912382120964165,0.5864688078909632
Vaultas,Colocation Datacenter,Datacenter,0.066,45.5412452277438,-94.2039632528427,MN,MW,7.112074074765859e-5,0.1721534085159869
1547 Critical Systems Realty,Colocation Datacenter,Datacenter,0.99,26.2022614908819,-98.2314158153421,TX,MW,0.0010768685897044467,0.46920446292403056
EnergyNet,Colocation Datacenter,Datacenter,0.7458,36.8482720318804,-87.4646251962902,KY,MW,8.110638010515812e-4,0.4535846972032079
US Internet,Colocation Datacenter,Datacenter,0.99,44.972082534664104,-93.4367374904109,MN,MW,0.0010768685897044467,0.46920446292403056
FioCruz,Self-build Datacenter,Datacenter,0.066,-12.9234343398902,-38.3881239521497,NA,MW,7.112074074765859e-5,0.1721534085159869
The Globe Building STL,Colocation Datacenter,Datacenter,14.387999999999936,38.6326826777283,-90.1957079844923,MO,MW,0.0156602123995778,0.7201942159561333
Nocix,Colocation Datacenter,Datacenter,0.66,39.1374723068677,-94.5786033774938,MO,MW,7.176729293627365e-4,0.4155754666095678
OneNeck IT Solutions,Colocation Datacenter,Datacenter,2.4948,44.8772315611538,-93.4074871237682,MN,MW,0.0027148008008626443,0.5618207680701099
CenturyLink,Self-build Datacenter,Datacenter,0.33,41.8302126876141,-71.4241419343732,RI,MW,3.584772690210266e-4,0.33446925260026933
DataBank,Colocation Datacenter,Datacenter,5.94,45.1438453134427,-93.3863148713085,MN,MW,0.006464803494830097,0.6344822178279486
Joe's Datacenter,Colocation Datacenter,Datacenter,0.165,39.0972155417009,-94.567244233224,MO,MW,1.788794388501716e-4,0.27561916636419576
DataBank,Colocation Datacenter,Datacenter,0.8910000000000001,44.8626229783477,-93.3305474733044,MN,MW,9.691098916019338e-4,0.465646554334948
Vaultas,Colocation Datacenter,Datacenter,0.264,45.883818630637,-95.3764690976224,MN,MW,2.8663813695268463e-4,0.315989724875794
Lumen Technologies,Colocation Datacenter,Datacenter,0.528,44.9037895663298,-93.4203413698023,MN,MW,5.739946652260526e-4,0.4001521973645303
Alpha Technologies,Colocation Datacenter,Datacenter,0.6930000000000001,38.3531977238619,-81.6961710441776,WV,MW,7.535924953969077e-4,0.45057560744630054
Dataprev,Self-build Datacenter,Datacenter,0.198,-15.800308143781301,-47.8782071516235,NA,MW,2.1479900488434258e-4,0.2853188752906802
Ardent Data Centers,Colocation Datacenter,Datacenter,7.92,40.4396278619926,-80.1420249451815,PA,MW,0.008619977456880357,0.66263248323203
Consolidated Communications,Self-build Datacenter,Datacenter,1.32,44.4764600457966,-73.2086317196966,VT,MW,0.0014360642500461567,0.49707249917727087
New York Stock Exchange,Self-build Datacenter,Datacenter,6.6000000000000005,41.0785087726597,-74.1529637336502,NJ,MW,0.007183194815513517,0.6455658398812243
LightEdge,Colocation Datacenter,Datacenter,2.0460000000000003,39.1592835897112,-94.4710105660195,MO,MW,0.0022262947027979186,0.5503895357677484
Whitelabel IT Solutions,Colocation Datacenter,Datacenter,0.66,40.8832735027713,-74.0502792623199,NJ,MW,7.176729293627365e-4,0.4155754666095678
Novva Data Centers,Colocation Datacenter,Datacenter,19.8,36.2714328325105,-115.048431046579,NV,MW,0.021551021229181917,0.742365222627286
GIGA Data Centers,Colocation Datacenter,Datacenter,39.6,35.5643730592779,-80.8285699223616,NC,MW,0.04310276084968452,0.7970459035014654
JK Land Holdings,Colocation Datacenter,Datacenter,1.32,38.7539351526618,-77.5248598936998,VA,MW,0.0014360642500461567,0.49707249917727087
Dataprev,Self-build Datacenter,Datacenter,0.792,-22.9378067273933,-43.1955502613779,NA,MW,8.613511934994207e-4,0.45478548622291065
Cologix,Colocation Datacenter,Datacenter,0.35640000000000005,44.9713913982841,-93.2545907714743,MN,MW,3.8721292184836344e-4,0.3739699395553593
American Express,Self-build Datacenter,Datacenter,1.32,36.0477868032085,-79.6076904877238,NC,MW,0.0014360642500461567,0.49707249917727087
CenturyLink,Self-build Datacenter,Datacenter,0.66,39.0221615146789,-77.4577250249266,VA,MW,7.176729293627365e-4,0.4155754666095678
AIT,Self-build Datacenter,Datacenter,0.99,35.0544903938274,-78.8828581850315,NC,MW,0.0010768685897044467,0.46920446292403056
Charter Communications,Self-build Datacenter,Datacenter,2.64,35.1428731505365,-80.9162815374602,NC,MW,0.002872846891412997,0.5631704731174867
Fidelity Investments,Self-build Datacenter,Datacenter,2.64,35.8666995172951,-78.8864395907652,NC,MW,0.002872846891412997,0.5631704731174867
Banamex,Self-build Datacenter,Datacenter,6.6000000000000005,20.5579482996612,-100.255372506369,NA,MW,0.007183194815513517,0.6455658398812243
Otava,Colocation Datacenter,Datacenter,1.32,42.9686871130334,-83.7796421665791,MI,MW,0.0014360642500461567,0.49707249917727087
123NET,Colocation Datacenter,Datacenter,0.198,42.8254710181864,-85.6726212866696,MI,MW,2.1479900488434258e-4,0.2853188752906802
Iron Mountain,Colocation Datacenter,Datacenter,21.12,38.7763323374139,-77.5450210041232,VA,MW,0.022987803870548756,0.7478184255115174
Truist,Self-build Datacenter,Datacenter,2.64,35.8392131975494,-78.3281053612227,NC,MW,0.002872846891412997,0.5631704731174867
Nexcess,Colocation Datacenter,Datacenter,0.5940000000000001,42.4462421923724,-83.256735937258,MI,MW,6.458337972943946e-4,0.4101907163362423
Nexcess,Colocation Datacenter,Datacenter,0.066,42.2855660510908,-83.2335094638369,MI,MW,7.112074074765859e-5,0.1721534085159869
US Signal,Colocation Datacenter,Datacenter,0.33,42.4473253793561,-83.2567122066529,MI,MW,3.584772690210266e-4,0.33446925260026933
123NET,Colocation Datacenter,Datacenter,4.95,42.4717618259215,-83.238055871324,MI,MW,0.005387216513804967,0.6237746529530668
Universidad Central de Venezuela,Self-build Datacenter,Datacenter,0.33,10.4916112650395,-66.8910017150644,NA,MW,3.584772690210266e-4,0.33446925260026933
Chirisa Technology Parks,Colocation Datacenter,Datacenter,229.68,37.360361492243,-77.3274005787027,VA,MW,0.2499994612065095,0.9287278856433084
Cisco Systems,Self-build Datacenter,Datacenter,2.178,35.8587181407406,-78.8757132660431,NC,MW,0.0023699729669346024,0.5531706683215084
NetApp,Self-build Datacenter,Datacenter,1.7160000000000002,35.8574138973132,-78.8856793138775,NC,MW,0.0018670990424562088,0.532098961937512
CENTRA,Colocation Datacenter,Datacenter,3.3000000000000003,35.2222689754161,-80.8365225680045,NC,MW,0.0035912382120964165,0.5864688078909632
ManagedWay,Colocation Datacenter,Datacenter,1.32,42.54066489126,-83.0984515965795,MI,MW,0.0014360642500461567,0.49707249917727087
Bank of America,Self-build Datacenter,Datacenter,3.96,37.6305225012371,-77.4646104953905,VA,MW,0.0043096295327798365,0.6014333584057593
JLL,Colocation Datacenter,Datacenter,3.3000000000000003,37.3606799505056,-77.3315665576703,VA,MW,0.0035912382120964165,0.5864688078909632
Lenovo,Self-build Datacenter,Datacenter,0.33,35.8657480665097,-78.8738496793739,NC,MW,3.584772690210266e-4,0.33446925260026933
Banco del Credito del Peru,Self-build Datacenter,Datacenter,6.6e-4,-12.0698104113345,-76.9368531838281,NA,MW,0,0
DartPoints,Colocation Datacenter,Datacenter,1.32,35.4881169275132,-82.5580578109959,NC,MW,0.0014360642500461567,0.49707249917727087
Coordinador Electrico Nacional,Self-build Datacenter,Datacenter,0.396,-33.4414491378615,-70.7745184293102,NA,MW,4.3031640108936856e-4,0.37692711334378215
TierPoint,Colocation Datacenter,Datacenter,0.6072000000000001,47.671869990687,-117.095898303155,WA,MW,6.602016237080631e-4,0.4134031412412845
Dell EMC,Self-build Datacenter,Datacenter,0.66,35.870123257225,-78.846379495066,NC,MW,7.176729293627365e-4,0.4155754666095678
US Signal,Colocation Datacenter,Datacenter,1.1880000000000002,42.8766693116035,-85.5643593385805,MI,MW,0.0012923859859094728,0.49273851559360243
Otava,Colocation Datacenter,Datacenter,0.792,42.3312057011426,-83.4194962730713,MI,MW,8.613511934994207e-4,0.45478548622291065
Atos,Self-build Datacenter,Datacenter,1.32,35.1801295035807,-80.9226632175782,NC,MW,0.0014360642500461567,0.49707249917727087
Iron Mountain,Colocation Datacenter,Datacenter,26.400000000000002,38.7757051170787,-77.5439168999861,VA,MW,0.02873493443601612,0.7650522155526219
Dynamic Quest,Self-build Datacenter,Datacenter,0.33,36.0497488508788,-79.881598050281,NC,MW,3.584772690210266e-4,0.33446925260026933
Banco del Credito del Peru,Self-build Datacenter,Datacenter,0.00132,-12.1796484136916,-77.0152378336495,NA,MW,7.1839132068342e-7,0.015074410706578851
Confiared,Colocation Datacenter,Datacenter,0.066,-17.7221093239457,-63.1566079162061,NA,MW,7.112074074765859e-5,0.1721534085159869
Wells Fargo,Self-build Datacenter,Datacenter,0.66,36.1407755646509,-80.2925572656157,NC,MW,7.176729293627365e-4,0.4155754666095678
Liberty Center One,Colocation Datacenter,Datacenter,0.46199999999999997,42.5334911947247,-83.1774925787086,MI,MW,5.021555331577106e-4,0.3902747392171655
US Signal,Colocation Datacenter,Datacenter,2.64,42.2355694918325,-83.4437422477224,MI,MW,0.002872846891412997,0.5631704731174867
Lumen Technologies,Self-build Datacenter,Datacenter,0.066,36.0689470328233,-79.9516264427883,NC,MW,7.112074074765859e-5,0.1721534085159869
Digital Fortress,Colocation Datacenter,Datacenter,19.14,40.5442159212565,-74.4965673011738,NJ,MW,0.020832629908498497,0.7400461339198185
Data Journey,Colocation Datacenter,Datacenter,66,35.7014549279026,-81.1565826949162,NC,MW,0.07183841367702132,0.8365570995351937
TIAA,Self-build Datacenter,Datacenter,0.66,35.3270758103642,-80.750507209249,NC,MW,7.176729293627365e-4,0.4155754666095678
TierPoint,Colocation Datacenter,Datacenter,0.198,43.0096203821183,-87.9610891885783,WI,MW,2.1479900488434258e-4,0.2853188752906802
Telus,Self-build Datacenter,Datacenter,0.33,51.088878342067,-114.002852680015,NA,MW,3.584772690210266e-4,0.33446925260026933
Microsoft,Self-build Datacenter,Datacenter,84.48,41.5162396646084,-93.7088574308672,IA,MW,0.09195337065615708,0.8595732288238225
Agility Colo,Colocation Datacenter,Datacenter,0.396,43.1513420259712,-88.0096448087083,WI,MW,4.3031640108936856e-4,0.37692711334378215
Expedient,Colocation Datacenter,Datacenter,1.056,42.863215430225,-87.9777557632907,WI,MW,0.0011487077217727888,0.48523303232781584
Microsoft,Self-build Datacenter,Datacenter,129.36,41.5316173375347,-93.8619299060835,IA,MW,0.14080398046262962,0.8901908614807073
Ritter Communications,Colocation Datacenter,Datacenter,0.264,35.815429762516104,-90.6893689613977,AR,MW,2.8663813695268463e-4,0.315989724875794
TierPoint,Colocation Datacenter,Datacenter,5.94,30.2163654812058,-81.5819428069464,FL,MW,0.006464803494830097,0.6344822178279486
Centersquare,Self-build Datacenter,Datacenter,0.066,34.744670507853,-92.2719225552321,AR,MW,7.112074074765859e-5,0.1721534085159869
Centrilogic,Colocation Datacenter,Datacenter,0.66,43.1671697110326,-77.6730796054701,NY,MW,7.176729293627365e-4,0.4155754666095678
OneNeck IT Solutions,Colocation Datacenter,Datacenter,2.0460000000000003,42.9947141499046,-89.4232225540455,WI,MW,0.0022262947027979186,0.5503895357677484
STACK Infrastructure,Colocation Datacenter,Datacenter,34.518,40.1062760891587,-82.8007078905623,OH,MW,0.03757114768042218,0.7918435417811365
Ascenty,Colocation Datacenter,Datacenter,13.200000000000001,20.5891270470804,-100.153943799069,NA,MW,0.014367108022347716,0.709905288357056
Stafford Associates,Colocation Datacenter,Datacenter,0.33,40.9305540489674,-73.1139108085739,NY,MW,3.584772690210266e-4,0.33446925260026933
Lumen Technologies,Self-build Datacenter,Datacenter,0.198,45.4571497754462,-73.7152554359656,NA,MW,2.1479900488434258e-4,0.2853188752906802
CyberOne Data,Colocation Datacenter,Datacenter,0.1188,44.3425636601449,-89.8597426198467,WI,MW,1.285920464023322e-4,0.24504928995455497
Lumen Technologies,Self-build Datacenter,Datacenter,0.33,42.6614537012697,-73.7476124779321,NY,MW,3.584772690210266e-4,0.33446925260026933
Lincoln,Colocation Datacenter,Datacenter,2.64,33.9265703892654,-84.3265366338927,GA,MW,0.002872846891412997,0.5631704731174867
1547 Critical Systems Realty,Colocation Datacenter,Datacenter,7.92,43.0391490611606,-87.906789131367,WI,MW,0.008619977456880357,0.66263248323203
CenturyLink,Self-build Datacenter,Datacenter,1.98,38.920054793834,-77.2116496865065,VA,MW,0.002154455570729577,0.5378026804166678
Lumen Technologies,Self-build Datacenter,Datacenter,0.99,42.8759269743152,-78.867475943469,NY,MW,0.0010768685897044467,0.46920446292403056
Grupo Gtd,Colocation Datacenter,Datacenter,11.88,-12.2959181709549,-76.8343246163776,NA,MW,0.012930325380980877,0.6991736673911049
5Nines,Colocation Datacenter,Datacenter,0.132,43.0733456738987,-89.387006625293,WI,MW,1.4295987281600058e-4,0.24754281120651617
HostRocket,Colocation Datacenter,Datacenter,0.66,42.8495219497594,-73.7568745222036,NY,MW,7.176729293627365e-4,0.4155754666095678
Win Empresas,Self-build Datacenter,Datacenter,0.3168,-12.0876968432233,-77.0185598618688,NA,MW,3.441094426073582e-4,0.3334959151540544
Claro,Self-build Datacenter,Datacenter,2.0460000000000003,-12.2097087698717,-76.9625300546437,NA,MW,0.0022262947027979186,0.5503895357677484
Equinix,Colocation Datacenter,Datacenter,4.62,4.67137691991242,-74.1608671958545,NA,MW,0.005028020853463257,0.6168196233655726
The Division of Information Systems (DIS),Self-build Datacenter,Datacenter,0.23099999999999998,34.7475577638159,-92.2909837329085,AR,MW,2.5071857091851356e-4,0.3101542499938824
Microsoft,Self-build Datacenter,Datacenter,92.4,41.5160657269752,-93.7187509369626,IA,MW,0.10057406650435811,0.8659077710961872
SBA Edge,Colocation Datacenter,Datacenter,5.94,30.3314625801353,-81.6623862696858,FL,MW,0.006464803494830097,0.6344822178279486
Amazon Web Services,Self-build Datacenter,Datacenter,52.800000000000004,45.819531591774,-119.628754748409,OR,MW,0.05747058726335291,0.8181589709291481
NASA,Self-build Datacenter,Datacenter,1.32,37.0883619981756,-76.3787880525605,VA,MW,0.0014360642500461567,0.49707249917727087
Globalinx,Colocation Datacenter,Datacenter,20.196,36.7842111330941,-76.0085888946011,VA,MW,0.021982056021591968,0.7466183015436781
NTT Global Data Centers,Colocation Datacenter,Datacenter,23.76,39.0163703505955,-77.4722602704634,VA,MW,0.025861369153282437,0.7567185933142181
KB IT Group,Self-build Datacenter,Datacenter,0.264,41.6318827476781,-72.6778744714438,CT,MW,2.8663813695268463e-4,0.315989724875794
William & Mary,Self-build Datacenter,Datacenter,0.396,37.2691003901783,-76.7178308157149,VA,MW,4.3031640108936856e-4,0.37692711334378215
Shaw Communications,Self-build Datacenter,Datacenter,0.198,51.0263591194754,-114.059753505917,NA,MW,2.1479900488434258e-4,0.2853188752906802
H5 Data Centers,Colocation Datacenter,Datacenter,11.88,43.1686989123778,-78.7515866830505,NY,MW,0.012930325380980877,0.6991736673911049
Lumos,Self-build Datacenter,Datacenter,0.66,37.792752830778,-79.9965551315581,VA,MW,7.176729293627365e-4,0.4155754666095678
Microsoft,Self-build Datacenter,Datacenter,88.96800000000002,42.0232367796727,-87.9726657265123,IL,MW,0.09683843163680433,0.8635578719717802
IronGate,Colocation Datacenter,Datacenter,3.96,44.9464900220472,-92.953010890303,MN,MW,0.0043096295327798365,0.6014333584057593
Visa,Self-build Datacenter,Datacenter,4.62,39.0503709533786,-77.4456425423502,VA,MW,0.005028020853463257,0.6168196233655726
Aunalytics,Self-build Datacenter,Datacenter,1.122,41.6599116270624,-86.2582762181387,IN,MW,0.0012205468538411307,0.48922216070846786
Digital Realty,Colocation Datacenter,Datacenter,7.458000000000001,47.6144309308606,-122.33974678598901,WA,MW,0.008117103532401963,0.6611952934525379
Telxius,Self-build Datacenter,Datacenter,1.32,36.7775938119413,-76.0071622633929,VA,MW,0.0014360642500461567,0.49707249917727087
COMSAT,Self-build Datacenter,Datacenter,0.198,34.402030650897,-119.073323514808,CA,MW,2.1479900488434258e-4,0.2853188752906802
EVEO,Self-build Datacenter,Datacenter,0.66,-23.6233047811018,-46.6954635417692,NA,MW,7.176729293627365e-4,0.4155754666095678
University of Illinois Urbana Champaign,Self-build Datacenter,Datacenter,15.84,40.0951687998973,-88.2420701081924,IL,MW,0.017240673305081396,0.7248045581963534
NTT Global Data Centers,Colocation Datacenter,Datacenter,13.200000000000001,39.0201588797663,-77.4755238977172,VA,MW,0.014367108022347716,0.709905288357056
ChimeNet,Colocation Datacenter,Datacenter,0.66,41.4867293954857,-72.8010590501401,CT,MW,7.176729293627365e-4,0.4155754666095678
Lumos,Self-build Datacenter,Datacenter,0.66,38.0696924253963,-78.890414109832,VA,MW,7.176729293627365e-4,0.4155754666095678
Amazon Web Services,Self-build Datacenter,Datacenter,46.596,40.0612436932449,-83.1351954155374,OH,MW,0.05071770884892876,0.8073621506081704
Mass General Brigham,Self-build Datacenter,Datacenter,1.7160000000000002,42.3264487663268,-71.5921438346322,MA,MW,0.0018670990424562088,0.532098961937512
Verizon,Self-build Datacenter,Datacenter,3.96,38.8045785445863,-77.5118824802253,VA,MW,0.0043096295327798365,0.6014333584057593
Allstate Insurance Company,Self-build Datacenter,Datacenter,1.32,41.9443611234315,-89.032948764913,IL,MW,0.0014360642500461567,0.49707249917727087
DP Facilities,Colocation Datacenter,Datacenter,29.700000000000003,36.9780459954523,-82.5267661848008,VA,MW,0.03232689103943322,0.7761231252406989
Comcast,Self-build Datacenter,Datacenter,2.64,39.9986509367864,-75.5740690334885,PA,MW,0.002872846891412997,0.5631704731174867
Northern Trust,Self-build Datacenter,Datacenter,1.32,41.9420110514587,-89.0321723745003,IL,MW,0.0014360642500461567,0.49707249917727087
Lumos,Self-build Datacenter,Datacenter,0.132,38.4593121030409,-78.8747483355842,VA,MW,1.4295987281600058e-4,0.24754281120651617
American Express,Self-build Datacenter,Datacenter,0.46199999999999997,43.7727151564134,-79.3287035848196,NA,MW,5.021555331577106e-4,0.3902747392171655
Novartis,Self-build Datacenter,Datacenter,1.98,32.6512640539238,-97.3197764751821,TX,MW,0.002154455570729577,0.5378026804166678
Goonhilly Earth Station,Self-build Datacenter,Datacenter,0.132,41.4517399007954,-73.2893588123681,CT,MW,1.4295987281600058e-4,0.24754281120651617
IronGate,Colocation Datacenter,Datacenter,0.66,44.9438668213397,-92.9368643730156,MN,MW,7.176729293627365e-4,0.4155754666095678
Microsoft,Self-build Datacenter,Datacenter,2.31,47.7945604599154,-122.196703428065,WA,MW,0.0025136512310712867,0.5553540616822411
Colostore,Colocation Datacenter,Datacenter,0.99,41.6672742227436,-86.2670442345321,IN,MW,0.0010768685897044467,0.46920446292403056
Digital Realty,Colocation Datacenter,Datacenter,823.6800000000001,38.9640927316423,-77.4927054956795,VA,MW,0.8965516498215875,0.9849255892934197
TierPoint,Colocation Datacenter,Datacenter,0.528,43.6077276073692,-96.809064060308,SD,MW,5.739946652260526e-4,0.4001521973645303
KIO Networks,Colocation Datacenter,Datacenter,3.96,4.67478320453424,-74.1550945665643,NA,MW,0.0043096295327798365,0.6014333584057593
Fannie Mae,Self-build Datacenter,Datacenter,3.96,39.3201714503846,-77.3495985883514,MD,MW,0.0043096295327798365,0.6014333584057593
Equinix,Colocation Datacenter,Datacenter,8.91,33.7589293558071,-84.3881141087833,GA,MW,0.009697564437905487,0.674260782454463
ImOn Communications,Self-build Datacenter,Datacenter,0.396,42.4980671528372,-96.4039277888988,IA,MW,4.3031640108936856e-4,0.37692711334378215
Mapletree,Colocation Datacenter,Datacenter,3.3000000000000003,34.0968185912671,-84.2369267479064,GA,MW,0.0035912382120964165,0.5864688078909632
BP,Self-build Datacenter,Datacenter,3.3000000000000003,29.7840171857125,-95.6285878153433,TX,MW,0.0035912382120964165,0.5864688078909632
Amazon Web Services,Self-build Datacenter,Datacenter,56.760000000000005,38.735418527541,-77.5054107704371,VA,MW,0.06178093518745344,0.8265931000602288
MDC Data Centers,Colocation Datacenter,Datacenter,0.33,32.5942348097573,-117.085428994662,CA,MW,3.584772690210266e-4,0.33446925260026933
Federal Bureau of Investigation,Self-build Datacenter,Datacenter,1.98,42.9049494284569,-112.46390264504,ID,MW,0.002154455570729577,0.5378026804166678
Virginia Commonwealth University,Self-build Datacenter,Datacenter,0.99,37.5493301205732,-77.4486900638158,VA,MW,0.0010768685897044467,0.46920446292403056
Social Security Administration,Self-build Datacenter,Datacenter,3.96,39.3133338358055,-77.3477313010715,MD,MW,0.0043096295327798365,0.6014333584057593
General Electric,Self-build Datacenter,Datacenter,1.6500000000000001,39.288108500254,-84.3212686310639,OH,MW,0.0017952599103878667,0.5253577947705927
ImOn Communications,Self-build Datacenter,Datacenter,0.05280000000000001,42.4996480607064,-96.3899143093156,IA,MW,5.675291433399018e-5,0.1678782234493634
Ensono,Self-build Datacenter,Datacenter,3.036,41.8275379751394,-88.024657617601,IL,MW,0.0033038816838230484,0.5813737134421796
AT&T,Self-build Datacenter,Datacenter,0.66,43.052855867081,-88.2305000757277,WI,MW,7.176729293627365e-4,0.4155754666095678
Mapletree Industrial,Colocation Datacenter,Datacenter,2.0460000000000003,42.0748246019347,-88.3411457216773,IL,MW,0.0022262947027979186,0.5503895357677484
Iron Mountain,Colocation Datacenter,Datacenter,29.040000000000003,38.7743487062367,-77.5451220289461,VA,MW,0.0316084997187498,0.7752648114330342
Google,Self-build Datacenter,Datacenter,182.16,39.7257432936076,-82.6854539806187,OH,MW,0.19827528611730325,0.9134433231269092
Amazon Web Services,Self-build Datacenter,Datacenter,51.018,40.0948044307695,-82.752441579589,OH,MW,0.055530930697507676,0.8169991863826778
1547 Critical Systems Realty,Colocation Datacenter,Datacenter,0.99,41.8725942275383,-87.633252212144,IL,MW,0.0010768685897044467,0.46920446292403056
Frontier Communications,Self-build Datacenter,Datacenter,0.66,41.1387644357028,-85.1380529246079,IN,MW,7.176729293627365e-4,0.4155754666095678
Sitco Business Solutions,Colocation Datacenter,Datacenter,0.66,38.0202532697531,-87.5211329682431,IN,MW,7.176729293627365e-4,0.4155754666095678
GE Appliances,Self-build Datacenter,Datacenter,1.221,38.1684557603925,-85.6482373670817,KY,MW,0.0013283055519436437,0.495667121952323
CloudHQ,Colocation Datacenter,Datacenter,0.66,45.3032657144099,-93.6263865577285,MN,MW,7.176729293627365e-4,0.4155754666095678
Pfizer,Self-build Datacenter,Datacenter,0.66,41.3344986731362,-72.0706348215072,CT,MW,7.176729293627365e-4,0.4155754666095678
Triara,Colocation Datacenter,Datacenter,6.6000000000000005,20.6115174936153,-100.394509881278,NA,MW,0.007183194815513517,0.6455658398812243
AboutBit,Self-build Datacenter,Datacenter,75.9,39.067889,-87.513056,IN,MW,0.08261428348727262,0.848461239826838
Triara,Colocation Datacenter,Datacenter,0.33,19.4729709171283,-99.1916905387486,NA,MW,3.584772690210266e-4,0.33446925260026933
Triara,Colocation Datacenter,Datacenter,1.32,25.7840336165055,-100.180259078215,NA,MW,0.0014360642500461567,0.49707249917727087
Flexential,Colocation Datacenter,Datacenter,23.76,45.5567060313195,-122.939338598549,OR,MW,0.025861369153282437,0.7567185933142181
Amazon Web Services,Self-build Datacenter,Datacenter,31.68,38.9964550936643,-77.4735546553763,VA,MW,0.03448206500148348,0.7807847652914531
DartPoints,Colocation Datacenter,Datacenter,1.584,30.4539932468295,-91.1154339896448,LA,MW,0.0017234207783195247,0.5212325990682144
Plateau,Colocation Datacenter,Datacenter,0.33,34.4720761084472,-103.195108112303,NM,MW,3.584772690210266e-4,0.33446925260026933
Triara,Self-build Datacenter,Datacenter,0.66,21.1550121105354,-86.8301113361305,NA,MW,7.176729293627365e-4,0.4155754666095678
365 Data Centers,Colocation Datacenter,Datacenter,0.264,42.4698605510132,-83.2598743965947,MI,MW,2.8663813695268463e-4,0.315989724875794
Amazon Web Services,Self-build Datacenter,Datacenter,29.700000000000003,38.9160541683517,-77.4786353193988,VA,MW,0.03232689103943322,0.7761231252406989
Choctaw Nation of Oklahoma,Self-build Datacenter,Datacenter,0.528,33.9717042699539,-96.4028760915145,OK,MW,5.739946652260526e-4,0.4001521973645303
Meta,Self-build Datacenter,Datacenter,260.04,33.5993697056638,-83.6732178898826,GA,MW,0.28304546195794683,0.9405362481802283
EdgeConneX,Colocation Datacenter,Datacenter,4.752000000000001,42.0014396219031,-87.9526172486049,IL,MW,0.00517169911759994,0.6220928091743572
Veolia,Colocation Datacenter,Datacenter,1.32,45.8833682543702,-72.5272368627499,NA,MW,0.0014360642500461567,0.49707249917727087
DataBank,Colocation Datacenter,Datacenter,3.96,33.7343379493592,-84.4266098760513,GA,MW,0.0043096295327798365,0.6014333584057593
Digital Realty,Colocation Datacenter,Datacenter,23.76,41.9278029647133,-87.8616362069589,IL,MW,0.025861369153282437,0.7567185933142181
Eternal Mind,Self-build Datacenter,Datacenter,0.66,46.9400304466632,-67.9056568743192,ME,MW,7.176729293627365e-4,0.4155754666095678
Sentinum,Self-build Datacenter,Datacenter,13.200000000000001,47.10900682809,-109.11498433475,MT,MW,0.014367108022347716,0.709905288357056
Lumen Technologies,Colocation Datacenter,Datacenter,0.33,32.2242772843478,-110.96894515208,AZ,MW,3.584772690210266e-4,0.33446925260026933
Surfix,Colocation Datacenter,Datacenter,0.198,-8.10701682537131,-34.8907838754592,NA,MW,2.1479900488434258e-4,0.2853188752906802
Rack59,Colocation Datacenter,Datacenter,0.5544,35.4669680409415,-97.6495365466135,OK,MW,6.027303180533894e-4,0.4079936646532089
STACK Infrastructure,Colocation Datacenter,Datacenter,36.96,51.3019503282427,-113.979518984135,NA,MW,0.04022919556695084,0.7947461664065807
Exaion,Colocation Datacenter,Datacenter,0.66,45.3784908511644,-71.9425842964777,NA,MW,7.176729293627365e-4,0.4155754666095678
Mexico Telecom Partners,Colocation Datacenter,Datacenter,0.66,19.3630778719364,-99.2812086182142,NA,MW,7.176729293627365e-4,0.4155754666095678
ManagedWay,Colocation Datacenter,Datacenter,0.33,42.5372419470779,-83.0998808188145,MI,MW,3.584772690210266e-4,0.33446925260026933
Vantage Data Centers,Colocation Datacenter,Datacenter,42.24,37.3707554835503,-121.974762191991,CA,MW,0.0459763261324182,0.8014206851304136
Microsoft,Self-build Datacenter,Datacenter,10.56,20.5919200216886,-100.157932320033,NA,MW,0.011493542739614037,0.6880616533755357
CBRE,Self-build Datacenter,Datacenter,0.264,42.7847638432968,-71.2520298134934,NH,MW,2.8663813695268463e-4,0.315989724875794
Colliers,Colocation Datacenter,Datacenter,0.792,40.4476326762315,-80.1567187153421,PA,MW,8.613511934994207e-4,0.45478548622291065
The University of Oklahoma,Self-build Datacenter,Datacenter,0.44220000000000004,35.4816460871447,-97.4941280520891,OK,MW,4.80603793537208e-4,0.38932748815186063
Hanna Commercial Real Estate,Colocation Datacenter,Datacenter,4.1316,40.4366806071314,-80.1453985497718,PA,MW,0.004496411276157525,0.6095901296946903
Microsoft,Self-build Datacenter,Datacenter,0.33,20.6617199237328,-100.105922051487,NA,MW,3.584772690210266e-4,0.33446925260026933
American Tower,Colocation Datacenter,Datacenter,0.066,39.7881178081435,-104.987832095498,CO,MW,7.112074074765859e-5,0.1721534085159869
American Tower,Colocation Datacenter,Datacenter,0.066,39.9140138844211,-105.09974808006,CO,MW,7.112074074765859e-5,0.1721534085159869
Thin-nology,Colocation Datacenter,Datacenter,0.528,30.421149073646,-97.5916191120294,TX,MW,5.739946652260526e-4,0.4001521973645303
Windstream,Self-build Datacenter,Datacenter,0.5940000000000001,40.7549314042027,-96.6831358016145,NE,MW,6.458337972943946e-4,0.4101907163362423
Compugen,Self-build Datacenter,Datacenter,1.122,40.1045541740722,-82.8052353220874,OH,MW,0.0012205468538411307,0.48922216070846786
DCX USA,Colocation Datacenter,Datacenter,7.92,33.4114178012585,-112.412098908217,AZ,MW,0.008619977456880357,0.66263248323203
Aureon,Colocation Datacenter,Datacenter,0.99,41.588023951016,-93.631063661072,IA,MW,0.0010768685897044467,0.46920446292403056
Exa Infrastructure,Self-build Datacenter,Datacenter,0.132,44.5617604243514,-63.5614578764404,NA,MW,1.4295987281600058e-4,0.24754281120651617
Edged,Colocation Datacenter,Datacenter,15.84,39.1570250810526,-94.4641104603953,MO,MW,0.017240673305081396,0.7248045581963534
Sparkle,Self-build Datacenter,Datacenter,3.168,8.97541999030356,-79.5665491118195,NA,MW,0.003447559947959732,0.5832783197914386
Edge Centres,Colocation Datacenter,Datacenter,0.099,38.6263292601442,-90.1819203547582,MO,MW,1.0704030678182957e-4,0.23061307124173125
The University of Oklahoma,Self-build Datacenter,Datacenter,0.33,35.1837375362577,-97.4371276206779,OK,MW,3.584772690210266e-4,0.33446925260026933
The University of Oklahoma,Self-build Datacenter,Datacenter,0.099,36.101859376303,-95.9246052911899,OK,MW,1.0704030678182957e-4,0.23061307124173125
Exa Infrastructure,Colocation Datacenter,Datacenter,0.5940000000000001,43.6447982777522,-79.3888052946859,NA,MW,6.458337972943946e-4,0.4101907163362423
Kyndryl,Self-build Datacenter,Datacenter,1.7160000000000002,39.9665268247409,-83.1211640389501,OH,MW,0.0018670990424562088,0.532098961937512
Ufinet,Colocation Datacenter,Datacenter,1.32,8.99413080649286,-79.5276618554231,NA,MW,0.0014360642500461567,0.49707249917727087
Amazon Web Services,Self-build Datacenter,Datacenter,918.72,40.1154857180635,-82.7509169678644,OH,MW,1,1
Ark Data Centers,Colocation Datacenter,Datacenter,1.32,32.1723022422186,-110.954445097045,AZ,MW,0.0014360642500461567,0.49707249917727087
TECfusions,Self-build Datacenter,Datacenter,1.98,32.1735518164451,-110.913445459139,AZ,MW,0.002154455570729577,0.5378026804166678
Teccloud,Colocation Datacenter,Datacenter,0.198,-29.6715218898354,-51.0444979663397,NA,MW,2.1479900488434258e-4,0.2853188752906802
Ace Host,Self-build Datacenter,Datacenter,1.32,27.9491096618493,-82.456982977439,FL,MW,0.0014360642500461567,0.49707249917727087
Ufinet,Self-build Datacenter,Datacenter,1.122,-2.07642389828458,-79.9229581568422,NA,MW,0.0012205468538411307,0.48922216070846786
Scala,Colocation Datacenter,Datacenter,6.6000000000000005,-23.4965072446344,-46.8146514571318,NA,MW,0.007183194815513517,0.6455658398812243
Takoda Data Centers,Colocation Datacenter,Datacenter,0.66,-23.6504264179373,-46.7298459680957,NA,MW,7.176729293627365e-4,0.4155754666095678
Scala,Colocation Datacenter,Datacenter,15.84,-23.4973594420811,-46.815725056066,NA,MW,0.017240673305081396,0.7248045581963534
Google,Self-build Datacenter,Datacenter,104.28,32.535697283014,-96.7942783002729,TX,MW,0.11350511027665967,0.8752617413263094
Amazon Web Services,Self-build Datacenter,Datacenter,155.232,40.0950626810192,-82.7323573125556,OH,MW,0.1689649202334197,0.9036479875506779
Navegalo,Colocation Datacenter,Datacenter,6.6000000000000005,9.93595491872744,-84.0964366204409,NA,MW,0.007183194815513517,0.6455658398812243
Mainland China Mobile,Self-build Datacenter,Datacenter,9.9,37.236517849728,-121.781801886875,CA,MW,0.010775151418930618,0.6833128712366293
Equinix,Colocation Datacenter,Datacenter,16.5,40.7752400117642,-74.0680422576703,NJ,MW,0.017959064625764815,0.7301827761839543
Edged,Colocation Datacenter,Datacenter,15.84,32.8175842198743,-96.9180866935048,TX,MW,0.017240673305081396,0.7248045581963534
American Tower,Colocation Datacenter,Datacenter,0.198,29.4004967520734,-98.6403858328867,TX,MW,2.1479900488434258e-4,0.2853188752906802
Elevance Health,Self-build Datacenter,Datacenter,2.97,38.4621814762489,-78.8564835290501,VA,MW,0.0032320425517547062,0.5784668419763419
Stream Data Centers,Colocation Datacenter,Datacenter,3.168,44.807193389852,-93.6369030107359,MN,MW,0.003447559947959732,0.5832783197914386
Columbia Data Vault,Colocation Datacenter,Datacenter,1.6500000000000001,43.4787460594086,-80.5435658040769,NA,MW,0.0017952599103878667,0.5253577947705927
Teccloud,Colocation Datacenter,Datacenter,1.32,-29.9987305929214,-51.1938718453784,NA,MW,0.0014360642500461567,0.49707249917727087
T-Mobile,Self-build Datacenter,Datacenter,0.495,39.1782353344869,-76.7312213765098,MD,MW,5.380750991918815e-4,0.3964431014066308
Princeton Research Computing,Self-build Datacenter,Datacenter,1.98,40.3462514565189,-74.6162046191026,NJ,MW,0.002154455570729577,0.5378026804166678
Amazon Web Services,Self-build Datacenter,Datacenter,39.6,40.102878216,-83.199715959,OH,MW,0.04310276084968452,0.7970459035014654
Google,Self-build Datacenter,Datacenter,212.91600000000003,40.059495,-82.764378,OH,MW,0.23175232166115065,0.9212205814915387
Edged,Colocation Datacenter,Datacenter,118.80000000000001,33.8096107510398,-84.4555611925124,GA,MW,0.1293097193316949,0.8834827988820975
Digital Realty,Colocation Datacenter,Datacenter,33.660000000000004,38.9897012433844,-77.4347951737741,VA,MW,0.03663723896353374,0.7899408696723643
Meta,Self-build Datacenter,Datacenter,390.456,40.068799,-82.750545,OH,MW,0.4249995869249906,0.9537887824928228
StayPoint,Colocation Datacenter,Datacenter,0.99,41.6990648404397,-72.7545476865054,CT,MW,0.0010768685897044467,0.46920446292403056
Comcast,Self-build Datacenter,Datacenter,1.32,39.9894246906525,-74.8895428423289,NJ,MW,0.0014360642500461567,0.49707249917727087
Ark Data Centers,Colocation Datacenter,Datacenter,19.14,41.0575214534467,-81.5223509756196,OH,MW,0.020832629908498497,0.7400461339198185
Ark Data Centers,Colocation Datacenter,Datacenter,0.2442,41.1183894766764,-80.6570262953866,OH,MW,2.6508639733218196e-4,0.3144128728922077
Iron Mountain,Colocation Datacenter,Datacenter,21.12,38.776099883013,-77.5402783450589,VA,MW,0.022987803870548756,0.7478184255115174
CyrusOne,Colocation Datacenter,Datacenter,6.6000000000000005,39.3848479279014,-84.5665642251892,OH,MW,0.007183194815513517,0.6455658398812243
MCM Telecom,Colocation Datacenter,Datacenter,0.33,19.4315033461972,-99.2127483699416,NA,MW,3.584772690210266e-4,0.33446925260026933
CyrusOne,Colocation Datacenter,Datacenter,0.66,39.244995,-84.379959,OH,MW,7.176729293627365e-4,0.4155754666095678
Equinix,Colocation Datacenter,Datacenter,3.3000000000000003,-22.7964209876414,-43.3562348786348,NA,MW,0.0035912382120964165,0.5864688078909632
Vibrint,Self-build Datacenter,Datacenter,0.66,39.1309942181251,-76.7909051,MD,MW,7.176729293627365e-4,0.4155754666095678
QTS Datacenters,Colocation Datacenter,Datacenter,47.52,33.7826809811056,-84.420324150891,GA,MW,0.051723456697885556,0.807719986018711
Evocative,Colocation Datacenter,Datacenter,7.92,33.015723098625,-96.768863646332,TX,MW,0.008619977456880357,0.66263248323203
MetLife,Self-build Datacenter,Datacenter,3.96,42.6844310813949,-73.6966232524039,NY,MW,0.0043096295327798365,0.6014333584057593
Everest Digital,Colocation Datacenter,Datacenter,2.31,-16.6893005841878,-49.2413929263884,NA,MW,0.0025136512310712867,0.5553540616822411
Microsoft,Self-build Datacenter,Datacenter,3.3000000000000003,20.5889554608258,-100.198615870166,NA,MW,0.0035912382120964165,0.5864688078909632
Google,Self-build Datacenter,Datacenter,118.80000000000001,38.777566740039,-77.5819847157313,VA,MW,0.1293097193316949,0.8834827988820975
Shaw Communications,Self-build Datacenter,Datacenter,0.264,51.0765095868021,-114.011070625457,NA,MW,2.8663813695268463e-4,0.315989724875794
Merrill Lynch,Self-build Datacenter,Datacenter,2.64,40.6073657278572,-74.1729629338422,NY,MW,0.002872846891412997,0.5631704731174867
Ark Data Centers,Colocation Datacenter,Datacenter,14.058000000000002,44.2046920170265,-88.344934702585,WI,MW,0.015301016739236162,0.7191615452983452
Terawulf,Self-build Datacenter,Datacenter,33,41.0830661129665,-76.1523323386315,PA,MW,0.03591884764285032,0.7862093600561548
LOGIX,Colocation Datacenter,Datacenter,0.33,30.26124534,-97.7220813,TX,MW,3.584772690210266e-4,0.33446925260026933
Equinix,Colocation Datacenter,Datacenter,12.672,39.0246351913476,-77.4524664940274,VA,MW,0.01379239496580098,0.7075587423167835
Edge Centres,Colocation Datacenter,Datacenter,1.32,38.6309687035975,-90.1928620372729,MO,MW,0.0014360642500461567,0.49707249917727087
Hut 8,Self-build Datacenter,Datacenter,31.68,50.0931462967153,-110.738627489377,NA,MW,0.03448206500148348,0.7807847652914531
NYS Office of the State Comptroller,Self-build Datacenter,Datacenter,0.66,42.679001981393,-73.6987413441757,NY,MW,7.176729293627365e-4,0.4155754666095678
Santander,Self-build Datacenter,Datacenter,1.98,20.6152197796308,-100.408915429742,NA,MW,0.002154455570729577,0.5378026804166678
Triara,Self-build Datacenter,Datacenter,0.66,6.22426170204702,-75.5701462429888,NA,MW,7.176729293627365e-4,0.4155754666095678
Verizon,Self-build Datacenter,Datacenter,1.32,42.6784809930166,-73.6969202820641,NY,MW,0.0014360642500461567,0.49707249917727087
NTT Global Data Centers,Colocation Datacenter,Datacenter,30.360000000000003,32.980861937,-96.656455247,TX,MW,0.03304528236011664,0.7778544155721873
Triara,Self-build Datacenter,Datacenter,0.66,4.62908202834507,-74.1010213362658,NA,MW,7.176729293627365e-4,0.4155754666095678
Grupo Salinas,Self-build Datacenter,Datacenter,2.64,20.5533160985682,-100.277881454502,NA,MW,0.002872846891412997,0.5631704731174867
American Electric Company,Self-build Datacenter,Datacenter,1.32,39.8810695564969,-82.8819609648282,OH,MW,0.0014360642500461567,0.49707249917727087
Hut 8,Self-build Datacenter,Datacenter,12.342,51.5038901305946,-112.72724929258,NA,MW,0.013433199305459269,0.706009069921526
Triara,Self-build Datacenter,Datacenter,0.66,11.0061897082716,-74.8976117850821,NA,MW,7.176729293627365e-4,0.4155754666095678
365 Data Centers,Colocation Datacenter,Datacenter,1.32,26.3818075403052,-80.0839633337831,FL,MW,0.0014360642500461567,0.49707249917727087
American Electric Company,Self-build Datacenter,Datacenter,0.792,40.1037448704946,-82.8089955596755,OH,MW,8.613511934994207e-4,0.45478548622291065
365 Data Centers,Colocation Datacenter,Datacenter,0.66,26.1848096307719,-80.1906923502302,FL,MW,7.176729293627365e-4,0.4155754666095678
365 Data Centers,Colocation Datacenter,Datacenter,0.99,27.9497446857853,-82.4582234083046,FL,MW,0.0010768685897044467,0.46920446292403056
TierPoint,Colocation Datacenter,Datacenter,3.3000000000000003,32.97979177,-97.25227341,TX,MW,0.0035912382120964165,0.5864688078909632
CMG,Self-build Datacenter,Datacenter,0.099,51.0857646683378,-114.133449819808,NA,MW,1.0704030678182957e-4,0.23061307124173125
165 Halsey Street,Colocation Datacenter,Datacenter,31.947300000000002,40.736857,-74.173404,NJ,MW,0.03477301348636026,0.7840760226029061
Telus,Self-build Datacenter,Datacenter,0.132,51.0440268030861,-114.095776553228,NA,MW,1.4295987281600058e-4,0.24754281120651617
TAAL,Self-build Datacenter,Datacenter,19.8,47.0613331851923,-67.7488001153442,NA,MW,0.021551021229181917,0.742365222627286
ODATA,Colocation Datacenter,Datacenter,148.5,20.5288961594472,-100.24034286183,NA,MW,0.16163732876244882,0.9018351647208072
HIVE,Self-build Datacenter,Datacenter,27.720000000000002,47.0665205033991,-67.7481680441802,NA,MW,0.03017171707738296,0.7727183356618712
Cirion,Colocation Datacenter,Datacenter,13.200000000000001,-12.2384511446008,-76.8169603245111,NA,MW,0.014367108022347716,0.709905288357056
KIO Networks,Colocation Datacenter,Datacenter,0.0396,21.0360097759024,-89.5950645731394,NA,MW,4.238508792032178e-5,0.1583593782957809
Stream Data Centers,Colocation Datacenter,Datacenter,59.400000000000006,32.5815722803608,-96.7010472883563,TX,MW,0.06465450047018712,0.828267322110371
KIO Networks,Colocation Datacenter,Datacenter,0.21120000000000003,20.9294410907815,-89.6814246954558,NA,MW,2.29166831298011e-4,0.307451345353899
KIO Networks,Colocation Datacenter,Datacenter,0.099,29.0854207639266,-110.961020837314,NA,MW,1.0704030678182957e-4,0.23061307124173125
HIVE,Self-build Datacenter,Datacenter,19.8,45.6359457058031,-74.2898919375652,NA,MW,0.021551021229181917,0.742365222627286
CoreSite,Colocation Datacenter,Datacenter,1.1879999999999935,28.4271606242541,-81.4198853311772,FL,MW,0.0012923859859094655,0.49203545034403606
National Security Agency,Self-build Datacenter,Datacenter,4.29,39.1091629013082,-76.7710316925875,MD,MW,0.004668825193121546,0.6108080250133169
DÄSTOR,Colocation Datacenter,Datacenter,1.32,39.6872268611062,-75.5744369447939,DE,MW,0.0014360642500461567,0.49707249917727087
Amazon Web Services,Self-build Datacenter,Datacenter,4.488,41.6084980589014,-87.1687177710023,IN,MW,0.004884342589326573,0.615581999585273
CSX Corporation,Colocation Datacenter,Datacenter,3.96,30.2613524351492,-81.6011065016264,FL,MW,0.0043096295327798365,0.6014333584057593
Tecto,Colocation Datacenter,Datacenter,1.32,11.0218297810726,-74.9260973845166,NA,MW,0.0014360642500461567,0.49707249917727087
HCL Technologies,Self-build Datacenter,Datacenter,1.32,40.8727447760482,-74.4518165284893,NJ,MW,0.0014360642500461567,0.49707249917727087
Equinix,Colocation Datacenter,Datacenter,15.180000000000001,37.2407011920364,-121.78579033557,CA,MW,0.016522281984397976,0.7231152642639214
Meta,Self-build Datacenter,Datacenter,330,33.3416914220668,-111.631092014367,AZ,MW,0.35919494195038937,0.9495892031425119
SATO Technologies,Self-build Datacenter,Datacenter,13.200000000000001,46.0191713110784,-73.4294040280005,NA,MW,0.014367108022347716,0.709905288357056
Amazon Web Services,Self-build Datacenter,Datacenter,52.800000000000004,45.8828130912239,-119.34074915428,OR,MW,0.05747058726335291,0.8181589709291481
Lumen Technologies,Self-build Datacenter,Datacenter,0.5082,31.8670327325307,-106.698149204363,NM,MW,5.5244292560555e-4,0.3992280194689741
Expedient,Colocation Datacenter,Datacenter,4.29,40.1547543022353,-83.014154364418,OH,MW,0.004668825193121546,0.6108080250133169
Ufinet,Self-build Datacenter,Datacenter,0.33,11.0220921810372,-74.926866209152,NA,MW,3.584772690210266e-4,0.33446925260026933
DataBank,Colocation Datacenter,Datacenter,8.25,33.775315,-84.387801,GA,MW,0.008979173117222067,0.6692821621543139
DCE Ingenieria,Self-build Datacenter,Datacenter,0.14850000000000002,-34.8861720713305,-58.0081815295538,NA,MW,1.609196558330861e-4,0.27090525660622
STACK Infrastructure,Colocation Datacenter,Datacenter,110.88000000000001,45.554209143,-122.938350181,OR,MW,0.12068902348349388,0.8765815989702705
Amazon Web Services,Self-build Datacenter,Datacenter,21.12,38.9880217119585,-77.4111528380789,VA,MW,0.022987803870548756,0.7478184255115174
DataNovaX,Colocation Datacenter,Datacenter,102.96000000000001,33.953367888102,-98.5247050465316,TX,MW,0.11206832763529284,0.8746087566122441
Adobe,Self-build Datacenter,Datacenter,5.808000000000001,45.55024875,-122.9314563,OR,MW,0.0063211252306934135,0.6339021452259217
Amazon Web Services,Self-build Datacenter,Datacenter,72.60000000000001,38.982072999598,-77.4175533898047,VA,MW,0.07902232688385552,0.8435470857206048
ODATA,Colocation Datacenter,Datacenter,31.68,-23.4832322235575,-46.776064981184,NA,MW,0.03448206500148348,0.7807847652914531
Microsoft,Self-build Datacenter,Datacenter,168.3,29.4311562229315,-98.875999571448,TX,MW,0.18318906838295143,0.9103629302696423
DataBank,Colocation Datacenter,Datacenter,1.32,38.9753388045392,-94.7089267644178,KS,MW,0.0014360642500461567,0.49707249917727087
STACK Infrastructure,Colocation Datacenter,Datacenter,15.708000000000002,45.54750387,-122.89796106,OR,MW,0.017096995040944713,0.7243808336358042
TierPoint,Colocation Datacenter,Datacenter,3.3000000000000003,38.9410449279292,-94.7549919711643,KS,MW,0.0035912382120964165,0.5864688078909632
Cogent Communications,Colocation Datacenter,Datacenter,5.28,30.2093452614481,-97.6979840543117,TX,MW,0.0057464121741466765,0.6277315809533437
H5 Data Centers,Colocation Datacenter,Datacenter,10.164000000000001,38.9095338104468,-77.4725262920526,VA,MW,0.011062507947203986,0.6873519148576992
5C Data Centers,Colocation Datacenter,Datacenter,117.15,39.912930438646,-83.7237072711642,OH,MW,0.12751374102998636,0.8820596038890951
DataBank,Colocation Datacenter,Datacenter,3.1350000000000002,38.9253369067948,-94.7703074220892,KS,MW,0.0034116403819255616,0.5831511239361028
Amazon Web Services,Self-build Datacenter,Datacenter,13.200000000000001,38.9798261365592,-77.4256549579979,VA,MW,0.014367108022347716,0.709905288357056
COPT,Colocation Datacenter,Datacenter,26.400000000000002,39.023916218842,-77.4196837518315,VA,MW,0.02873493443601612,0.7650522155526219
Amazon Web Services,Self-build Datacenter,Datacenter,198,41.0839910591674,-76.1432802794734,PA,MW,0.21551667781370534,0.9166666666666666
xAI,Self-build Datacenter,Datacenter,138.76500000000001,35.0598485867557,-90.1561853874749,TN,MW,0.15104105678236837,0.8974802675735081
Amazon Web Services,Self-build Datacenter,Datacenter,9.24,38.9817944077935,-77.4275861485065,VA,MW,0.010056760098247196,0.6772969633617073
Amazon Web Services,Self-build Datacenter,Datacenter,17.16,38.9870090493944,-77.4356938822566,VA,MW,0.018677455946448235,0.7332636685184721
Triara,Self-build Datacenter,Datacenter,0.33,20.6545519399952,-103.364556437873,NA,MW,3.584772690210266e-4,0.33446925260026933
Amazon Web Services,Self-build Datacenter,Datacenter,11.88,38.982823888781,-77.4248187227939,VA,MW,0.012930325380980877,0.6991736673911049
EdgeCloudLink,Colocation Datacenter,Datacenter,0.66,37.3959194632179,-122.046942928392,CA,MW,7.176729293627365e-4,0.4155754666095678
STACK Infrastructure,Colocation Datacenter,Datacenter,126.72,38.7476139931401,-77.5185041854438,VA,MW,0.13793041517989596,0.8886542975238011
CyrusOne,Colocation Datacenter,Datacenter,53.46,39.0246255545037,-77.4339318963026,VA,MW,0.058188978584036335,0.8229080179892826
JP Morgan,Self-build Datacenter,Datacenter,5.28,40.8270223902568,-74.0446371835147,NJ,MW,0.0057464121741466765,0.6277315809533437
Amazon Web Services,Self-build Datacenter,Datacenter,4.752000000000001,42.2513785926181,-71.687642155024193,MA,MW,0.00517169911759994,0.6220928091743572
Compass Datacenters,Colocation Datacenter,Datacenter,240.24,32.538928731,-96.804331336,TX,MW,0.2614937223374442,0.9328666017821657
Charles Schwab,Self-build Datacenter,Datacenter,1.32,33.004472833357,-97.2460906056964,TX,MW,0.0014360642500461567,0.49707249917727087
Citibank,Self-build Datacenter,Datacenter,6.6000000000000005,33.005922720724,-97.2453510884569,TX,MW,0.007183194815513517,0.6455658398812243
Chirisa Technology Parks,Colocation Datacenter,Datacenter,66,40.7540727854152,-79.6358854779136,PA,MW,0.07183841367702132,0.8365570995351937
Amazon Web Services,Self-build Datacenter,Datacenter,2.97,42.2808644132518,-71.579938323842,MA,MW,0.0032320425517547062,0.5784668419763419
Charles Schwab,Self-build Datacenter,Datacenter,1.32,33.3719407401018,-111.979922260147,AZ,MW,0.0014360642500461567,0.49707249917727087
ebay,Self-build Datacenter,Datacenter,10.692,33.4932342994184,-112.070459600427,AZ,MW,0.01163722100375072,0.6927300152945485
Advance2000,Self-build Datacenter,Datacenter,2.31,43.0287811354093,-78.8025345883514,NY,MW,0.0025136512310712867,0.5553540616822411
Citibank,Self-build Datacenter,Datacenter,6.6000000000000005,30.6029835538511,-97.6755947118008,TX,MW,0.007183194815513517,0.6455658398812243
Terawulf,Colocation Datacenter,Datacenter,320.43,43.3590157993145,-78.6060184618358,NY,MW,0.34877826780047977,0.9476327334963748
CareFirst,Self-build Datacenter,Datacenter,1.1880000000000002,39.1692375492278,-76.8477731673726,MD,MW,0.0012923859859094728,0.49273851559360243
Crusoe,Colocation Datacenter,Datacenter,661.98,32.5026421036907,-99.7875287403088,TX,MW,0.7205457762541496,0.9668941740222763
Cogent Communications,Colocation Datacenter,Datacenter,4.0722000000000005,39.2035343814665,-76.7123901269868,MD,MW,0.004431756057296018,0.6091850201789278
GI Partners,Colocation Datacenter,Datacenter,30.360000000000003,39.0008418422701,-77.4398626460263,VA,MW,0.03304528236011664,0.7778544155721873
Entel Bolivia,Self-build Datacenter,Datacenter,0.33,-16.6170724984616,-68.2021711457933,NA,MW,3.584772690210266e-4,0.33446925260026933
Locaweb,Self-build Datacenter,Datacenter,1.6500000000000001,-23.6416534262169,-46.7288700292105,NA,MW,0.0017952599103878667,0.5253577947705927
DataBank,Colocation Datacenter,Datacenter,12.540000000000001,39.5913258737543,-104.846750123891,CO,MW,0.013648716701664296,0.7065888416269518
Data Foundry,Colocation Datacenter,Datacenter,39.6,30.1997531007763,-97.7140443940144,TX,MW,0.04310276084968452,0.7970459035014654
Claims Recovery Financial Services,Self-build Datacenter,Datacenter,0.66,43.2428220333668,-78.1885511214517,NY,MW,7.176729293627365e-4,0.4155754666095678
Core Data Centres,Colocation Datacenter,Datacenter,10.428,43.8509106005976,-79.3423784539814,NA,MW,0.011349864475477353,0.6878840117156192
Cigna Healthcare,Self-build Datacenter,Datacenter,1.98,41.881092775496,-72.7307923760015,CT,MW,0.002154455570729577,0.5378026804166678
IREN,Self-build Datacenter,Datacenter,15.84,50.1521369365783,-115.801650831648,NA,MW,0.017240673305081396,0.7248045581963534
Department of Veteran Affairs,Self-build Datacenter,Datacenter,0.99,39.4153333709247,-77.9153431539488,WV,MW,0.0010768685897044467,0.46920446292403056
IREN,Self-build Datacenter,Datacenter,33,53.9111093296477,-122.706464604447,NA,MW,0.03591884764285032,0.7862093600561548
IREN,Self-build Datacenter,Datacenter,52.800000000000004,55.303317609803,-123.140917129366,NA,MW,0.05747058726335291,0.8181589709291481
Air Liquide,Semiconductor Materials,Semiconductor Manufacturing,60,33.3484367,-112.074141,AZ,USD,3.6242468172688694e-4,0.37866950035007
Amkor,Semiconductor Packaging,Semiconductor Manufacturing,1700,33.5806115,-112.237294,AZ,USD,0.01030183066888566,0.6404879500580849
ASM,Semiconductor R&D Facility,Semiconductor Manufacturing,324,33.4942189,-111.926018,AZ,USD,0.0019624266211231774,0.5580642934138788
Chang Chun Group,Semiconductor Materials,Semiconductor Manufacturing,400,32.8795022,-111.657352,AZ,USD,0.0024230332400402912,0.5801315846429336
EMD,Semiconductor Equipment,Semiconductor Manufacturing,39,33.3061605,-111.94125,AZ,USD,2.3515180018400024e-4,0.3090169943749474
Fujifilm Electronic Materials,Semiconductor Materials,Semiconductor Manufacturing,88,33.4151117,-111.9314792,AZ,USD,5.321218571174025e-4,0.40269974784927715
Intel,Semiconductor Semiconductors,Semiconductor Manufacturing,32000,33.3062031,-111.841185,AZ,USD,0.19393841689505079,0.7809760006256419
Kanto/Chemtrade JV,Semiconductor Materials,Semiconductor Manufacturing,250,32.8795022,-111.857352,AZ,USD,0.0015139412290196717,0.5104211917182012
KoMiCo,Semiconductor Equipment,Semiconductor Manufacturing,50,33.5151117,-111.6314792,AZ,USD,3.0181854765884566e-4,0.32449979983983984
LCY Chemical,Semiconductor Materials,Semiconductor Manufacturing,100,32.6795022,-111.657352,AZ,USD,6.048492179990522e-4,0.4198684153570663
Linde,Semiconductor Materials,Semiconductor Manufacturing,600,33.5484367,-112.074141,AZ,USD,0.003635155921401117,0.5973002521507228
Pentagon Technologies,Semiconductor Equipment,Semiconductor Manufacturing,50,33.4151005,-111.831455,AZ,USD,3.0181854765884566e-4,0.32449979983983984
Pure Wafer,Semiconductor Materials,Semiconductor Manufacturing,30,34.539984,-112.468812,AZ,USD,1.8060627952276308e-4,0.2645644554438015
Salas Micro Devices,Semiconductor Semiconductors,Semiconductor Manufacturing,50,33.3132031,-111.731185,AZ,USD,3.0181854765884566e-4,0.32449979983983984
Solvay,Semiconductor Materials,Semiconductor Manufacturing,60,32.6795022,-111.857352,AZ,USD,3.6242468172688694e-4,0.37866950035007
Sunlit Chemical,Semiconductor Materials,Semiconductor Manufacturing,100,33.4484367,-112.174141,AZ,USD,6.048492179990522e-4,0.4198684153570663
TSMC,Semiconductor Semiconductors,Semiconductor Manufacturing,165000,33.784367,-111.674141,AZ,USD,1,1
Yield Engineering Systems,Semiconductor Equipment,Semiconductor Manufacturing,25,33.3062031,-111.841185,AZ,USD,1.5030321248874244e-4,0.24336073281110823
Akash Systems,Semiconductor Semiconductors,Semiconductor Manufacturing,121,37.8048919,-122.2951752,CA,USD,7.321220995419389e-4,0.4419357065861212
Applied Materials,Semiconductor R&D Facility,Semiconductor Manufacturing,4000,37.3688301,-122.036349,CA,USD,0.02424124150453516,0.6909830056250525
Bosch,Semiconductor Semiconductors,Semiconductor Manufacturing,1900,38.7521235,-121.2880059,CA,USD,0.011513953350246485,0.6539579691487248
Infinera,Semiconductor Semiconductors,Semiconductor Manufacturing,180,37.5688301,-122.236349,CA,USD,0.0010896982905433826,0.4895788082817989
Western Digital,Semiconductor Semiconductors,Semiconductor Manufacturing,350,37.5482697,-121.988571,CA,USD,0.0021200025697000846,0.5689976842849351
Entegris,Semiconductor Equipment,Semiconductor Manufacturing,722,38.5339578,-104.525348,CO,USD,0.00437455075703122,0.6031717452350427
ASML,Semiconductor Equipment,Semiconductor Manufacturing,200,41.1953739,-73.4378988,CT,USD,0.0012109105586794653,0.49479110140365434
DuPont,Semiconductor Materials,Semiconductor Manufacturing,50,39.6048338,-75.7452119,DE,USD,3.0181854765884566e-4,0.32449979983983984
Rogue Valley Microdevices,Semiconductor Semiconductors,Semiconductor Manufacturing,25,27.9946969,-80.6366144,FL,USD,1.5030321248874244e-4,0.24336073281110823
Absolics,Semiconductor Materials,Semiconductor Manufacturing,343,33.5966005,-83.8598742,GA,USD,0.002077578275852456,0.5635083268962916
Air Liquide,Semiconductor Materials,Semiconductor Manufacturing,250,43.8166163,-116.400886,ID,USD,0.0015139412290196717,0.5104211917182012
Micron,Semiconductor Semiconductors,Semiconductor Manufacturing,50000,43.6166163,-116.200886,ID,USD,0.30302945821752514,0.8727031608608466
Micron,Semiconductor R&D Facility,Semiconductor Manufacturing,48000,43.246621,-76.1665431,ID,USD,0.2909082314039169,0.8477411879056659
Nhanced Semiconductors,Semiconductor Semiconductors,Semiconductor Manufacturing,236,39.2428256,-86.6913959,IN,USD,0.0014290926413244138,0.5052088985963454
SK hynix,Semiconductor Packaging,Semiconductor Manufacturing,3870,40.4258686,-86.9080655,IN,USD,0.023453361761650623,0.6831134773610099
Sony DADC/KLA/D&D Automation,Semiconductor Equipment,Semiconductor Manufacturing,0.2,39.4667025,-87.4139119,IN,USD,0,0
Trusted Semiconductor Solutions,Semiconductor Semiconductors,Semiconductor Manufacturing,34,39.2428256,-87.2913959,IN,USD,2.0484873314997957e-4,0.2923845395911005
EMP Shield,Semiconductor Semiconductors,Semiconductor Manufacturing,1900,38.1944667,-95.7427641,KS,USD,0.011513953350246485,0.6539579691487248
Integra Technologies,Semiconductor Packaging,Semiconductor Manufacturing,1800,37.6922361,-97.3375448,KS,USD,0.010907892009566073,0.647144576852615
Radiation Detection Technologies,Semiconductor Semiconductors,Semiconductor Manufacturing,4,39.1836082,-96.5716694,KS,USD,2.3030330945855692e-5,0.15225881209433406
Secure Semiconductor Manufacturing,Semiconductor Packaging,Semiconductor Manufacturing,20,38.2544667,-95.692764,KS,USD,1.2000014545472177e-4,0.21902399937435818
K&B Industries,Semiconductor Equipment,Semiconductor Manufacturing,12,29.5957696,-90.7195348,LA,USD,7.151523820028874e-5,0.18989219776397143
MACOM,Semiconductor Semiconductors,Semiconductor Manufacturing,172.5,42.6414437,-71.3085329,MA,USD,0.0010442436899923517,0.4686269665968859
Hemlock,Semiconductor Materials,Semiconductor Manufacturing,825,43.4147379,-84.229942,MI,USD,0.004998793937932046,0.6091287885364286
Mersen USA,Semiconductor Materials,Semiconductor Manufacturing,70,43.7944677,-83.6888648,MI,USD,4.2303081579492827e-4,0.39087121146357146
Mersen USA,Semiconductor Materials,Semiconductor Manufacturing,10,43.1775314,-85.2527987,MI,USD,5.939401138668048e-5,0.17253779651421453
SK Siltron CSS,Semiconductor Materials,Semiconductor Manufacturing,300,43.5944677,-83.8888648,MI,USD,0.0018169718993598781,0.5313730334031141
Polar,Semiconductor Semiconductors,Semiconductor Manufacturing,525,44.8322405,-93.3204872,MN,USD,0.0031806099158908072,0.5915073125021505
GlobalWafers,Semiconductor Materials,Semiconductor Manufacturing,500,38.791612,-90.5958468,MO,USD,0.003029094580720704,0.5857864376269049
GlobalWafers,Semiconductor Materials,Semiconductor Manufacturing,300,38.7902503,-90.7033292,MO,USD,0.0018169718993598781,0.5313730334031141
Vacom,Semiconductor Equipment,Semiconductor Manufacturing,90,47.0639275,-109.428213,MT,USD,5.442430839310108e-4,0.40849268749784945
MACOM,Semiconductor Semiconductors,Semiconductor Manufacturing,172.5,35.824341,-78.8300321,NC,USD,0.0010442436899923517,0.4686269665968859
Wolfspeed,Semiconductor Semiconductors,Semiconductor Manufacturing,5000,35.7234734,-79.4622431,NC,USD,0.03030185491133929,0.7076154604088994
BAE Systems,Semiconductor Semiconductors,Semiconductor Manufacturing,105,42.7656251,-71.4677032,NH,USD,6.351522850330728e-4,0.43100231571506487
Intel,Semiconductor Packaging,Semiconductor Manufacturing,4000,35.4702448,-106.6329806,NM,USD,0.02424124150453516,0.6909830056250525
Intel,Semiconductor Packaging,Semiconductor Manufacturing,3500,35.269381,-106.632819,NM,USD,0.021210934801133095,0.6755002001601602
Rocket Lab (SolAero),Semiconductor Semiconductors,Semiconductor Manufacturing,97.5,35.0841034,-106.650985,NM,USD,5.896976844820418e-4,0.41421356237309503
AMD,Semiconductor Chip Design,Semiconductor Manufacturing,1.65,43.1257954,-77.5687343,NY,USD,8.787889439865988e-6,0.09305100366818046
AMD,Semiconductor Chip Design,Semiconductor Manufacturing,1.65,41.5355745,-73.898702,NY,USD,8.787889439865988e-6,0.09305100366818046
Corning,Semiconductor Materials,Semiconductor Manufacturing,315,44.5956163,-75.1690942,NY,USD,0.0019078811004619401,0.5472943924163814
Corning,Semiconductor Materials,Semiconductor Manufacturing,139,43.0993,-77.443014,NY,USD,8.412131408644133e-4,0.45803989154980806
Edwards Vacuum,Semiconductor Equipment,Semiconductor Manufacturing,319,43.0672812,-78.3914111,NY,USD,0.0019321235540891567,0.5526610811388996
GlobalFoundries,Semiconductor Semiconductors,Semiconductor Manufacturing,15100,42.9711708,-73.792926,NY,USD,0.09151405032006099,0.7566392671888917
Menlo Microsystems,Semiconductor Semiconductors,Semiconductor Manufacturing,50,42.4840418,-76.4779117,NY,USD,3.0181854765884566e-4,0.32449979983983984
Micron,Semiconductor Semiconductors,Semiconductor Manufacturing,100000,43.186621,-76.2065431,NY,USD,0.6060601285577316,0.9069489963318197
"NY CREATES (Partners: IBM, Micron, Applied Materials, Tokyo Electron)",Semiconductor R&D Facility,Semiconductor Manufacturing,10000,42.6511674,-73.754968,NY,USD,0.060604921945359935,0.7354355445561984
onsemi,Semiconductor Semiconductors,Semiconductor Manufacturing,1300,41.5533306,-73.7956214,NY,USD,0.007877585306164009,0.6339745962155613
TTM Technologies,Semiconductor Materials,Semiconductor Manufacturing,130,43.0386776,-76.0729775,NY,USD,7.866676202031762e-4,0.4473389188611005
Wolfspeed,Semiconductor Semiconductors,Semiconductor Manufacturing,1000,43.1314472,-75.2557144,NY,USD,0.0060594012841227686,0.6213304996499299
Chemtrade,Semiconductor Materials,Semiconductor Manufacturing,50,40.8319737,-84.0818775,OH,USD,3.0181854765884566e-4,0.32449979983983984
Intel,Semiconductor Semiconductors,Semiconductor Manufacturing,28000,40.0811745,-82.8087864,OH,USD,0.16969596326783426,0.7683375209644601
Tosoh SMD,Semiconductor Materials,Semiconductor Manufacturing,20,39.8814519,-83.0929645,OH,USD,1.2000014545472177e-4,0.21902399937435818
Analog Devices,Semiconductor Semiconductors,Semiconductor Manufacturing,1000,45.4871723,-122.80378,OR,USD,0.0060594012841227686,0.6213304996499299
Intel,Semiconductor Semiconductors,Semiconductor Manufacturing,36000,45.5228939,-122.989827,OR,USD,0.21818087052226734,0.7947869038423274
Mitsubishi Gas Chemicals,Semiconductor Materials,Semiconductor Manufacturing,372,45.5197452,-123.1114405,OR,USD,0.0022533360646497754,0.5745371023930005
Rogue Valley Microdevices,Semiconductor Semiconductors,Semiconductor Manufacturing,44,42.3264181,-122.8718605,OR,USD,2.6545486721802085e-4,0.31688652263899014
EMD,Semiconductor Materials,Semiconductor Manufacturing,300,40.823699,-75.980205,PA,USD,0.0018169718993598781,0.5313730334031141
Powerex,Semiconductor Packaging,Semiconductor Manufacturing,15,40.240348,-79.5767066,PA,USD,8.969707842070113e-5,0.20521309615767264
Dongjin Semichem,Semiconductor Materials,Semiconductor Manufacturing,176,31.1171441,-97.727796,TX,USD,0.001065455836916166,0.48435971133565603
FormFactor,Semiconductor Equipment,Semiconductor Manufacturing,55,32.9265668,-96.8960916,TX,USD,3.321216146928663e-4,0.37240758404090857
GlobalWafers,Semiconductor Materials,Semiconductor Manufacturing,7500,33.2533,-96.3147,TX,USD,0.04545338842834962,0.7257081148225681
MGC Pure Chemicals,Semiconductor Materials,Semiconductor Manufacturing,150,31.1871441,-97.787796,TX,USD,9.078798883392587e-4,0.4633457344525045
NXP,Semiconductor Semiconductors,Semiconductor Manufacturing,290.8,30.2711286,-97.7436995,TX,USD,0.0017612142560172804,0.5261126950879957
Samsung,Semiconductor Semiconductors,Semiconductor Manufacturing,37000,30.5702,-97.4097,TX,USD,0.22424148392907145,0.8101078022360285
Silicon Labs,Semiconductor Chip Design,Semiconductor Manufacturing,80,30.5211286,-97.6936995,TX,USD,4.8363694986296955e-4,0.3968282547649573
Soulbrain,Semiconductor Materials,Semiconductor Manufacturing,175,30.7929,-97.5967,TX,USD,0.001059395223509362,0.479130371550699
SpaceX,Semiconductor Packaging,Semiconductor Manufacturing,280,30.0541116,-97.3887764,TX,USD,0.0016957596312237957,0.520869628449301
Texas Instruments,Semiconductor Semiconductors,Semiconductor Manufacturing,40000,33.5533,-96.6147,TX,USD,0.24242332414948387,0.8274622034857855
Texas Instruments,Semiconductor Semiconductors,Semiconductor Manufacturing,6000,32.9481789,-96.7297206,TX,USD,0.036362468318143416,0.7164552084098046
Tokyo Electron,Semiconductor Equipment,Semiconductor Manufacturing,30,30.4711286,-97.6436995,TX,USD,1.8060627952276308e-4,0.2645644554438015
X-FAB,Semiconductor Semiconductors,Semiconductor Manufacturing,200,33.5855677,-101.8470215,TX,USD,0.0012109105586794653,0.49479110140365434
Air Liquide,Semiconductor Materials,Semiconductor Manufacturing,50,34.0282,-88.17,US,USD,3.0181854765884566e-4,0.32449979983983984
Texas Instruments,Semiconductor Semiconductors,Semiconductor Manufacturing,11000,40.3881114,-112.8486019,UT,USD,0.06666553535216406,0.745713728983811
Micron,Semiconductor Semiconductors,Semiconductor Manufacturing,2000,38.7509488,-77.4752667,VA,USD,0.0121200146909269,0.6681175345205077
GlobalFoundries,Semiconductor Semiconductors,Semiconductor Manufacturing,900,44.4906817,-73.11136,VT,USD,0.005453339943442356,0.6151789592901316
KoMiCo,Semiconductor Materials,Semiconductor Manufacturing,36,30.5085915,-97.6788056,TX,USD,2.1696995996358783e-4,0.3008613653919205
Micron,Semiconductor R&D Facility,Semiconductor Manufacturing,30,32.9981789,-96.7797206,TX,USD,1.8060627952276308e-4,0.2645644554438015
Kukusai,Semiconductor Equipment,Semiconductor Manufacturing,135,45.5228939,-122.939827,OR,USD,8.169706872371968e-4,0.45270560758361844
onsemi,Semiconductor Semiconductors,Semiconductor Manufacturing,120,43.0886776,-76.0229775,NY,USD,7.260614861351347e-4,0.43649167310370846
Dynegy -Moss Landing LLC,Batteries,Electricity Storage,231,36.804837,-121.7822,CA,MW,0.6998799519807923,0.946661658123252
Brookfield White Pine Hydro LLC,Batteries,Electricity Storage,5.28,43.687688,-70.61155,ME,MW,0.015606242496998799,0.3914785626251335
Nevada Power Co,Batteries,Electricity Storage,145.20000000000002,36.657347,-114.6333,NV,MW,0.43977591036414565,0.8175043716457014
Kotzebue Electric Assn Inc,Solar Photovoltaic,Solar Generation,0.066,66.837778,-162.5569,AK,MW,0,0
Kotzebue Electric Assn Inc,Solar Photovoltaic,Solar Generation,0.066,66.837778,-162.5569,AK,MW,0,0
Kotzebue Electric Assn Inc,Solar Photovoltaic,Solar Generation,0.066,66.837778,-162.5569,AK,MW,0,0
Kotzebue Electric Assn Inc,Solar Photovoltaic,Solar Generation,0.066,66.837778,-162.5569,AK,MW,0,0
Kotzebue Electric Assn Inc,Solar Photovoltaic,Solar Generation,0.066,66.837778,-162.5569,AK,MW,0,0
Kotzebue Electric Assn Inc,Solar Photovoltaic,Solar Generation,0.066,66.837778,-162.5569,AK,MW,0,0
Kotzebue Electric Assn Inc,Solar Photovoltaic,Solar Generation,0.066,66.837778,-162.5569,AK,MW,0,0
Kotzebue Electric Assn Inc,Solar Photovoltaic,Solar Generation,0.066,66.837778,-162.5569,AK,MW,0,0
Kotzebue Electric Assn Inc,Solar Photovoltaic,Solar Generation,0.066,66.837778,-162.5569,AK,MW,0,0
Deseret Generation & Tran Coop,Solar Photovoltaic,Solar Generation,8.25,40.0864,-109.2844,UT,MW,0.01797361936512538,0.6020642322060996
Luminant Generation Company LLC,Batteries,Electricity Storage,177.60600000000002,32.403056,-97.70056,TX,MW,0.538015206082433,0.869178596632669
"Wellhead Services, Inc",Batteries,Electricity Storage,10.56,36.617022,-120.0998,CA,MW,0.03161264505802321,0.4873336487871875
Ormat Nevada Inc,Solar Photovoltaic,Solar Generation,3.828,40.5547,-116.6175,NV,MW,0.00826206696622699,0.5788702338487578
Terra-Gen Operating Co-Solar,Batteries,Electricity Storage,45.54,35.0308,-117.3563,CA,MW,0.13765506202480993,0.5933324285200416
Terra-Gen Operating Co-Solar,Solar Photovoltaic,Solar Generation,66.26400000000001,35.0308,-117.3563,CA,MW,0.1453833888969416,0.7320315139767232
Brookfield Power New England,Batteries,Electricity Storage,5.28,44.5486,-70.6283,ME,MW,0.015606242496998799,0.3914785626251335
Flint Hills Resources Corpus Christi LLC,Solar Photovoltaic,Solar Generation,18.150000000000002,27.8322,-97.5281,TX,MW,0.039715900855196405,0.6299663931725185
University of California Santa Cruz,Batteries,Electricity Storage,0.66,36.9997,-122.0622,CA,MW,0.001600640256102441,0.16870592774492987
"VESI Pomona Energy Storage, Inc.",Batteries,Electricity Storage,13.200000000000001,34.059444,-117.7742,CA,MW,0.03961584633853542,0.49683531626299804
Ormat Nevada Inc,Solar Photovoltaic,Solar Generation,2.3760000000000003,39.37,-119.7669,NV,MW,0.005073199014349906,0.46064927059522975
Ormat Nevada Inc,Solar Photovoltaic,Solar Generation,1.32,39.37,-119.7669,NV,MW,0.002754022322075663,0.3275439767896132
Great Lakes Hydro America LLC,Batteries,Electricity Storage,9.24,44.3889,-71.1645,NH,MW,0.027611044417767107,0.48019047331110454
Steamboat Development Corp,Solar Photovoltaic,Solar Generation,3.6300000000000003,39.395603,-119.7468,NV,MW,0.00782722133642557,0.5772871452592202
Steamboat Development Corp,Solar Photovoltaic,Solar Generation,3.6300000000000003,39.394444,-119.7475,NV,MW,0.00782722133642557,0.5772871452592202
"CalPeak Power, LLC",Batteries,Electricity Storage,35.706,32.562448,-116.9439,CA,MW,0.10784313725490195,0.5727081742871367
Ormat Nevada Inc,Solar Photovoltaic,Solar Generation,5.28,39.796032,-119.01,NV,MW,0.011450934918104073,0.5884722939379426
"Nevada Gold Energy, LLC",Solar Photovoltaic,Solar Generation,66,40.7461,-116.5297,NV,MW,0.14480359472387302,0.714646916274308
"Nevada Gold Energy, LLC",Solar Photovoltaic,Solar Generation,66,40.7461,-116.5297,NV,MW,0.14480359472387302,0.714646916274308
Ormat Nevada Inc,Solar Photovoltaic,Solar Generation,1.98,39.373189000000004,-119.7645,NV,MW,0.004203507754747065,0.431451953666995
Homer Electric Assn Inc,Batteries,Electricity Storage,30.69,60.499444,-150.9972,AK,MW,0.09263705482192876,0.5438472852638465
Mililani I Solar LLC,Solar Photovoltaic,Solar Generation,25.740000000000002,21.427916,-158.0199,HI,MW,0.05638498333091752,0.6348866785520436
Mililani I Solar LLC,Batteries,Electricity Storage,25.740000000000002,21.427916,-158.0199,HI,MW,0.07763105242096838,0.529373173999939
Arizona Public Service Co,Batteries,Electricity Storage,12.540000000000001,34.71843,-112.429,AZ,MW,0.037615046018407365,0.49604405617893166
Arizona Public Service Co,Batteries,Electricity Storage,11.22,33.034722,-112.6617,AZ,MW,0.03361344537815126,0.49050290399370056
Arizona Public Service Co,Batteries,Electricity Storage,11.22,33.021111,-112.6614,AZ,MW,0.03361344537815126,0.49050290399370056
Arizona Public Service Co,Batteries,Electricity Storage,10.56,33.02566,-113.344,AZ,MW,0.03161264505802321,0.4873336487871875
Arizona Public Service Co,Batteries,Electricity Storage,23.1,32.64856,-114.4287,AZ,MW,0.06962785114045618,0.5229915497768134
Arizona Public Service Co,Batteries,Electricity Storage,9.24,33.027,-113.3489,AZ,MW,0.027611044417767107,0.48019047331110454
"California State University, Northridge",Solar Photovoltaic,Solar Generation,0.528,34.243333,-118.5306,CA,MW,0.0010146398028699813,0.12194662962902733
Trustees of Princeton University,Solar Photovoltaic,Solar Generation,6.930000000000001,40.341389,-74.65722,NJ,MW,0.015074648499782578,0.5985083759092057
Trustees of Princeton University,Solar Photovoltaic,Solar Generation,0.264,40.341389,-74.65722,NJ,MW,4.348456298014206e-4,0.08624966289044977
Arizona Public Service Co,Batteries,Electricity Storage,21.12,32.940833,-112.8814,AZ,MW,0.06362545018007203,0.5190148022306739
Cameron Wind 1 LLC,Batteries,Electricity Storage,10.824,26.195278,-97.46611,TX,MW,0.03241296518607443,0.4889186102506871
Arizona Public Service Co,Batteries,Electricity Storage,6.6000000000000005,33.145,-112.66,AZ,MW,0.0196078431372549,0.43649167310370846
"S.C. Johnson & Son, Inc.",Solar Photovoltaic,Solar Generation,0.8580000000000001,42.709444,-87.88528,WI,MW,0.001739382519205682,0.269152128131917
"S.C. Johnson & Son, Inc.",Solar Photovoltaic,Solar Generation,0.264,42.709444,-87.88528,WI,MW,4.348456298014206e-4,0.08624966289044977
"S.C. Johnson & Son, Inc.",Solar Photovoltaic,Solar Generation,0.264,42.709444,-87.88528,WI,MW,4.348456298014206e-4,0.08624966289044977
Heartland Community College,Solar Photovoltaic,Solar Generation,0.132,40.537,-89.019,IL,MW,1.4494854326714017e-4,0.06381996872084994
Tooele Army Depot,Solar Photovoltaic,Solar Generation,0.99,40.50303,-112.3706,UT,MW,0.0020292796057399622,0.28893622872715063
Desert Quartzite LLC,Solar Photovoltaic,Solar Generation,198,33.565,-114.753,CA,MW,0.4347006812581533,0.8792741632080008
Desert Quartzite LLC,Batteries,Electricity Storage,99,33.565,-114.753,CA,MW,0.29971988795518206,0.7091542255090751
Southern Power Co,Batteries,Electricity Storage,23.1,36.581365,-120.4045,CA,MW,0.06962785114045618,0.5229915497768134
Pine Gate Renewables,Solar Photovoltaic,Solar Generation,10.56,35.396478,-81.21914,NC,MW,0.023046818379475288,0.6068536625089174
SolRiver Capital LLC,Solar Photovoltaic,Solar Generation,3.2340000000000004,34.781934,-79.49775,NC,MW,0.0069575300768227296,0.4978973555835699
SolRiver Capital LLC,Solar Photovoltaic,Solar Generation,5.8740000000000006,34.680287,-79.54074,SC,MW,0.012755471807508335,0.5910186378743214
"Blythe Solar IV, LLC",Batteries,Electricity Storage,31.020000000000003,33.682,-114.768,CA,MW,0.09363745498199279,0.5454678401770597
"Pine Valley Solar, LLC",Solar Photovoltaic,Solar Generation,3.3000000000000003,35.21812,-79.52933,NC,MW,0.007102478620089869,0.505677771573954
Dominion Energy Inc.,Batteries,Electricity Storage,26.400000000000002,37.523,-77.934,VA,MW,0.07963185274109644,0.5301727691389413
"Strata Manager, LLC",Solar Photovoltaic,Solar Generation,3.3000000000000003,34.881973,-79.66535,NC,MW,0.007102478620089869,0.505677771573954
Arizona Public Service Co,Batteries,Electricity Storage,27.060000000000002,32.551026,-111.2892,AZ,MW,0.08163265306122448,0.5414215786495143
"Leeward Asset Management, LLC",Solar Photovoltaic,Solar Generation,118.14,32.994056,-113.5088,AZ,MW,0.2593129439049138,0.7911041620720086
Tungsten Mountain,Solar Photovoltaic,Solar Generation,3.3000000000000003,39.667002,-117.6937,NV,MW,0.007102478620089869,0.505677771573954
Arizona Electric Pwr Coop Inc,Batteries,Electricity Storage,1.32,33.555267,-116.6396,CA,MW,0.003601440576230492,0.2593045002085185
Arizona Electric Pwr Coop Inc,Batteries,Electricity Storage,1.584,33.555267,-116.6396,CA,MW,0.004401760704281712,0.2921654184198226
"Thigpen Solar, LLC",Solar Photovoltaic,Solar Generation,3.3000000000000003,34.709198,-79.3519,NC,MW,0.007102478620089869,0.505677771573954
SolRiver Capital LLC,Solar Photovoltaic,Solar Generation,3.3000000000000003,36.272037,-79.79247,NC,MW,0.007102478620089869,0.505677771573954
Arizona Electric Pwr Coop Inc,Batteries,Electricity Storage,6.6000000000000005,32.068141,-109.8904,AZ,MW,0.0196078431372549,0.43649167310370846
Arizona Electric Pwr Coop Inc,Batteries,Electricity Storage,6.6000000000000005,32.068141,-109.8904,AZ,MW,0.0196078431372549,0.43649167310370846
68SF 8me LLC,Batteries,Electricity Storage,99,35.2237,-117.977,CA,MW,0.29971988795518206,0.7091542255090751
68SF 8me LLC,Solar Photovoltaic,Solar Generation,204.336,35.2237,-117.977,CA,MW,0.44861574141179883,0.9048627238791144
69SV 8me LLC,Batteries,Electricity Storage,99,35.2167,-117.977,CA,MW,0.29971988795518206,0.7091542255090751
69SV 8me LLC,Solar Photovoltaic,Solar Generation,132,35.2167,-117.977,CA,MW,0.2897521379910132,0.8017627624826315
Boston Medical Center,Batteries,Electricity Storage,0.66,42.334651,-71.07417,MA,MW,0.001600640256102441,0.16870592774492987
"Biggs Ford Solar Center, LLC",Solar Photovoltaic,Solar Generation,9.9,39.4829,-77.3757,MD,MW,0.021597332946803886,0.6044518502743939
San Diego Gas & Electric Co,Batteries,Electricity Storage,26.400000000000002,33.384244,-117.2353,CA,MW,0.07963185274109644,0.5301727691389413
RE Gaskell West LLC,Solar Photovoltaic,Solar Generation,29.700000000000003,34.834944,-118.5512,CA,MW,0.06508189592694594,0.6385618350407721
RE Gaskell West LLC,Solar Photovoltaic,Solar Generation,13.200000000000001,34.834944,-118.5512,CA,MW,0.02884476011016089,0.6114579956437564
RE Gaskell West LLC,Solar Photovoltaic,Solar Generation,13.200000000000001,34.827873,-118.5682,CA,MW,0.02884476011016089,0.6114579956437564
RE Gaskell West LLC,Solar Photovoltaic,Solar Generation,13.200000000000001,34.834944,-118.5512,CA,MW,0.02884476011016089,0.6114579956437564
"Montevue Lane Solar, LLC",Batteries,Electricity Storage,3.96,39.44,-77.45,MD,MW,0.011604641856742696,0.3841255103412643
Tampa Electric Co,Solar Photovoltaic,Solar Generation,39.6,27.723197,-82.02561,FL,MW,0.086824177417016965,0.6551263153075775
Tampa Electric Co,Solar Photovoltaic,Solar Generation,36.036,28.39799,-82.22043,FL,MW,0.07899695608059139,0.6526212997423655
Tampa Electric Co,Batteries,Electricity Storage,26.400000000000002,27.730414,-82.26351,FL,MW,0.07963185274109644,0.5301727691389413
"Emerald Hills Holding I, LLC",Solar Photovoltaic,Solar Generation,9.9,37.276278,-79.11651,VA,MW,0.021597332946803886,0.6044518502743939
"LeGore Bridge Solar Center, LLC",Solar Photovoltaic,Solar Generation,13.200000000000001,39.572402,-77.30787,MD,MW,0.02884476011016089,0.6114579956437564
Engie North America,Batteries,Electricity Storage,16.5,37.920124,-121.2392,CA,MW,0.04961984793917567,0.5094970960062994
Engie North America,Batteries,Electricity Storage,6.6000000000000005,37.8744,-120.4774,CA,MW,0.0196078431372549,0.43649167310370846
325MK 8me LLC,Solar Photovoltaic,Solar Generation,198,36.629761,-114.684,NV,MW,0.4347006812581533,0.8792741632080008
"Stratford Solar Center, LLC",Solar Photovoltaic,Solar Generation,9.9,36.660483,-76.56093,VA,MW,0.021597332946803886,0.6044518502743939
BQ Energy Development,Solar Photovoltaic,Solar Generation,4.62,42.391136,-87.84941,IL,MW,0.010001449485432672,0.5845635301397932
TAI Norton Solar LLC,Solar Photovoltaic,Solar Generation,82.5,31.534768,-100.1138,TX,MW,0.18104073054065808,0.7430460351781091
Greenbacker Renewable Energy Corporation,Solar Photovoltaic,Solar Generation,3.3000000000000003,47.10754,-120.6897,WA,MW,0.007102478620089869,0.505677771573954
Greenbacker Renewable Energy Corporation,Solar Photovoltaic,Solar Generation,3.3000000000000003,46.95931,-120.5091,WA,MW,0.007102478620089869,0.505677771573954
Greenbacker Renewable Energy Corporation,Solar Photovoltaic,Solar Generation,3.3000000000000003,46.95931,-120.5091,WA,MW,0.007102478620089869,0.505677771573954
"Diablo Energy Storage, LLC",Batteries,Electricity Storage,132,38.028792,-121.9006,CA,MW,0.3997599039615847,0.7658985069236155
Ashley Solar (SC),Solar Photovoltaic,Solar Generation,1.32,34.268911,-79.87255,SC,MW,0.002754022322075663,0.3275439767896132
"Headwater Energy, LLC",Solar Photovoltaic,Solar Generation,1.32,34.267992,-79.86858,SC,MW,0.002754022322075663,0.3275439767896132
"Headwater Energy, LLC",Solar Photovoltaic,Solar Generation,1.32,34.369819,-80.02481,SC,MW,0.002754022322075663,0.3275439767896132
Jefferson Solar,Solar Photovoltaic,Solar Generation,5.412,34.349567,-80.05812,SC,MW,0.011740832004638354,0.5893966398639293
Lone Star Solar,Solar Photovoltaic,Solar Generation,43.56,33.648767,-80.63912,SC,MW,0.09552109001304539,0.6604913049685351
Lone Star Solar,Batteries,Electricity Storage,43.56,33.648767,-80.63912,SC,MW,0.13165266106442577,0.5907065583877706
Luz Solar,Solar Photovoltaic,Solar Generation,0.7260000000000001,34.370203,-80.0273,SC,MW,0.0014494854326714017,0.24832723510049104
Marshall Solar,Solar Photovoltaic,Solar Generation,1.32,34.371908,-80.02161,SC,MW,0.002754022322075663,0.3275439767896132
Arrow Canyon Solar LLC,Solar Photovoltaic,Solar Generation,132,36.459259,-114.8444,NV,MW,0.2897521379910132,0.8017627624826315
Arrow Canyon Solar LLC,Batteries,Electricity Storage,49.5,36.459259,-114.8444,NV,MW,0.14965986394557823,0.6004115935114015
"Headwater Energy, LLC",Solar Photovoltaic,Solar Generation,1.32,34.381056,-80.13433,SC,MW,0.002754022322075663,0.3275439767896132
"Adapture Renewables, Inc.",Solar Photovoltaic,Solar Generation,9.9,41.418331,-71.83673,CT,MW,0.021597332946803886,0.6044518502743939
AES Distributed Energy,Solar Photovoltaic,Solar Generation,11.22,34.71611,-118.2592,CA,MW,0.024496303812146687,0.6073357714945843
"Headwater Energy, LLC",Solar Photovoltaic,Solar Generation,1.32,34.238081,-79.25195,SC,MW,0.002754022322075663,0.3275439767896132
Washington Solar II (SC),Solar Photovoltaic,Solar Generation,1.32,34.238081,-79.25195,SC,MW,0.002754022322075663,0.3275439767896132
"Headwater Energy, LLC",Solar Photovoltaic,Solar Generation,1.32,34.087886,-80.11548,SC,MW,0.002754022322075663,0.3275439767896132
Spanish Peaks Solar LLC,Solar Photovoltaic,Solar Generation,92.4,37.378,-104.475,CO,MW,0.2027830120307291,0.751672764899509
Regeneron Pharmaceuticals Inc.,Solar Photovoltaic,Solar Generation,0.066,41.07875,-73.82227,NY,MW,0,0
Regeneron Pharmaceuticals Inc.,Solar Photovoltaic,Solar Generation,0.528,41.07875,-73.82227,NY,MW,0.0010146398028699813,0.12194662962902733
Regeneron Pharmaceuticals Inc.,Solar Photovoltaic,Solar Generation,0.33,41.07875,-73.82227,NY,MW,5.797941730685607e-4,0.09344444016868475
Skeleton Creek Energy Center,Batteries,Electricity Storage,166.32000000000002,36.521428,-98.03436,OK,MW,0.5038015206082433,0.8574419826487101
Skeleton Creek Energy Center,Solar Photovoltaic,Solar Generation,165,36.521428,-98.03436,OK,MW,0.3622264096245833,0.8489242069179086
Generate Capital,Solar Photovoltaic,Solar Generation,1.32,42.534,-78.151,NY,MW,0.002754022322075663,0.3275439767896132
Generate Capital,Solar Photovoltaic,Solar Generation,3.3000000000000003,42.533807,-78.15377,NY,MW,0.007102478620089869,0.505677771573954
Generate Capital,Solar Photovoltaic,Solar Generation,1.518,43.017848,-77.26049,NY,MW,0.0031888679518770834,0.39722094397509977
Generate Capital,Solar Photovoltaic,Solar Generation,1.518,43.016419,-77.26091,NY,MW,0.0031888679518770834,0.39722094397509977
Generate Capital,Solar Photovoltaic,Solar Generation,1.518,43.015301,-77.26066,NY,MW,0.0031888679518770834,0.39722094397509977
Bullrock-NxtGenREA,Solar Photovoltaic,Solar Generation,0.792,42.915,-77.454,NY,MW,0.0015944339759385417,0.25779353676419364
Bullrock-NxtGenREA,Solar Photovoltaic,Solar Generation,1.518,42.899,-77.461,NY,MW,0.0031888679518770834,0.39722094397509977
Hale Kuawehi Solar LLC,Batteries,Electricity Storage,19.8,19.936688,-155.6793,HI,MW,0.05962384953981593,0.515045255806086
Hale Kuawehi Solar LLC,Solar Photovoltaic,Solar Generation,19.8,19.936688,-155.6793,HI,MW,0.04333961443687491,0.630480793017977
"Duke Energy Florida, LLC",Batteries,Electricity Storage,11.418000000000001,27.331136,-81.36402,FL,MW,0.03421368547418968,0.49287830231898494
Westlands Almond LLC,Solar Photovoltaic,Solar Generation,13.134,36.21222,-119.91,CA,MW,0.02869981156689375,0.6109707272127481
"Roadrunner Solar, LLC",Batteries,Electricity Storage,41.778,31.219444,-102.1922,TX,MW,0.12625050020008002,0.5846360075724412
"High Lonesome Wind Power, LLC",Batteries,Electricity Storage,41.778,31.171652,-101.8811,TX,MW,0.12625050020008002,0.5846360075724412
Pacific Gas & Electric Co.,Batteries,Electricity Storage,120.45,36.808039,-121.7818,CA,MW,0.36474589835934373,0.7587965993656861
Plainfield Solar LLC,Batteries,Electricity Storage,0.66,42.5205,-72.9191,MA,MW,0.001600640256102441,0.16870592774492987
Eversource,Batteries,Electricity Storage,16.5,42.060267,-70.19419,MA,MW,0.04961984793917567,0.5094970960062994
"Searcy Solar, LLC",Batteries,Electricity Storage,6.6000000000000005,35.233,-91.69,AR,MW,0.0196078431372549,0.43649167310370846
"Searcy Solar, LLC",Solar Photovoltaic,Solar Generation,66,35.233,-91.69,AR,MW,0.14480359472387302,0.714646916274308
Arizona State University FDM,Solar Photovoltaic,Solar Generation,0.066,33.424279,-111.9282,AZ,MW,0,0
Hecate Energy Highland LLC,Solar Photovoltaic,Solar Generation,198,39.083514,-83.80981,OH,MW,0.4347006812581533,0.8792741632080008
AES Distributed Energy,Solar Photovoltaic,Solar Generation,115.5,37.437106,-77.15874,VA,MW,0.2535150021742282,0.7877227395920517
BQ Energy LLC,Solar Photovoltaic,Solar Generation,3.3000000000000003,42.442927,-78.63214,NY,MW,0.007102478620089869,0.505677771573954
BQ Energy LLC,Solar Photovoltaic,Solar Generation,3.3000000000000003,42.443632,-78.63213,NY,MW,0.007102478620089869,0.505677771573954
"Wheatridge Wind Holdings, LLC",Batteries,Electricity Storage,19.8,45.55975,-119.6338,OR,MW,0.05962384953981593,0.515045255806086
"Wheatridge Wind Holdings, LLC",Solar Photovoltaic,Solar Generation,33,45.55975,-119.6338,OR,MW,0.07232932309030295,0.6430846546424963
Dominion Renewable Energy,Solar Photovoltaic,Solar Generation,39.336000000000006,36.59,-77.65,VA,MW,0.0862443832439484,0.654846857038238
Dominion Energy Inc.,Solar Photovoltaic,Solar Generation,52.800000000000004,36.818554,-78.77189,VA,MW,0.115813886070445,0.7020305213276591
MN8 Energy LLC,Solar Photovoltaic,Solar Generation,6.6000000000000005,41.55742,-71.50726,RI,MW,0.014349905783446878,0.5924134611575484
MN8 Energy LLC,Solar Photovoltaic,Solar Generation,6.6000000000000005,41.55742,-71.50726,RI,MW,0.014349905783446878,0.5924134611575484
MN8 Energy LLC,Solar Photovoltaic,Solar Generation,6.6000000000000005,41.55742,-71.50726,RI,MW,0.014349905783446878,0.5924134611575484
MN8 Energy LLC,Solar Photovoltaic,Solar Generation,6.6000000000000005,41.55742,-71.50726,RI,MW,0.014349905783446878,0.5924134611575484
MN8 Energy LLC,Solar Photovoltaic,Solar Generation,66,38.299894,-84.38349,KY,MW,0.14480359472387302,0.714646916274308
Duke Energy Renewables Services,Solar Photovoltaic,Solar Generation,14.916000000000002,36.288,-80.656,NC,MW,0.03261342223510654,0.627661526730038
Cranberry Point Energy Storage LLC,Batteries,Electricity Storage,99,41.896717,-70.78708,MA,MW,0.29971988795518206,0.7091542255090751
"St. James Solar, LLC",Solar Photovoltaic,Solar Generation,13.200000000000001,29.9734,-90.7335,LA,MW,0.02884476011016089,0.6114579956437564
"AP Solar 2, LLC",Solar Photovoltaic,Solar Generation,150.15,29.358425,-95.74639,TX,MW,0.32961298738947675,0.8377275738212453
Invenergy Services LLC,Batteries,Electricity Storage,33,33.568,-112.3059,AZ,MW,0.09963985594237694,0.5487176518535749
"Syncarpha Tewksbury, LLC",Batteries,Electricity Storage,1.32,42.593706,-71.17749,MA,MW,0.003601440576230492,0.2593045002085185
"Syncarpha Tewksbury, LLC",Solar Photovoltaic,Solar Generation,1.8479999999999999,42.593706,-71.17749,MA,MW,0.003913610668212784,0.42474151043915653
"Syncarpha Westminster, LLC",Batteries,Electricity Storage,1.914,42.593028,-71.86582,MA,MW,0.005402160864345738,0.3169844364313081
"Syncarpha Westminster, LLC",Solar Photovoltaic,Solar Generation,3.1020000000000003,42.593028,-71.86582,MA,MW,0.006667632990288448,0.49306005940152076
"Syncarpha Millbury, LLC",Batteries,Electricity Storage,2.508,42.175203,-71.79303,MA,MW,0.0072028811524609835,0.3426160928646943
"Syncarpha Millbury, LLC",Solar Photovoltaic,Solar Generation,3.3000000000000003,42.175203,-71.79303,MA,MW,0.007102478620089869,0.505677771573954
"Syncarpha Northbridge I, LLC",Batteries,Electricity Storage,2.64,42.11239,-71.64826,MA,MW,0.007603041216486594,0.3457800080613508
Capital V LLC,Solar Photovoltaic,Solar Generation,6.6000000000000005,36.268007,-77.02821,NC,MW,0.014349905783446878,0.5924134611575484
Georgia Power Co,Solar Photovoltaic,Solar Generation,7.128000000000001,32.501558,-83.88339,GA,MW,0.015509494129584,0.5987445043452951
Drew Solar LLC,Solar Photovoltaic,Solar Generation,66,32.687195,-115.6656,CA,MW,0.14480359472387302,0.714646916274308
Iris Solar LLC,Solar Photovoltaic,Solar Generation,33,30.78184,-90.19536,LA,MW,0.07232932309030295,0.6430846546424963
Arroyo Solar LLC,Batteries,Electricity Storage,99,35.970349,-107.5631,NM,MW,0.29971988795518206,0.7091542255090751
Arroyo Solar LLC,Solar Photovoltaic,Solar Generation,198,35.970349,-107.5631,NM,MW,0.4347006812581533,0.8792741632080008
Invenergy Services LLC,Solar Photovoltaic,Solar Generation,198,33.284418,-95.16356,TX,MW,0.4347006812581533,0.8792741632080008
NJR Clean Energy Ventures Corporation,Solar Photovoltaic,Solar Generation,1.7160000000000002,39.819725,-74.8947,NJ,MW,0.003623713581678504,0.4190874115973452
Invenergy Services LLC,Solar Photovoltaic,Solar Generation,165,33.25102,-95.19343,TX,MW,0.3622264096245833,0.8489242069179086
United States Solar Corporation,Solar Photovoltaic,Solar Generation,0.66,44.9066,-94.16044,MN,MW,0.0013045368894042616,0.14061018220347427
Luminant Generation Company LLC,Solar Photovoltaic,Solar Generation,33.462,28.430988,-97.88956,TX,MW,0.07334396289317292,0.6512392939825179
Luminant Generation Company LLC,Solar Photovoltaic,Solar Generation,71.28,31.09331,-102.3596,TX,MW,0.15639947818524425,0.7344218686518291
New York Power Authority,Batteries,Electricity Storage,13.200000000000001,44.887905,-74.11828,NY,MW,0.03961584633853542,0.49683531626299804
Cincinnati Zoo & Botanical Garden,Solar Photovoltaic,Solar Generation,1.518,39.141852,-84.51074,OH,MW,0.0031888679518770834,0.39722094397509977
"SE Athos I, LLC",Solar Photovoltaic,Solar Generation,165,33.751283,-115.355,CA,MW,0.3622264096245833,0.8489242069179086
Southern California Edison Co,Batteries,Electricity Storage,1.98,34.00467,-118.0684,CA,MW,0.005602240896358543,0.31815622385713654
Southern California Edison Co,Batteries,Electricity Storage,2.31,34.00469,-118.0684,CA,MW,0.006602641056422568,0.33833913427622203
"Lansing Renewables, LLC",Batteries,Electricity Storage,1.98,42.59251,-76.56563,NY,MW,0.005602240896358543,0.31815622385713654
"Granby Solar, LLC",Batteries,Electricity Storage,1.32,42.22712,-72.5222,MA,MW,0.003601440576230492,0.2593045002085185
"Hales Mills Solar, LLC",Batteries,Electricity Storage,1.98,43.01827,-74.32918,NY,MW,0.005602240896358543,0.31815622385713654
"Owlville Creek Solar 2, LLC",Batteries,Electricity Storage,1.98,43.078888,-75.77222,NY,MW,0.005602240896358543,0.31815622385713654
"Owlville Creek Solar, LLC",Batteries,Electricity Storage,1.98,43.08748,-75.77959,NY,MW,0.005602240896358543,0.31815622385713654
224WB 8me LLC,Solar Photovoltaic,Solar Generation,72.60000000000001,31.446237,-99.90297,TX,MW,0.15929844905058704,0.7356288672308446
Gemini Solar,Solar Photovoltaic,Solar Generation,455.40000000000003,36.4678,-114.806,NV,MW,1,1
Gemini Solar,Batteries,Electricity Storage,250.8,36.4678,-114.806,NV,MW,0.7599039615846339,0.9617147406759349
Avangrid Power LLC,Solar Photovoltaic,Solar Generation,106.92,45.54,-120.18,OR,MW,0.23467169154949993,0.7844184211244537
MaxSolar,Solar Photovoltaic,Solar Generation,0.396,41.152222,-74.74444,NJ,MW,7.247427163357008e-4,0.11567032148684003
Wister Solar,Solar Photovoltaic,Solar Generation,13.200000000000001,33.269426,-115.503,CA,MW,0.02884476011016089,0.6114579956437564
North Valley,Solar Photovoltaic,Solar Generation,3.6300000000000003,40.37294,-119.4625,NV,MW,0.00782722133642557,0.5772871452592202
Avangrid Power LLC,Solar Photovoltaic,Solar Generation,39.6,45.131793,-120.8807,OR,MW,0.086824177417016965,0.6551263153075775
Avangrid Power LLC,Solar Photovoltaic,Solar Generation,29.040000000000003,34.93031,-118.4432,CA,MW,0.06363241049427454,0.6377706256352852
Avangrid Power LLC,Solar Photovoltaic,Solar Generation,99,45.888,-120.355,WA,MW,0.21727786635744312,0.7589047549619988
RWE Clean Energy,Batteries,Electricity Storage,26.400000000000002,31.269676,-84.17632,GA,MW,0.07963185274109644,0.5301727691389413
RWE Clean Energy,Solar Photovoltaic,Solar Generation,129.03,31.269676,-84.17632,GA,MW,0.2832294535439919,0.7993225294479358
"Samoset Solar, LLC",Solar Photovoltaic,Solar Generation,1.32,44.168196,-69.11619,ME,MW,0.002754022322075663,0.3275439767896132
"Woodfields Solar, LLC",Solar Photovoltaic,Solar Generation,1.32,34.188925,-82.13433,SC,MW,0.002754022322075663,0.3275439767896132
"Mohave Electric Cooperative, Inc.",Batteries,Electricity Storage,9.9,34.9843,-114.5565,AZ,MW,0.02961184473789516,0.4825737949439924
Standard Solar,Solar Photovoltaic,Solar Generation,1.32,41.076,-88.06491,IL,MW,0.002754022322075663,0.3275439767896132
Standard Solar,Solar Photovoltaic,Solar Generation,1.32,41.96455,-88.66696,IL,MW,0.002754022322075663,0.3275439767896132
Neighborhood Power Corp.,Solar Photovoltaic,Solar Generation,1.254,45.128,-122.828,OR,MW,0.002609073778808523,0.3214937248300043
Madison Energy Investments LLC,Solar Photovoltaic,Solar Generation,1.518,42.260723,-72.0156,MA,MW,0.0031888679518770834,0.39722094397509977
AES Distributed Energy,Batteries,Electricity Storage,66,34.68325,-118.3053,CA,MW,0.1996798719487795,0.6262351124790859
Elora Solar,Solar Photovoltaic,Solar Generation,99,35.06,-86.34,TN,MW,0.21727786635744312,0.7589047549619988
Ho'Ohana Solar 1 LLC,Solar Photovoltaic,Solar Generation,34.32,21.418811,-158.0329,HI,MW,0.07522829395564574,0.652067679976698
Ho'Ohana Solar 1 LLC,Batteries,Electricity Storage,34.32,21.418811,-158.0329,HI,MW,0.10364145658263305,0.5701853169237888
MN8 Energy LLC,Solar Photovoltaic,Solar Generation,44.550000000000004,36.226955,-119.8948,CA,MW,0.09769531816205249,0.661348296547681
MN8 Energy LLC,Batteries,Electricity Storage,22.308,36.226955,-119.8948,CA,MW,0.0672268907563025,0.5221955505982852
MN8 Energy LLC,Batteries,Electricity Storage,33,36.226955,-119.8948,CA,MW,0.09963985594237694,0.5487176518535749
MN8 Energy LLC,Batteries,Electricity Storage,6.6000000000000005,36.226955,-119.8948,CA,MW,0.0196078431372549,0.43649167310370846
MN8 Energy LLC,Batteries,Electricity Storage,30.69,36.226955,-119.8948,CA,MW,0.09263705482192876,0.5438472852638465
MN8 Energy LLC,Solar Photovoltaic,Solar Generation,17.16,36.226955,-119.8948,CA,MW,0.0375416727061893,0.6297094970526746
MN8 Energy LLC,Solar Photovoltaic,Solar Generation,41.580000000000005,36.226955,-119.8948,CA,MW,0.09117263371503116,0.6582193633120006
MN8 Energy LLC,Solar Photovoltaic,Solar Generation,61.38,36.226955,-119.8948,CA,MW,0.13465719669517323,0.7121320478515185
"Taos Mesa Energy Facility, LLC",Batteries,Electricity Storage,8.25,36.44,-105.62,NM,MW,0.02460984393757503,0.47621210150810184
"Taos Mesa Energy Facility, LLC",Solar Photovoltaic,Solar Generation,9.9,36.44,-105.62,NM,MW,0.021597332946803886,0.6044518502743939
"Neptune Energy Center, LLC",Batteries,Electricity Storage,82.5,38.330263,-104.4142,CO,MW,0.24969987995198079,0.6830155635686919
"Neptune Energy Center, LLC",Solar Photovoltaic,Solar Generation,214.5,38.330263,-104.4142,CO,MW,0.47093781707493837,0.9118824238881484
"Madero Grid, LLC",Batteries,Electricity Storage,66,26.169846,-98.32979,TX,MW,0.1996798719487795,0.6262351124790859
"Lightsource Renewable Energy Asset Management, LLC",Solar Photovoltaic,Solar Generation,66,32.196971,-86.32734,AL,MW,0.14480359472387302,0.714646916274308
"Lightsource Renewable Energy Asset Management, LLC",Solar Photovoltaic,Solar Generation,62.7,35.167715,-91.66028,AR,MW,0.13755616756051603,0.712489396626565
"Lightsource Renewable Energy Asset Management, LLC",Solar Photovoltaic,Solar Generation,13.200000000000001,39.849241,-77.92915,PA,MW,0.02884476011016089,0.6114579956437564
"Thunder Wolf Energy Center, LLC",Batteries,Electricity Storage,66,38.1899,-104.398,CO,MW,0.1996798719487795,0.6262351124790859
"Thunder Wolf Energy Center, LLC",Solar Photovoltaic,Solar Generation,163.68,38.1899,-104.398,CO,MW,0.3593274387592405,0.8480216982878717
Cardinal Renewables,Solar Photovoltaic,Solar Generation,13.200000000000001,34.72,-82.06,SC,MW,0.02884476011016089,0.6114579956437564
Pine Gate Renewables,Solar Photovoltaic,Solar Generation,13.200000000000001,36.53115,-77.55038,NC,MW,0.02884476011016089,0.6114579956437564
Pine Gate Renewables,Solar Photovoltaic,Solar Generation,15.443999999999999,35.955653,-78.09362,NC,MW,0.033773010581243657,0.6284280263273816
174 Power Global Corp.,Solar Photovoltaic,Solar Generation,52.800000000000004,32.467194,-97.05433,TX,MW,0.115813886070445,0.7020305213276591
"Allora Solar, LLC",Solar Photovoltaic,Solar Generation,49.5,33.899338,-81.40047,SC,MW,0.10856645890708799,0.6966578585280819
"Lick Creek Solar, LLC",Solar Photovoltaic,Solar Generation,33,36.283056,-80.12827,NC,MW,0.07232932309030295,0.6430846546424963
"Highest Power Solar, LLC",Solar Photovoltaic,Solar Generation,32.142,36.12,-78.25,NC,MW,0.07044499202783013,0.6409478267507449
"Gunsight Solar, LLC",Solar Photovoltaic,Solar Generation,49.5,33.761136,-81.06671,SC,MW,0.10856645890708799,0.6966578585280819
"Partin Solar, LLC",Solar Photovoltaic,Solar Generation,33,36.26801,-80.82194,NC,MW,0.07232932309030295,0.6430846546424963
Invenergy Services LLC,Solar Photovoltaic,Solar Generation,99,40.632486,-83.79238,OH,MW,0.21727786635744312,0.7589047549619988
"Acciona Energy USA Global, LLC",Solar Photovoltaic,Solar Generation,66,42.432863,-89.90687,IL,MW,0.14480359472387302,0.714646916274308
"Sparta Solar, LLC",Solar Photovoltaic,Solar Generation,165,28.655277,-98.00139,TX,MW,0.3622264096245833,0.8489242069179086
"Johanna Energy Center, LLC",Batteries,Electricity Storage,13.200000000000001,33.715016,-117.854,CA,MW,0.03961584633853542,0.49683531626299804
"Johanna Energy Center, LLC",Batteries,Electricity Storage,26.400000000000002,33.715016,-117.854,CA,MW,0.07963185274109644,0.5301727691389413
"DePue Holdings, LLC",Solar Photovoltaic,Solar Generation,13.200000000000001,41.33821,-89.30123,IL,MW,0.02884476011016089,0.6114579956437564
Westlands Solar Blue,Batteries,Electricity Storage,148.5,36.173967,-119.9043,CA,MW,0.44977991196478595,0.8255909162199918
Westlands Solar Blue,Solar Photovoltaic,Solar Generation,165,36.173967,-119.9043,CA,MW,0.3622264096245833,0.8489242069179086
Chestnut Westside LLC,Batteries,Electricity Storage,89.10000000000001,36.160164,-119.9049,CA,MW,0.26970788315326133,0.7000874198689112
Chestnut Westside LLC,Solar Photovoltaic,Solar Generation,99.396,36.160164,-119.9049,CA,MW,0.21814755761704596,0.779070633936388
"Golden Fields Solar III, LLC",Batteries,Electricity Storage,97.02000000000001,34.847,-118.395,CA,MW,0.29371748699479794,0.7065233222330208
"Ecoplexus, Inc",Solar Photovoltaic,Solar Generation,0.792,35.322043,-120.7323,CA,MW,0.0015944339759385417,0.25779353676419364
"Ecoplexus, Inc",Solar Photovoltaic,Solar Generation,1.98,35.764049,-119.3138,CA,MW,0.004203507754747065,0.431451953666995
RWE Clean Energy,Solar Photovoltaic,Solar Generation,99,39.021755,-83.70501,OH,MW,0.21727786635744312,0.7589047549619988
Invenergy Services LLC,Solar Photovoltaic,Solar Generation,132,33.458,-95.349,TX,MW,0.2897521379910132,0.8017627624826315
Invenergy Services LLC,Solar Photovoltaic,Solar Generation,165,33.426498,-95.35745,TX,MW,0.3622264096245833,0.8489242069179086
Invenergy Services LLC,Solar Photovoltaic,Solar Generation,204.60000000000002,33.481551,-95.26925,TX,MW,0.44919553558486736,0.9065555598313151
AES Distributed Energy,Batteries,Electricity Storage,19.8,19.902,-155.764,HI,MW,0.05962384953981593,0.515045255806086
AES Distributed Energy,Solar Photovoltaic,Solar Generation,19.8,19.902,-155.764,HI,MW,0.04333961443687491,0.630480793017977
"Azure Sky Solar Project, LLC",Batteries,Electricity Storage,60.19200000000001,33.021601,-99.61463,TX,MW,0.18207282913165265,0.6196067243581349
Dominion Energy Inc.,Solar Photovoltaic,Solar Generation,39.6,36.807131,-78.50977,VA,MW,0.086824177417016965,0.6551263153075775
MN8 Energy LLC,Solar Photovoltaic,Solar Generation,52.536,39.178761,-75.96091,MD,MW,0.11523409189737643,0.7016907548169699
"Dodge Flat Solar, LLC",Batteries,Electricity Storage,33,40.713024,-119.4672,NV,MW,0.09963985594237694,0.5487176518535749
"Dodge Flat Solar, LLC",Solar Photovoltaic,Solar Generation,132,40.713024,-119.4672,NV,MW,0.2897521379910132,0.8017627624826315
Nevada Power Co,Batteries,Electricity Storage,66,36.42726,-114.8907,NV,MW,0.1996798719487795,0.6262351124790859
Nevada Power Co,Solar Photovoltaic,Solar Generation,99,36.42726,-114.8907,NV,MW,0.21727786635744312,0.7589047549619988
Arevon Asset Management,Batteries,Electricity Storage,39.6,36.006945,-117.8106,CA,MW,0.11964785914365746,0.5769378019295782
"Duke Energy Florida, LLC",Solar Photovoltaic,Solar Generation,49.434000000000005,27.639778,-81.65437,FL,MW,0.10842151036382086,0.6910907819611026
"Rocket Solar, LLC",Solar Photovoltaic,Solar Generation,52.800000000000004,41.63628,-112.4441,UT,MW,0.115813886070445,0.7020305213276591
"Horseshoe Solar, LLC",Solar Photovoltaic,Solar Generation,49.5,40.71828,-112.6658,UT,MW,0.10856645890708799,0.6966578585280819
"Acciona Energy USA Global, LLC",Solar Photovoltaic,Solar Generation,158.4,29.560311,-95.98036,TX,MW,0.34773155529786925,0.8436170478325083
"REA Investments, LLC",Solar Photovoltaic,Solar Generation,0.66,44.442361,-94.38725,MN,MW,0.0013045368894042616,0.14061018220347427
"Duke Energy Florida, LLC",Batteries,Electricity Storage,3.6300000000000003,29.732141,-85.39143,FL,MW,0.010604241696678672,0.3813299830540607
"Duke Energy Florida, LLC",Batteries,Electricity Storage,3.6300000000000003,30.603831,-83.09806,FL,MW,0.010604241696678672,0.3813299830540607
"Duke Energy Florida, LLC",Batteries,Electricity Storage,5.478000000000001,29.5112,-82.27483,FL,MW,0.016206482593037218,0.39329497068595737
"Energix Nokesville, LLC",Solar Photovoltaic,Solar Generation,13.200000000000001,38.672,-77.593,VA,MW,0.02884476011016089,0.6114579956437564
Greenbacker Renewable Energy Corporation,Solar Photovoltaic,Solar Generation,52.800000000000004,45.856,-108.602,MT,MW,0.115813886070445,0.7020305213276591
"Montague Road Solar, LLC",Batteries,Electricity Storage,1.32,42.421721,-72.53686,MA,MW,0.003601440576230492,0.2593045002085185
Ameresco Federal Solutions,Batteries,Electricity Storage,1.32,35.029,-79.485,NC,MW,0.003601440576230492,0.2593045002085185
Ameresco Federal Solutions,Solar Photovoltaic,Solar Generation,0.66,35.029,-79.485,NC,MW,0.0013045368894042616,0.14061018220347427
BD Solar Palmyra LLC,Solar Photovoltaic,Solar Generation,3.3000000000000003,44.84,-69.31,ME,MW,0.007102478620089869,0.505677771573954
BD Solar Hancock LLC,Solar Photovoltaic,Solar Generation,4.62,44.535671,-68.35473,ME,MW,0.010001449485432672,0.5845635301397932
BD Solar 2 LLC,Solar Photovoltaic,Solar Generation,4.62,44.56,-69.59,ME,MW,0.010001449485432672,0.5845635301397932
BD Solar Hancock North LLC,Solar Photovoltaic,Solar Generation,4.62,44.534547,-68.37879,ME,MW,0.010001449485432672,0.5845635301397932
West Texas Solar Project II LLC,Solar Photovoltaic,Solar Generation,134.508,31.186,-103.128,TX,MW,0.29526018263516457,0.8321247052490015
"Route 66 Energy Center, LLC",Solar Photovoltaic,Solar Generation,32.67,35.098417,-107.6146,NM,MW,0.07160458037396725,0.6412140996132945
Greenbacker Renewable Energy Corporation,Solar Photovoltaic,Solar Generation,13.200000000000001,42.515459,-73.83345,NY,MW,0.02884476011016089,0.6114579956437564
"Sunflower County Solar Project, LLC",Solar Photovoltaic,Solar Generation,66,33.757767,-90.53647,MS,MW,0.14480359472387302,0.714646916274308
Dominion Energy Inc.,Solar Photovoltaic,Solar Generation,13.200000000000001,37.365615,-76.77512,VA,MW,0.02884476011016089,0.6114579956437564
"Ignacio Grid, LLC",Batteries,Electricity Storage,66,26.166944,-98.325,TX,MW,0.1996798719487795,0.6262351124790859
Tesla Inc.,Solar Photovoltaic,Solar Generation,0.7260000000000001,39.539511,-119.4392,NV,MW,0.0014494854326714017,0.24832723510049104
Tesla Inc.,Solar Photovoltaic,Solar Generation,1.1880000000000002,39.539511,-119.4392,NV,MW,0.002464125235541383,0.3143414461503724
Tesla Inc.,Solar Photovoltaic,Solar Generation,1.32,39.539511,-119.4392,NV,MW,0.002754022322075663,0.3275439767896132
"Maverick Solar 6, LLC",Batteries,Electricity Storage,33,33.7,-115.38,CA,MW,0.09963985594237694,0.5487176518535749
"Old 300 Solar Center, LLC",Solar Photovoltaic,Solar Generation,283.8,29.33355,-95.82544,TX,MW,0.6231337875054356,0.93618003127915
Dominion Energy Inc.,Solar Photovoltaic,Solar Generation,13.200000000000001,36.65,-76.35,VA,MW,0.02884476011016089,0.6114579956437564
Dominion Energy Inc.,Solar Photovoltaic,Solar Generation,27.720000000000002,36.942634,-79.1928,VA,MW,0.060733439628931726,0.6372442784960467
"Duke Energy Florida, LLC",Solar Photovoltaic,Solar Generation,49.434000000000005,28.99999,-82.67224,FL,MW,0.10842151036382086,0.6910907819611026
"Duke Energy Florida, LLC",Solar Photovoltaic,Solar Generation,49.434000000000005,30.103137,-85.41039,FL,MW,0.10842151036382086,0.6910907819611026
"Fish Springs Ranch Solar, LLC",Solar Photovoltaic,Solar Generation,66,40.074741,-119.9742,NV,MW,0.14480359472387302,0.714646916274308
"Fish Springs Ranch Solar, LLC",Batteries,Electricity Storage,16.5,40.074741,-119.9742,NV,MW,0.04961984793917567,0.5094970960062994
"REA Investments, LLC",Solar Photovoltaic,Solar Generation,0.66,44.613956,-95.64267,MN,MW,0.0013045368894042616,0.14061018220347427
"JSD Flatwood PV-1, LLC",Solar Photovoltaic,Solar Generation,1.32,35.01308,-81.92871,SC,MW,0.002754022322075663,0.3275439767896132
"SR North Stonington, LLC",Solar Photovoltaic,Solar Generation,7.92,41.434277,-71.81404,CT,MW,0.01724887664878968,0.6013506426679044
"SR Litchfield, LLC",Solar Photovoltaic,Solar Generation,13.068000000000001,41.793735,-73.16701,CT,MW,0.02855486302362661,0.610240990767632
"Azure Sky Wind Project, LLC",Batteries,Electricity Storage,79.2,33.169139,-99.26601,TX,MW,0.2396958783513405,0.6772137211760814
Greenbacker Renewable Energy Corporation,Solar Photovoltaic,Solar Generation,52.800000000000004,39.54844,-110.7121,UT,MW,0.115813886070445,0.7020305213276591
Apex Solar LLC,Solar Photovoltaic,Solar Generation,52.800000000000004,45.236,-112.746,MT,MW,0.115813886070445,0.7020305213276591
"Assembly Solar III, LLC",Solar Photovoltaic,Solar Generation,52.14,43.022705,-83.94273,MI,MW,0.1143644006377736,0.701351530307841
RWE Clean Energy,Batteries,Electricity Storage,90.42,36.153193,-120.1045,CA,MW,0.27370948379351745,0.7039253304766102
RWE Clean Energy,Solar Photovoltaic,Solar Generation,99,36.153193,-120.1045,CA,MW,0.21727786635744312,0.7589047549619988
RWE Clean Energy,Solar Photovoltaic,Solar Generation,132,29.894053,-97.27054,TX,MW,0.2897521379910132,0.8017627624826315
50LW 8me LLC,Solar Photovoltaic,Solar Generation,330,35.062965,-118.0878,CA,MW,0.7245977677924337,0.9484647442963996
50LW 8me LLC,Batteries,Electricity Storage,330,35.062965,-118.0878,CA,MW,1,1
Duke Energy Renewables Services,Solar Photovoltaic,Solar Generation,115.5,38.6217,-104.5814,CO,MW,0.2535150021742282,0.7877227395920517
"Agilitas Energy, Inc.",Solar Photovoltaic,Solar Generation,3.2340000000000004,42.13,-71.87,MA,MW,0.0069575300768227296,0.4978973555835699
"Agilitas Energy, Inc.",Batteries,Electricity Storage,2.508,42.13,-71.87,MA,MW,0.0072028811524609835,0.3426160928646943
"Hadley 3 Solar, LLC (North)",Batteries,Electricity Storage,0.66,42.35885,-72.5426,MA,MW,0.001600640256102441,0.16870592774492987
"Hadley 3 Solar, LLC (South)",Batteries,Electricity Storage,0.66,42.355782,-72.5426,MA,MW,0.001600640256102441,0.16870592774492987
Repsol Renewables NA,Solar Photovoltaic,Solar Generation,330,34.4067,-101.5966,TX,MW,0.7245977677924337,0.9484647442963996
"7V Solar Ranch, LLC",Solar Photovoltaic,Solar Generation,158.4,29.806984,-97.07408,TX,MW,0.34773155529786925,0.8436170478325083
Indiana Municipal Power Agency,Solar Photovoltaic,Solar Generation,4.488,40.085081,-85.74671,IN,MW,0.009711552398898392,0.583876967291064
Indiana Municipal Power Agency,Solar Photovoltaic,Solar Generation,1.914,40.755338,-86.10572,IN,MW,0.0040585592114799245,0.4278826698683019
Indiana Municipal Power Agency,Solar Photovoltaic,Solar Generation,3.498,39.805984,-84.87833,IN,MW,0.007537324249891289,0.5761591915473768
AES Distributed Energy,Batteries,Electricity Storage,39.6,20.8439,-156.485,HI,MW,0.11964785914365746,0.5769378019295782
AES Distributed Energy,Solar Photovoltaic,Solar Generation,39.6,20.8439,-156.485,HI,MW,0.086824177417016965,0.6551263153075775
AP Sunray LLC,Solar Photovoltaic,Solar Generation,134.31,29.291845,-99.61237,TX,MW,0.2948253370053631,0.8313456633860038
BPL Crown Solar LLC,Solar Photovoltaic,Solar Generation,66,31.346717,-97.08277,TX,MW,0.14480359472387302,0.714646916274308
BPL Sol Solar LLC,Solar Photovoltaic,Solar Generation,66,31.346717,-97.08277,TX,MW,0.14480359472387302,0.714646916274308
Engie North America,Batteries,Electricity Storage,6.534000000000001,26.687614,-99.10942,TX,MW,0.019407763105242098,0.394200048734022
Engie North America,Batteries,Electricity Storage,6.534000000000001,28.678935,-100.4637,TX,MW,0.019407763105242098,0.394200048734022
Engie North America,Batteries,Electricity Storage,6.534000000000001,28.678935,-100.4637,TX,MW,0.019407763105242098,0.394200048734022
Engie North America,Batteries,Electricity Storage,6.534000000000001,26.932675,-99.23371,TX,MW,0.019407763105242098,0.394200048734022
Engie North America,Batteries,Electricity Storage,6.534000000000001,26.932675,-99.23371,TX,MW,0.019407763105242098,0.394200048734022
"Mockingbird Solar Center, LLC",Solar Photovoltaic,Solar Generation,310.86,33.39167,-95.42519,TX,MW,0.6825626902449631,0.9419418973374337
Nautilus Solar Solutions,Solar Photovoltaic,Solar Generation,1.32,40.613557,-103.2337,CO,MW,0.002754022322075663,0.3275439767896132
Nautilus Solar Solutions,Solar Photovoltaic,Solar Generation,1.32,40.613557,-103.2337,CO,MW,0.002754022322075663,0.3275439767896132
Nautilus Solar Solutions,Solar Photovoltaic,Solar Generation,1.32,40.619084,-103.1589,CO,MW,0.002754022322075663,0.3275439767896132
Nautilus Solar Solutions,Solar Photovoltaic,Solar Generation,1.32,40.260736,-104.8242,CO,MW,0.002754022322075663,0.3275439767896132
Nautilus Solar Solutions,Solar Photovoltaic,Solar Generation,1.32,40.250222,-104.8395,CO,MW,0.002754022322075663,0.3275439767896132
Nautilus Solar Solutions,Solar Photovoltaic,Solar Generation,0.66,40.613557,-103.2337,CO,MW,0.0013045368894042616,0.14061018220347427
SkyHigh 2 Solar,Solar Photovoltaic,Solar Generation,1.7160000000000002,32.129416,-110.8389,AZ,MW,0.003623713581678504,0.4190874115973452
Wisconsin Electric Power Co,Solar Photovoltaic,Solar Generation,99,42.94556,-90.34942,WI,MW,0.21727786635744312,0.7589047549619988
SkyHigh 2 Solar,Solar Photovoltaic,Solar Generation,2.7720000000000002,33.802869,-117.0236,CA,MW,0.005942890273952748,0.48020451222404453
Kennecott Utah Copper,Solar Photovoltaic,Solar Generation,3.3000000000000003,40.57664,-112.0846,UT,MW,0.007102478620089869,0.505677771573954
Kennecott Utah Copper,Solar Photovoltaic,Solar Generation,16.5,40.57664,-112.0846,UT,MW,0.0360921872735179,0.6289400154412479
"Forefront Power, LLC",Solar Photovoltaic,Solar Generation,1.7160000000000002,37.911715,-121.1987,CA,MW,0.003623713581678504,0.4190874115973452
MN8 Energy LLC,Solar Photovoltaic,Solar Generation,92.4,36.144761,-77.50952,NC,MW,0.2027830120307291,0.751672764899509
RWE Clean Energy,Batteries,Electricity Storage,0.46199999999999997,41.09999,-73.77155,NY,MW,0.0010004001600640254,0.1425580173512899
RWE Clean Energy,Solar Photovoltaic,Solar Generation,0.33,41.09999,-73.77155,NY,MW,5.797941730685607e-4,0.09344444016868475
"Brazoria West Solar Project, LLC",Solar Photovoltaic,Solar Generation,132,29.191,-95.663,TX,MW,0.2897521379910132,0.8017627624826315
RWE Clean Energy,Solar Photovoltaic,Solar Generation,49.5,36.876,-80.837,VA,MW,0.10856645890708799,0.6966578585280819
AES Clean Energy,Solar Photovoltaic,Solar Generation,82.5,42.254,-84.813,MI,MW,0.18104073054065808,0.7430460351781091
"Origis Energy USA, Inc",Solar Photovoltaic,Solar Generation,52.800000000000004,31.007777,-86.59194,AL,MW,0.115813886070445,0.7020305213276591
"RPCA Solar 3, LLC",Solar Photovoltaic,Solar Generation,3.3000000000000003,37.847114,-121.6173,CA,MW,0.007102478620089869,0.505677771573954
"REA Investments, LLC",Solar Photovoltaic,Solar Generation,0.66,44.782077,-95.78581,MN,MW,0.0013045368894042616,0.14061018220347427
Arlington Energy Center II,Solar Photovoltaic,Solar Generation,66,33.69088,-114.7749,CA,MW,0.14480359472387302,0.714646916274308
Arlington Energy Center II,Solar Photovoltaic,Solar Generation,87.78,33.69088,-114.7749,CA,MW,0.1926366140020293,0.7481700506398097
Arlington Energy Center II,Batteries,Electricity Storage,87.12,33.69088,-114.7749,CA,MW,0.26370548219287715,0.6975665465430188
"REA Investments, LLC",Solar Photovoltaic,Solar Generation,0.66,44.245884,-92.54621,MN,MW,0.0013045368894042616,0.14061018220347427
"REA Investments, LLC",Solar Photovoltaic,Solar Generation,0.66,44.804234,-95.2056,MN,MW,0.0013045368894042616,0.14061018220347427
"REA Investments, LLC",Solar Photovoltaic,Solar Generation,0.66,45.472611,-92.89924,MN,MW,0.0013045368894042616,0.14061018220347427
"REA Investments, LLC",Solar Photovoltaic,Solar Generation,0.66,44.000397,-93.50162,MN,MW,0.0013045368894042616,0.14061018220347427
"REA Investments, LLC",Solar Photovoltaic,Solar Generation,0.66,44.101108,-91.76288,MN,MW,0.0013045368894042616,0.14061018220347427
Resurgence Solar,Solar Photovoltaic,Solar Generation,59.400000000000006,35.00656,-117.5448,CA,MW,0.13030874039715903,0.7110637712728493
Resurgence Solar,Batteries,Electricity Storage,49.5,35.00656,-117.5448,CA,MW,0.14965986394557823,0.6004115935114015
OE_TN1,Solar Photovoltaic,Solar Generation,66,36.38638,-88.99194,TN,MW,0.14480359472387302,0.714646916274308
North Carolina El Member Corp,Batteries,Electricity Storage,1.6500000000000001,34.799,-77.947,NC,MW,0.004601840736294517,0.29477971031596156
North Carolina El Member Corp,Solar Photovoltaic,Solar Generation,1.32,34.799,-77.947,NC,MW,0.002754022322075663,0.3275439767896132
North Carolina El Member Corp,Batteries,Electricity Storage,0.396,35.04247,-78.58698,NC,MW,8.003201280512204e-4,0.134888555745649
North Carolina El Member Corp,Solar Photovoltaic,Solar Generation,0.33,35.04247,-78.58698,NC,MW,5.797941730685607e-4,0.09344444016868475
North Carolina El Member Corp,Batteries,Electricity Storage,3.366,35.419641,-77.72909,NC,MW,0.009803921568627449,0.38039327564186504
North Carolina El Member Corp,Solar Photovoltaic,Solar Generation,3.3000000000000003,35.419641,-77.72909,NC,MW,0.007102478620089869,0.505677771573954
North Carolina El Member Corp,Batteries,Electricity Storage,1.6500000000000001,35.637337,-76.53598,NC,MW,0.004601840736294517,0.29477971031596156
North Carolina El Member Corp,Solar Photovoltaic,Solar Generation,1.32,35.637337,-76.53598,NC,MW,0.002754022322075663,0.3275439767896132
North Carolina El Member Corp,Batteries,Electricity Storage,0.33,34.846047,-79.73401,NC,MW,6.002400960384153e-4,0.08197921337086443
North Carolina El Member Corp,Solar Photovoltaic,Solar Generation,0.33,34.846047,-79.73401,NC,MW,5.797941730685607e-4,0.09344444016868475
North Carolina El Member Corp,Batteries,Electricity Storage,0.396,35.953947,-78.42402,NC,MW,8.003201280512204e-4,0.134888555745649
North Carolina El Member Corp,Solar Photovoltaic,Solar Generation,0.33,35.953947,-78.42402,NC,MW,5.797941730685607e-4,0.09344444016868475
North Carolina El Member Corp,Batteries,Electricity Storage,1.6500000000000001,34.831,-77.77,NC,MW,0.004601840736294517,0.29477971031596156
North Carolina El Member Corp,Solar Photovoltaic,Solar Generation,1.32,34.831,-77.77,NC,MW,0.002754022322075663,0.3275439767896132
North Carolina El Member Corp,Batteries,Electricity Storage,1.6500000000000001,35.718429,-79.90948,NC,MW,0.004601840736294517,0.29477971031596156
North Carolina El Member Corp,Solar Photovoltaic,Solar Generation,1.32,35.718429,-79.90948,NC,MW,0.002754022322075663,0.3275439767896132
North Carolina El Member Corp,Batteries,Electricity Storage,1.6500000000000001,35.718429,-79.90948,NC,MW,0.004601840736294517,0.29477971031596156
North Carolina El Member Corp,Solar Photovoltaic,Solar Generation,1.32,35.718429,-79.90948,NC,MW,0.002754022322075663,0.3275439767896132
"Origis Energy USA, Inc",Batteries,Electricity Storage,33,33.418888,-88.61888,MS,MW,0.09963985594237694,0.5487176518535749
"Origis Energy USA, Inc",Solar Photovoltaic,Solar Generation,132,33.418888,-88.61888,MS,MW,0.2897521379910132,0.8017627624826315
Standard Solar,Solar Photovoltaic,Solar Generation,2.97,41.45854,-71.70421,RI,MW,0.006377735903754168,0.4863228265519096
Madison Energy Holdings LLC,Solar Photovoltaic,Solar Generation,0.9239999999999999,41.96829,-71.16544,MA,MW,0.001884331062472822,0.2794824398408343
"Duke Energy Florida, LLC",Solar Photovoltaic,Solar Generation,49.434000000000005,27.641125,-81.94158,FL,MW,0.10842151036382086,0.6910907819611026
Wisconsin Electric Power Co,Solar Photovoltaic,Solar Generation,165,42.62,-88.74,WI,MW,0.3622264096245833,0.8489242069179086
FPS Coxsackie Solar LLC,Solar Photovoltaic,Solar Generation,3.3000000000000003,42.33337,-73.8475,NY,MW,0.007102478620089869,0.505677771573954
"Ranchland Wind Storage, LLC",Batteries,Electricity Storage,48.18,32.308524,-99.1642,TX,MW,0.1456582633053221,0.5986309072937691
"REA Investments, LLC",Solar Photovoltaic,Solar Generation,0.66,45.389128,-92.67606,MN,MW,0.0013045368894042616,0.14061018220347427
Arlington Energy Center III,Solar Photovoltaic,Solar Generation,86.46000000000001,33.69088,-114.7749,CA,MW,0.18973764313668648,0.7464451797248762
Arlington Energy Center III,Batteries,Electricity Storage,72.60000000000001,33.69088,-114.7749,CA,MW,0.21968787515006002,0.6660082290082544
AES Distributed Energy,Solar Photovoltaic,Solar Generation,66,32.834322,-111.568,AZ,MW,0.14480359472387302,0.714646916274308
AES Distributed Energy,Solar Photovoltaic,Solar Generation,13.200000000000001,42.084451,-84.13528,MI,MW,0.02884476011016089,0.6114579956437564
AES Distributed Energy,Solar Photovoltaic,Solar Generation,9.9,42.274575,-84.13528,MI,MW,0.021597332946803886,0.6044518502743939
AES Distributed Energy,Solar Photovoltaic,Solar Generation,13.200000000000001,42.471622000000004,-86.09686,MI,MW,0.02884476011016089,0.6114579956437564
Nautilus Solar Solutions,Solar Photovoltaic,Solar Generation,8.382,41.979212,-71.58131,RI,MW,0.01826351645165966,0.6030176071212666
San Diego Gas & Electric Co,Batteries,Electricity Storage,6.6000000000000005,32.83347,-117.1344,CA,MW,0.0196078431372549,0.43649167310370846
San Diego Gas & Electric Co,Batteries,Electricity Storage,6.6000000000000005,32.832886,-117.1323,CA,MW,0.0196078431372549,0.43649167310370846
Kearsarge Upper Union LLC,Solar Photovoltaic,Solar Generation,0.66,42.050281,-71.39128,MA,MW,0.0013045368894042616,0.14061018220347427
Kearsarge Upper Union LLC,Batteries,Electricity Storage,0.528,42.050281,-71.39128,MA,MW,0.0012004801920768309,0.15639661708238267
"Luminace Solar Illinois 2, LLC",Solar Photovoltaic,Solar Generation,1.1880000000000002,42.206076,-89.07438,IL,MW,0.002464125235541383,0.3143414461503724
"Leeward Asset Management, LLC",Solar Photovoltaic,Solar Generation,66,34.83,-118.32,CA,MW,0.14480359472387302,0.714646916274308
"Leeward Asset Management, LLC",Batteries,Electricity Storage,13.200000000000001,34.83,-118.32,CA,MW,0.03961584633853542,0.49683531626299804
Tampa Electric Co,Solar Photovoltaic,Solar Generation,49.17,27.806645,-81.95568,FL,MW,0.1078417161907523,0.6674270695664446
AES Clean Energy,Solar Photovoltaic,Solar Generation,198,35.840479,-119.0827,CA,MW,0.4347006812581533,0.8792741632080008
AES Clean Energy,Batteries,Electricity Storage,158.4,35.840479,-119.0827,CA,MW,0.4797919167667067,0.8469011258656849
"Leeward Asset Management, LLC",Solar Photovoltaic,Solar Generation,129.36,39.855658,-83.32843,OH,MW,0.2839541962603276,0.7999285299468532
"Big Rock ESS Assets, LLC",Batteries,Electricity Storage,132,32.733421,-115.7137,CA,MW,0.3997599039615847,0.7658985069236155
"Big River Solar, LLC",Solar Photovoltaic,Solar Generation,98.34,38.050141000000004,-88.29553,IL,MW,0.21582838092477172,0.757524548985297
Duke Energy Progress - (NC),Batteries,Electricity Storage,2.9040000000000004,35.89071,-82.82513,NC,MW,0.008403361344537815,0.34890812663072274
Duke Energy Progress - (NC),Solar Photovoltaic,Solar Generation,1.254,35.89071,-82.82513,NC,MW,0.002609073778808523,0.3214937248300043
Tampa Electric Co,Solar Photovoltaic,Solar Generation,30.227999999999998,27.781988,-82.39045,FL,MW,0.06624148427308305,0.6398850745387414
Nautilus Solar Solutions,Solar Photovoltaic,Solar Generation,1.32,40.228419,-104.777,CO,MW,0.002754022322075663,0.3275439767896132
Nautilus Solar Solutions,Solar Photovoltaic,Solar Generation,0.66,39.414671,-108.0907,CO,MW,0.0013045368894042616,0.14061018220347427
Nautilus Solar Solutions,Solar Photovoltaic,Solar Generation,1.32,40.266898,-103.6575,CO,MW,0.002754022322075663,0.3275439767896132
Nautilus Solar Solutions,Solar Photovoltaic,Solar Generation,1.32,40.266898,-103.6575,CO,MW,0.002754022322075663,0.3275439767896132
Nautilus Solar Solutions,Solar Photovoltaic,Solar Generation,0.66,40.266856,-103.6594,CO,MW,0.0013045368894042616,0.14061018220347427
Nautilus Solar Solutions,Solar Photovoltaic,Solar Generation,1.32,39.523107,-107.8153,CO,MW,0.002754022322075663,0.3275439767896132
Nautilus Solar Solutions,Solar Photovoltaic,Solar Generation,1.32,39.414671,-108.0907,CO,MW,0.002754022322075663,0.3275439767896132
Nautilus Solar Solutions,Solar Photovoltaic,Solar Generation,1.32,40.241166,-104.7714,CO,MW,0.002754022322075663,0.3275439767896132
AES Distributed Energy,Batteries,Electricity Storage,8.25,21.372,-158.062,HI,MW,0.02460984393757503,0.47621210150810184
AES Distributed Energy,Solar Photovoltaic,Solar Generation,8.25,21.372,-158.062,HI,MW,0.01797361936512538,0.6020642322060996
"Acciona Energy USA Global, LLC",Solar Photovoltaic,Solar Generation,214.5,40.437526,-83.48349,OH,MW,0.47093781707493837,0.9118824238881484
"Blue Jay Solar I, LLC",Batteries,Electricity Storage,34.056000000000004,30.705329,-96.06983,TX,MW,0.10284113645458183,0.5685093353400064
"Leeward Asset Management, LLC",Solar Photovoltaic,Solar Generation,66,36.5044,-76.1887,NC,MW,0.14480359472387302,0.714646916274308
Invenergy Services LLC,Batteries,Electricity Storage,16.302,42.738686,-78.23973,NY,MW,0.049019607843137254,0.5079133740977725
"Distributed Solar Development, LLC",Solar Photovoltaic,Solar Generation,1.32,38.934666,-76.71482,MD,MW,0.002754022322075663,0.3275439767896132
"Angel Fire Energy Facility, LLC",Batteries,Electricity Storage,2.442,36.416867,-105.2807,NM,MW,0.007002801120448179,0.34155323137785615
"Angel Fire Energy Facility, LLC",Solar Photovoltaic,Solar Generation,4.95,36.416867,-105.2807,NM,MW,0.010726192201768374,0.5859395149640056
"LeConte Energy Storage, LLC",Batteries,Electricity Storage,82.5,32.677208,-115.6702,CA,MW,0.24969987995198079,0.6830155635686919
"Stanly Solar, LLC",Solar Photovoltaic,Solar Generation,33,35.289722,-80.23556,NC,MW,0.07232932309030295,0.6430846546424963
Navisun LLC,Solar Photovoltaic,Solar Generation,0.66,41.697,-70.903,MA,MW,0.0013045368894042616,0.14061018220347427
Navisun LLC,Solar Photovoltaic,Solar Generation,0.66,41.70596,-70.88635,MA,MW,0.0013045368894042616,0.14061018220347427
"BCD Project Holdings 1, LLC",Solar Photovoltaic,Solar Generation,13.200000000000001,41.050201,-78.6519,PA,MW,0.02884476011016089,0.6114579956437564
"BCD Project Holdings 1, LLC",Solar Photovoltaic,Solar Generation,13.200000000000001,40.963184,-78.17915,PA,MW,0.02884476011016089,0.6114579956437564
AES Distributed Energy,Solar Photovoltaic,Solar Generation,3.3000000000000003,42.9976,-78.5047,NY,MW,0.007102478620089869,0.505677771573954
AES Distributed Energy,Solar Photovoltaic,Solar Generation,0.99,43.2752,-77.966,NY,MW,0.0020292796057399622,0.28893622872715063
AES Distributed Energy,Solar Photovoltaic,Solar Generation,3.3000000000000003,43.2743,-77.965,NY,MW,0.007102478620089869,0.505677771573954
AES Distributed Energy,Solar Photovoltaic,Solar Generation,3.3000000000000003,43.0421,-78.1337,NY,MW,0.007102478620089869,0.505677771573954
AES Distributed Energy,Batteries,Electricity Storage,2.3760000000000003,42.3831,-72.7111,MA,MW,0.006802721088435374,0.3394148140578874
AES Distributed Energy,Solar Photovoltaic,Solar Generation,3.3000000000000003,42.3831,-72.7111,MA,MW,0.007102478620089869,0.505677771573954
AES Distributed Energy,Batteries,Electricity Storage,1.98,41.59,-71.0942,MA,MW,0.005602240896358543,0.31815622385713654
AES Distributed Energy,Solar Photovoltaic,Solar Generation,3.3000000000000003,41.59,-71.0942,MA,MW,0.007102478620089869,0.505677771573954
Novel Froehle Solar HQ LLC,Solar Photovoltaic,Solar Generation,0.66,45.467562,-94.39816,MN,MW,0.0013045368894042616,0.14061018220347427
Novel Milbradt Solar HQ LLC,Solar Photovoltaic,Solar Generation,0.66,44.651132,-95.33955,MN,MW,0.0013045368894042616,0.14061018220347427
SPG IL Brush Creek I Solar LLC,Solar Photovoltaic,Solar Generation,1.32,42.452243,-89.63881,IL,MW,0.002754022322075663,0.3275439767896132
MidAmerican Energy Co,Solar Photovoltaic,Solar Generation,66,42.56867,-94.10277,IA,MW,0.14480359472387302,0.714646916274308
"Elektron Solar, LLC",Solar Photovoltaic,Solar Generation,52.800000000000004,40.868271,-112.7034,UT,MW,0.115813886070445,0.7020305213276591
"Castle Solar, LLC",Solar Photovoltaic,Solar Generation,26.400000000000002,39.334418,-110.9907,UT,MW,0.05783446876358893,0.6351477586980512
VESI 10 LLC,Batteries,Electricity Storage,1.6500000000000001,39.17133,-121.6621,CA,MW,0.004601840736294517,0.29477971031596156
VESI 10 LLC,Batteries,Electricity Storage,1.6500000000000001,39.17133,-121.6621,CA,MW,0.004601840736294517,0.29477971031596156
Contour Global,Solar Photovoltaic,Solar Generation,99,40.616742,-104.8489,CO,MW,0.21727786635744312,0.7589047549619988
"Duke Energy Florida, LLC",Batteries,Electricity Storage,1.6500000000000001,27.767931,-82.65477,FL,MW,0.004601840736294517,0.29477971031596156
"Duke Energy Florida, LLC",Solar Photovoltaic,Solar Generation,0.528,27.767931,-82.65477,FL,MW,0.0010146398028699813,0.12194662962902733
MidAmerican Energy Co,Solar Photovoltaic,Solar Generation,16.5,41.4669,-94.26271,IA,MW,0.0360921872735179,0.6289400154412479
Florida Power & Light Co,Solar Photovoltaic,Solar Generation,49.17,30.782897,-85.07869,FL,MW,0.1078417161907523,0.6674270695664446
"Agilitas Energy, Inc.",Solar Photovoltaic,Solar Generation,3.3000000000000003,41.793,-70.82031,MA,MW,0.007102478620089869,0.505677771573954
"Agilitas Energy, Inc.",Batteries,Electricity Storage,2.97,41.793,-70.82031,MA,MW,0.00860344137655062,0.3499431366087207
"Agilitas Energy, Inc.",Batteries,Electricity Storage,1.98,41.938,-71.685,RI,MW,0.005602240896358543,0.31815622385713654
"Agilitas Energy, Inc.",Batteries,Electricity Storage,1.32,40.783,-73.01634,NY,MW,0.003601440576230492,0.2593045002085185
Madison Gas & Electric Co,Solar Photovoltaic,Solar Generation,5.28,43.0596,-89.2609,WI,MW,0.011450934918104073,0.5884722939379426
"VESI Upton County BESS, LLC",Batteries,Electricity Storage,16.368000000000002,31.23924,-102.3217,TX,MW,0.04921968787515006,0.5087051695561614
Yellowbud Solar LLC,Solar Photovoltaic,Solar Generation,180.84,39.502511,-83.06558,OH,MW,0.3970140600086969,0.8768486242699727
"SR Clay, LLC",Solar Photovoltaic,Solar Generation,69.96000000000001,31.544831,-84.90057,GA,MW,0.15350050731990145,0.7332227992339613
"SR Cedar Springs, LLC",Solar Photovoltaic,Solar Generation,46.2,31.2453,-85.08698,GA,MW,0.10131903174373098,0.6622080725299695
"SR DeSoto I, LLC",Solar Photovoltaic,Solar Generation,108.9,31.886486,-84.02159,GA,MW,0.23902014784751416,0.7849639808005126
"SR Turkey Creek, LLC",Solar Photovoltaic,Solar Generation,33,37.592994,-84.56797,KY,MW,0.07232932309030295,0.6430846546424963
ASD Three Rivers Road MA Solar LLC,Batteries,Electricity Storage,0.9239999999999999,42.16882,-72.39438,MA,MW,0.0024009603841536613,0.23945689170331416
ASD Three Rivers Road MA Solar LLC,Solar Photovoltaic,Solar Generation,2.64,42.16882,-72.39438,MA,MW,0.005652993187418466,0.4670569400750495
Daggett Solar Power 2 LLC,Batteries,Electricity Storage,86.46000000000001,34.860918,-116.8553,CA,MW,0.2617046818727491,0.695074615943293
Daggett Solar Power 2 LLC,Solar Photovoltaic,Solar Generation,120.12,34.860918,-116.8553,CA,MW,0.263661400202928,0.7951531800528137
Daggett Solar Power 3 LLC,Batteries,Electricity Storage,98.34,34.860918,-116.8553,CA,MW,0.29771908763505406,0.7078345815801774
Daggett Solar Power 3 LLC,Solar Photovoltaic,Solar Generation,198,34.860918,-116.8553,CA,MW,0.4347006812581533,0.8792741632080008
New Market Solar,Solar Photovoltaic,Solar Generation,23.1,39.07183,-83.79611,OH,MW,0.05058704160023192,0.632805759607295
New Market Solar,Solar Photovoltaic,Solar Generation,42.9,39.07183,-83.79611,OH,MW,0.09407160458037397,0.6590690859660374
Invenergy Services LLC,Solar Photovoltaic,Solar Generation,132,42.338532,-85.04902,MI,MW,0.2897521379910132,0.8017627624826315
"IP Radian, LLC",Solar Photovoltaic,Solar Generation,211.20000000000002,31.5481,-99.1872,TX,MW,0.46369038991158135,0.9100627129241413
"Leeward Asset Management, LLC",Batteries,Electricity Storage,34.32,34.870764,-118.3195,CA,MW,0.10364145658263305,0.5701853169237888
"Leeward Asset Management, LLC",Solar Photovoltaic,Solar Generation,67.32000000000001,34.870764,-118.3195,CA,MW,0.14770256558921585,0.7324277529405671
"Leeward Asset Management, LLC",Solar Photovoltaic,Solar Generation,47.52,34.870764,-118.3195,CA,MW,0.1042180026090738,0.6659667524208462
"Leeward Asset Management, LLC",Batteries,Electricity Storage,23.76,34.870764,-118.3195,CA,MW,0.07162865146058423,0.5261791661660058
"RPNY Solar 3, LLC",Solar Photovoltaic,Solar Generation,3.3000000000000003,43.203558,-78.64543,NY,MW,0.007102478620089869,0.505677771573954
"RPNY Solar 3, LLC",Solar Photovoltaic,Solar Generation,1.32,43.203558,-78.64543,NY,MW,0.002754022322075663,0.3275439767896132
United States Solar Corporation,Solar Photovoltaic,Solar Generation,0.66,45.260208,-93.79173,MN,MW,0.0013045368894042616,0.14061018220347427
Terra-Gen Operating Co-Hybrid,Batteries,Electricity Storage,95.04,34.961922,-118.1242,CA,MW,0.28771508603441376,0.7052202896840384
Terra-Gen Operating Co-Hybrid,Solar Photovoltaic,Solar Generation,98.53800000000001,34.961922,-118.1242,CA,MW,0.21626322655457317,0.7584433980708136
Terra-Gen Operating Co-Hybrid,Batteries,Electricity Storage,79.2,34.941507,-118.129,CA,MW,0.2396958783513405,0.6772137211760814
El Paso Electric Co,Batteries,Electricity Storage,0.66,32.286048,-106.7445,NM,MW,0.001600640256102441,0.16870592774492987
Duke Energy Progress - (NC),Solar Photovoltaic,Solar Generation,3.3000000000000003,35.660109,-82.59838,NC,MW,0.007102478620089869,0.505677771573954
"Cuba 2.5ac, LLC",Solar Photovoltaic,Solar Generation,1.6500000000000001,36.017438,-106.946,NM,MW,0.003478765038411364,0.4082844803877832
EDP Renewables North America LLC,Solar Photovoltaic,Solar Generation,132,36.597542,-120.3623,CA,MW,0.2897521379910132,0.8017627624826315
EDP Renewables North America LLC,Batteries,Electricity Storage,26.400000000000002,36.597542,-120.3623,CA,MW,0.07963185274109644,0.5301727691389413
"Tulare Solar Center, LLC",Solar Photovoltaic,Solar Generation,36.828,35.823716,-119.0623,CA,MW,0.08073633859979706,0.6540101776180405
Brighter Future Solar LLC,Solar Photovoltaic,Solar Generation,7.260000000000001,35.816094,-81.37166,NC,MW,0.01579939121611828,0.5994536755956388
Trona Solar III LLC,Solar Photovoltaic,Solar Generation,1.32,35.804953,-117.3506,CA,MW,0.002754022322075663,0.3275439767896132
"Hecate Energy Ramsey, LLC",Solar Photovoltaic,Solar Generation,330,29.122,-96.276,TX,MW,0.7245977677924337,0.9484647442963996
Terra-Gen Operating Co-Hybrid,Batteries,Electricity Storage,21.78,35.01644,-118.1225,CA,MW,0.06562625050020007,0.5213998885798837
Terra-Gen Operating Co-Hybrid,Solar Photovoltaic,Solar Generation,24.882,35.01644,-118.1225,CA,MW,0.05450065226844471,0.6343651663257929
Terra-Gen Operating Co-Hybrid,Batteries,Electricity Storage,26.400000000000002,35.02769,-118.1328,CA,MW,0.07963185274109644,0.5301727691389413
Terra-Gen Operating Co-Hybrid,Solar Photovoltaic,Solar Generation,29.436000000000003,35.02769,-118.1328,CA,MW,0.06450210175387737,0.6382978723404255
Greenbacker Renewable Energy Corporation,Solar Photovoltaic,Solar Generation,0.99,42.685295000000004,-73.82494,NY,MW,0.0020292796057399622,0.28893622872715063
"RPNY Solar 1, LLC",Solar Photovoltaic,Solar Generation,2.31,44.369913,-75.457,NY,MW,0.004928250471082766,0.4559259507673007
"RPNY Solar 2, LLC",Solar Photovoltaic,Solar Generation,2.97,42.836293,-78.57279,NY,MW,0.006377735903754168,0.4863228265519096
Greenbacker Renewable Energy Corporation,Solar Photovoltaic,Solar Generation,52.800000000000004,43.15523,-103.3439,SD,MW,0.115813886070445,0.7020305213276591
"Pretzel Solar, LLC",Solar Photovoltaic,Solar Generation,1.32,42.307119,-89.5981,IL,MW,0.002754022322075663,0.3275439767896132
Avangrid Power LLC,Solar Photovoltaic,Solar Generation,100.122,45.131793,-120.8807,OR,MW,0.2197419915929845,0.7795968677673224
"Evergy Kansas Central, Inc",Solar Photovoltaic,Solar Generation,5.28,36.785338,-91.8674,MO,MW,0.011450934918104073,0.5884722939379426
MidAmerican Energy Co,Solar Photovoltaic,Solar Generation,1.98,42.54389,-92.35535,IA,MW,0.004203507754747065,0.431451953666995
MidAmerican Energy Co,Solar Photovoltaic,Solar Generation,1.98,41.57232,-91.54302,IA,MW,0.004203507754747065,0.431451953666995
MidAmerican Energy Co,Solar Photovoltaic,Solar Generation,4.62,42.72084,-93.20609,IA,MW,0.010001449485432672,0.5845635301397932
United States Solar Corporation,Solar Photovoltaic,Solar Generation,0.66,45.68047,-93.9248,MN,MW,0.0013045368894042616,0.14061018220347427
United States Solar Corporation,Solar Photovoltaic,Solar Generation,0.66,44.772867,-94.91052,MN,MW,0.0013045368894042616,0.14061018220347427
United States Solar Corporation,Solar Photovoltaic,Solar Generation,0.66,44.472694,-94.92089,MN,MW,0.0013045368894042616,0.14061018220347427
"Big Beau Solar, LLC  ",Batteries,Electricity Storage,14.520000000000001,34.907041,-118.3441,CA,MW,0.04361744697879152,0.5071216976810149
"Big Beau Solar, LLC  ",Solar Photovoltaic,Solar Generation,46.2,34.907041,-118.3441,CA,MW,0.10131903174373098,0.6622080725299695
"Big Beau Solar, LLC  ",Batteries,Electricity Storage,11.88,34.907041,-118.3441,CA,MW,0.03561424569827931,0.49366987163227466
"Big Beau Solar, LLC  ",Solar Photovoltaic,Solar Generation,38.28,34.907041,-118.3441,CA,MW,0.08392520655167415,0.6545676820447757
Wisconsin Power & Light Co,Solar Photovoltaic,Solar Generation,33,42.753761,-90.92744,WI,MW,0.07232932309030295,0.6430846546424963
Wisconsin Power & Light Co,Solar Photovoltaic,Solar Generation,66,43.603967,-88.44206,WI,MW,0.14480359472387302,0.714646916274308
Wisconsin Power & Light Co,Solar Photovoltaic,Solar Generation,33,42.665848,-89.37184,WI,MW,0.07232932309030295,0.6430846546424963
Wisconsin Power & Light Co,Solar Photovoltaic,Solar Generation,42.9,42.555577,-89.08865,WI,MW,0.09407160458037397,0.6590690859660374
Wisconsin Power & Light Co,Solar Photovoltaic,Solar Generation,65.34,44.062477,-89.30162,WI,MW,0.14335410929120163,0.7135652590019975
Wisconsin Power & Light Co,Solar Photovoltaic,Solar Generation,33,43.493942,-88.78389,WI,MW,0.07232932309030295,0.6430846546424963
MN CSG 2019-16 LLC,Solar Photovoltaic,Solar Generation,0.66,44.214681,-93.96006,MN,MW,0.0013045368894042616,0.14061018220347427
Wisconsin Power & Light Co,Batteries,Electricity Storage,66,42.718978,-90.70104,WI,MW,0.1996798719487795,0.6262351124790859
Wisconsin Power & Light Co,Solar Photovoltaic,Solar Generation,132,42.718978,-90.70104,WI,MW,0.2897521379910132,0.8017627624826315
Wisconsin Power & Light Co,Solar Photovoltaic,Solar Generation,99,43.6002,-87.89659,WI,MW,0.21727786635744312,0.7589047549619988
Wisconsin Power & Light Co,Solar Photovoltaic,Solar Generation,33,43.198512,-90.23282,WI,MW,0.07232932309030295,0.6430846546424963
Wisconsin Power & Light Co,Solar Photovoltaic,Solar Generation,33,42.810873,-89.10154,WI,MW,0.07232932309030295,0.6430846546424963
Wisconsin Power & Light Co,Batteries,Electricity Storage,49.5,44.27361,-89.8335,WI,MW,0.14965986394557823,0.6004115935114015
Wisconsin Power & Light Co,Solar Photovoltaic,Solar Generation,99,44.27361,-89.8335,WI,MW,0.21727786635744312,0.7589047549619988
Wisconsin Power & Light Co,Solar Photovoltaic,Solar Generation,49.5,43,-88.8764,WI,MW,0.10856645890708799,0.6966578585280819
ASD Cotuit MA Solar LLC,Solar Photovoltaic,Solar Generation,2.0460000000000003,41.688722,-70.47748,MA,MW,0.004348456298014205,0.44771015985185125
ASD Cotuit MA Solar LLC,Batteries,Electricity Storage,1.6500000000000001,41.688722,-70.47748,MA,MW,0.004601840736294517,0.29477971031596156
ASD Wallum MA Solar LLC,Solar Photovoltaic,Solar Generation,3.3000000000000003,42.011623,-71.76049,MA,MW,0.007102478620089869,0.505677771573954
ASD Wallum MA Solar LLC,Batteries,Electricity Storage,2.508,42.011623,-71.76049,MA,MW,0.0072028811524609835,0.3426160928646943
Georgia Power Co,Batteries,Electricity Storage,42.9,32.803569,-84.66039,GA,MW,0.12965186074429771,0.5863626646977593
Novel Brock Solar HQ LLC,Solar Photovoltaic,Solar Generation,0.66,44.791225,-95.76654,MN,MW,0.0013045368894042616,0.14061018220347427
Novel Swenson Solar HQ LLC,Solar Photovoltaic,Solar Generation,0.66,45.492022,-92.86583,MN,MW,0.0013045368894042616,0.14061018220347427
Duke Energy Kentucky Inc,Solar Photovoltaic,Solar Generation,1.32,39.03131,-84.65976,KY,MW,0.002754022322075663,0.3275439767896132
"Enel Green Power Roseland Solar, LLC",Batteries,Electricity Storage,34.188,31.461242,-96.82493,TX,MW,0.10324129651860743,0.5693467452947331
"Lightsource Renewable Energy Asset Management, LLC",Solar Photovoltaic,Solar Generation,198,30.667878,-91.39171,LA,MW,0.4347006812581533,0.8792741632080008
"Lightsource Renewable Energy Asset Management, LLC",Solar Photovoltaic,Solar Generation,100.65,39.786742,-85.41637,IN,MW,0.22090157993912163,0.7801249530424504
"Lightsource Renewable Energy Asset Management, LLC",Solar Photovoltaic,Solar Generation,132,38.180331,-104.5185,CO,MW,0.2897521379910132,0.8017627624826315
"Bernard Creek Solar, LLC",Solar Photovoltaic,Solar Generation,151.8,29.45527,-96.08825,TX,MW,0.33323670097115526,0.8385505145407923
Consolidated Edison Co-NY Inc,Batteries,Electricity Storage,4.95,40.61081,-74.07717,NY,MW,0.014605842336934773,0.3868997932945335
Florida Power & Light Co,Solar Photovoltaic,Solar Generation,49.17,26.381386,-81.05372,FL,MW,0.1078417161907523,0.6674270695664446
Florida Power & Light Co,Solar Photovoltaic,Solar Generation,49.17,26.417212,-81.03531,FL,MW,0.1078417161907523,0.6674270695664446
Florida Power & Light Co,Solar Photovoltaic,Solar Generation,49.17,27.264113,-80.54685,FL,MW,0.1078417161907523,0.6674270695664446
Florida Power & Light Co,Solar Photovoltaic,Solar Generation,49.17,26.474576,-81.43347,FL,MW,0.1078417161907523,0.6674270695664446
Florida Power & Light Co,Solar Photovoltaic,Solar Generation,49.17,27.5966,-82.25272,FL,MW,0.1078417161907523,0.6674270695664446
Florida Power & Light Co,Solar Photovoltaic,Solar Generation,49.17,27.580883,-80.65271,FL,MW,0.1078417161907523,0.6674270695664446
Dominion Energy Inc.,Batteries,Electricity Storage,13.200000000000001,37.5,-77.7,VA,MW,0.03961584633853542,0.49683531626299804
"VCP Realty, LLC",Solar Photovoltaic,Solar Generation,0.99,41.597231,-72.71934,CT,MW,0.0020292796057399622,0.28893622872715063
"Enfield Solar One, LLC",Solar Photovoltaic,Solar Generation,2.64,41.994902,-72.52527,CT,MW,0.005652993187418466,0.4670569400750495
"Blythe Mesa Solar II, LLC",Batteries,Electricity Storage,73.92,33.640813,-114.6803,CA,MW,0.22368947579031612,0.6693175232478753
"Blythe Mesa Solar II, LLC",Solar Photovoltaic,Solar Generation,147.576,33.640813,-114.6803,CA,MW,0.3239599942020583,0.8360990960524626
Waiawa Solar Power LLC,Batteries,Electricity Storage,23.76,21.420069,-157.9707,HI,MW,0.07162865146058423,0.5261791661660058
Waiawa Solar Power LLC,Solar Photovoltaic,Solar Generation,23.76,21.420069,-157.9707,HI,MW,0.05203652703290332,0.6341047327219158
Otter Tail Power Co,Solar Photovoltaic,Solar Generation,32.934,46.290641,-96.04325,MN,MW,0.0721843745470358,0.6417473530222153
ASA DeKalb NY Solar III LLC,Solar Photovoltaic,Solar Generation,2.178,44.424108,-75.37919,NY,MW,0.004638353384548485,0.4509625919540823
Indiana Municipal Power Agency,Solar Photovoltaic,Solar Generation,0.7260000000000001,41.455468,-86.48736,IN,MW,0.0014494854326714017,0.24832723510049104
Indiana Municipal Power Agency,Solar Photovoltaic,Solar Generation,3.5640000000000005,39.04355,-87.13619,IN,MW,0.00768227279315843,0.5768356845271504
Tesla Inc.,Solar Photovoltaic,Solar Generation,0.792,30.22021,-97.61968,TX,MW,0.0015944339759385417,0.25779353676419364
Tesla Inc.,Solar Photovoltaic,Solar Generation,0.7260000000000001,30.22021,-97.61968,TX,MW,0.0014494854326714017,0.24832723510049104
Tesla Inc.,Solar Photovoltaic,Solar Generation,0.792,30.22021,-97.61968,TX,MW,0.0015944339759385417,0.25779353676419364
Tesla Inc.,Solar Photovoltaic,Solar Generation,1.254,30.22021,-97.61968,TX,MW,0.002609073778808523,0.3214937248300043
Tesla Inc.,Solar Photovoltaic,Solar Generation,1.32,42.859297,-78.8418,NY,MW,0.002754022322075663,0.3275439767896132
Tesla Inc.,Solar Photovoltaic,Solar Generation,0.198,37.49254,-121.9446,CA,MW,2.898970865342803e-4,0.07821766520286685
The Greater Light USA LLC,Solar Photovoltaic,Solar Generation,4.224,35.613342,-119.8668,CA,MW,0.0091317582258298325,0.5825066498369336
Everson Garden LLC,Solar Photovoltaic,Solar Generation,0.66,44.08963,-93.5531,MN,MW,0.0013045368894042616,0.14061018220347427
"Lightsource Renewable Energy Asset Management, LLC",Solar Photovoltaic,Solar Generation,13.200000000000001,39.901749,-76.82332,PA,MW,0.02884476011016089,0.6114579956437564
"Lightsource Renewable Energy Asset Management, LLC",Solar Photovoltaic,Solar Generation,13.200000000000001,39.93727,-76.77097,PA,MW,0.02884476011016089,0.6114579956437564
"Lightsource Renewable Energy Asset Management, LLC",Solar Photovoltaic,Solar Generation,13.200000000000001,40.988822,-76.79292,PA,MW,0.02884476011016089,0.6114579956437564
"Lightsource Renewable Energy Asset Management, LLC",Solar Photovoltaic,Solar Generation,13.200000000000001,40.5608,-77.3785,PA,MW,0.02884476011016089,0.6114579956437564
"Lightsource Renewable Energy Asset Management, LLC",Solar Photovoltaic,Solar Generation,13.200000000000001,40.792458,-76.90506,PA,MW,0.02884476011016089,0.6114579956437564
"Lightsource Renewable Energy Asset Management, LLC",Solar Photovoltaic,Solar Generation,13.200000000000001,39.925412,-76.78384,PA,MW,0.02884476011016089,0.6114579956437564
Indiana Municipal Power Agency,Solar Photovoltaic,Solar Generation,4.488,41.46303,-86.16353,IN,MW,0.009711552398898392,0.583876967291064
"DG Empire Shine, LLC",Solar Photovoltaic,Solar Generation,3.3000000000000003,42.60575,-76.13247,NY,MW,0.007102478620089869,0.505677771573954
Greenbacker Renewable Energy Corporation,Solar Photovoltaic,Solar Generation,2.838,34.10535,-117.2348,CA,MW,0.006087838817219887,0.4818938658030125
Repsol Renewables NA,Solar Photovoltaic,Solar Generation,33,36.141053,-107.1712,NM,MW,0.07232932309030295,0.6430846546424963
"Forefront Power, LLC",Solar Photovoltaic,Solar Generation,1.32,35.582,-116.924,CA,MW,0.002754022322075663,0.3275439767896132
"Forefront Power, LLC",Solar Photovoltaic,Solar Generation,2.64,35.1135,-118.569,CA,MW,0.005652993187418466,0.4670569400750495
"Phobos Solar, LLC",Solar Photovoltaic,Solar Generation,52.008,35.882921,-78.15496,NC,MW,0.11407450355123931,0.7010128451720713
"Cabin Creek Solar, LLC",Solar Photovoltaic,Solar Generation,46.332,35.33604,-79.7417,NC,MW,0.10160892883026527,0.665384940849225
"North Haven Solar One, LLC",Solar Photovoltaic,Solar Generation,1.056,41.376813,-72.83646,CT,MW,0.0021742281490071025,0.3043348370062575
"Norridgewock River Road Solar, LLC",Solar Photovoltaic,Solar Generation,3.3000000000000003,44.74111,-69.76286,ME,MW,0.007102478620089869,0.505677771573954
MN8 Energy LLC,Solar Photovoltaic,Solar Generation,13.200000000000001,42.973,-74.321,NY,MW,0.02884476011016089,0.6114579956437564
MN8 Energy LLC,Solar Photovoltaic,Solar Generation,13.200000000000001,42.453939,-75.93103,NY,MW,0.02884476011016089,0.6114579956437564
MN8 Energy LLC,Solar Photovoltaic,Solar Generation,13.200000000000001,42.95474,-74.31312,NY,MW,0.02884476011016089,0.6114579956437564
MN8 Energy LLC,Solar Photovoltaic,Solar Generation,13.200000000000001,42.252664,-75.83408,NY,MW,0.02884476011016089,0.6114579956437564
The Greater Light USA LLC,Batteries,Electricity Storage,0.66,37.980054,-121.3124,CA,MW,0.001600640256102441,0.16870592774492987
The Greater Light USA LLC,Solar Photovoltaic,Solar Generation,2.97,37.980054,-121.3124,CA,MW,0.006377735903754168,0.4863228265519096
Greenbacker Renewable Energy Corporation,Solar Photovoltaic,Solar Generation,0.792,44.1257,-72.65681,VT,MW,0.0015944339759385417,0.25779353676419364
RE Crimson LLC,Batteries,Electricity Storage,132,33.57345,-114.8145,CA,MW,0.3997599039615847,0.7658985069236155
RE Crimson LLC,Batteries,Electricity Storage,99,33.57345,-114.8145,CA,MW,0.29971988795518206,0.7091542255090751
NuGen Capital Management,Solar Photovoltaic,Solar Generation,3.3000000000000003,41.727627,-71.28849,RI,MW,0.007102478620089869,0.505677771573954
"East Windsor Solar Two, LLC",Solar Photovoltaic,Solar Generation,2.64,41.894366,-72.53211,CT,MW,0.005652993187418466,0.4670569400750495
"Energix Aditya, LLC",Solar Photovoltaic,Solar Generation,7.590000000000001,38.017664,-77.95287,VA,MW,0.01652413393245398,0.6006382747507223
RWE Clean Energy,Solar Photovoltaic,Solar Generation,0.528,42.393012,-72.52023,MA,MW,0.0010146398028699813,0.12194662962902733
RWE Clean Energy,Batteries,Electricity Storage,1.32,42.393012,-72.52023,MA,MW,0.003601440576230492,0.2593045002085185
RWE Clean Energy,Solar Photovoltaic,Solar Generation,1.3860000000000001,42.393012,-72.52023,MA,MW,0.0028989708653428033,0.3924229524406973
ASA DeKalb NY Solar II LLC,Solar Photovoltaic,Solar Generation,1.98,44.488156,-75.24438,NY,MW,0.004203507754747065,0.431451953666995
ASA DeKalb NY Solar I LLC,Solar Photovoltaic,Solar Generation,3.3000000000000003,44.492092,-75.2448,NY,MW,0.007102478620089869,0.505677771573954
ASA Gouverneur NY Solar I LLC,Solar Photovoltaic,Solar Generation,0.99,44.390853,-75.44324,NY,MW,0.0020292796057399622,0.28893622872715063
ASA Gouverneur NY Solar II LLC,Solar Photovoltaic,Solar Generation,2.64,44.360089,-75.42747,NY,MW,0.005652993187418466,0.4670569400750495
ASA Volney NY Solar I LLC,Solar Photovoltaic,Solar Generation,3.3000000000000003,43.328217,-76.359,NY,MW,0.007102478620089869,0.505677771573954
Lily Garden LLC,Solar Photovoltaic,Solar Generation,0.66,44.07963,-93.5499,MN,MW,0.0013045368894042616,0.14061018220347427
ASA Clayton NY Solar I LLC,Solar Photovoltaic,Solar Generation,0.8580000000000001,44.161761,-76.10899,NY,MW,0.001739382519205682,0.269152128131917
"Azimuth 180 Solar Electric, LLC",Solar Photovoltaic,Solar Generation,3.6959999999999997,42.426,-73.817,NY,MW,0.007972169879692709,0.5781911962410136
"Azimuth 180 Solar Electric, LLC",Solar Photovoltaic,Solar Generation,2.574,41.76,-92.72,IA,MW,0.005508044644151326,0.46620459147011584
"Azimuth 180 Solar Electric, LLC",Solar Photovoltaic,Solar Generation,1.584,43.644,-76.156,NY,MW,0.0033338164951442237,0.4043151340830314
Greenbacker Renewable Energy Corporation,Solar Photovoltaic,Solar Generation,1.3860000000000001,44.50819,-72.34633,VT,MW,0.0028989708653428033,0.3924229524406973
Greenbacker Renewable Energy Corporation,Solar Photovoltaic,Solar Generation,0.792,40.72762,-74.10803,NJ,MW,0.0015944339759385417,0.25779353676419364
"Duke Energy Florida, LLC",Solar Photovoltaic,Solar Generation,49.434000000000005,29.964842,-82.8232,FL,MW,0.10842151036382086,0.6910907819611026
"Duke Energy Florida, LLC",Solar Photovoltaic,Solar Generation,49.434000000000005,30.164754,-85.49179,FL,MW,0.10842151036382086,0.6910907819611026
"Duke Energy Florida, LLC",Solar Photovoltaic,Solar Generation,49.434000000000005,29.810018,-82.63984,FL,MW,0.10842151036382086,0.6910907819611026
"Duke Energy Florida, LLC",Solar Photovoltaic,Solar Generation,49.434000000000005,29.48562,-82.84346,FL,MW,0.10842151036382086,0.6910907819611026
Greenbacker Renewable Energy Corporation,Solar Photovoltaic,Solar Generation,0.792,38.82568,-77.00205,DC,MW,0.0015944339759385417,0.25779353676419364
"Ecoplexus, Inc",Solar Photovoltaic,Solar Generation,1.518,34.694314,-118.2278,CA,MW,0.0031888679518770834,0.39722094397509977
"CHF-Davis I, LLC",Solar Photovoltaic,Solar Generation,0.792,38.542791,-121.7775,CA,MW,0.0015944339759385417,0.25779353676419364
"CHF-Davis I, LLC",Solar Photovoltaic,Solar Generation,0.8580000000000001,38.542747,-121.7766,CA,MW,0.001739382519205682,0.269152128131917
Gaucho Solar,Solar Photovoltaic,Solar Generation,13.200000000000001,40.511559,-80.3134,PA,MW,0.02884476011016089,0.6114579956437564
Nestlewood Solar,Solar Photovoltaic,Solar Generation,52.800000000000004,38.9255,-84.0174,OH,MW,0.115813886070445,0.7020305213276591
"Caden Energix Endless Caverns, LLC",Solar Photovoltaic,Solar Generation,20.724,38.613601,-78.67707,VA,MW,0.04536889404261487,0.6322876473751512
RWE Clean Energy,Solar Photovoltaic,Solar Generation,13.200000000000001,36.692197,-76.57856,VA,MW,0.02884476011016089,0.6114579956437564
RWE Clean Energy,Solar Photovoltaic,Solar Generation,13.200000000000001,36.681547,-78.88596,VA,MW,0.02884476011016089,0.6114579956437564
"KSI II Consolidated, LLC",Solar Photovoltaic,Solar Generation,2.178,42.27842,-75.5415,NY,MW,0.004638353384548485,0.4509625919540823
Phare Garden LLC,Solar Photovoltaic,Solar Generation,0.5940000000000001,44.7682,-95.3423,MN,MW,0.0011595883461371214,0.1300710380939846
"Apple Grove Solar, LLC",Solar Photovoltaic,Solar Generation,12.276000000000002,37.919497,-77.86202,VA,MW,0.02681548050442093,0.6095126410599745
"Waverly Solar, LLC",Solar Photovoltaic,Solar Generation,77.88000000000001,37.020784,-77.12265,VA,MW,0.17089433251195826,0.7380672527715118
"Hunter Solar, LLC",Solar Photovoltaic,Solar Generation,49.5,39.626617,-104.465,CO,MW,0.10856645890708799,0.6966578585280819
"Agilitas Energy, Inc.",Batteries,Electricity Storage,3.3000000000000003,40.74041,-73.95107,NY,MW,0.009603841536614645,0.3509743875366324
North Carolina El Member Corp,Batteries,Electricity Storage,3.3000000000000003,34.851782,-77.18158,NC,MW,0.009603841536614645,0.3509743875366324
North Carolina El Member Corp,Batteries,Electricity Storage,3.3000000000000003,34.905833,-79.75702,NC,MW,0.009603841536614645,0.3509743875366324
North Carolina El Member Corp,Batteries,Electricity Storage,1.6500000000000001,35.436188,-78.10965,NC,MW,0.004601840736294517,0.29477971031596156
North Carolina El Member Corp,Batteries,Electricity Storage,1.6500000000000001,34.672452,-77.18804,NC,MW,0.004601840736294517,0.29477971031596156
North Carolina El Member Corp,Batteries,Electricity Storage,3.3000000000000003,34.475294,-77.82995,NC,MW,0.009603841536614645,0.3509743875366324
North Carolina El Member Corp,Batteries,Electricity Storage,3.3000000000000003,35.925227,-78.50515,NC,MW,0.009603841536614645,0.3509743875366324
North Carolina El Member Corp,Batteries,Electricity Storage,3.3000000000000003,33.993923,-78.22455,NC,MW,0.009603841536614645,0.3509743875366324
North Carolina El Member Corp,Batteries,Electricity Storage,1.6500000000000001,35.204903,-78.89031,NC,MW,0.004601840736294517,0.29477971031596156
North Carolina El Member Corp,Batteries,Electricity Storage,3.3000000000000003,35.323928,-78.9975,NC,MW,0.009603841536614645,0.3509743875366324
North Carolina El Member Corp,Batteries,Electricity Storage,3.3000000000000003,35.632465,-79.68196,NC,MW,0.009603841536614645,0.3509743875366324
Byrd Ranch Storage LLC,Batteries,Electricity Storage,33,29.056,-95.686,TX,MW,0.09963985594237694,0.5487176518535749
"BT Noble Solar, LLC",Solar Photovoltaic,Solar Generation,181.5,33.261505,-97.23806,TX,MW,0.3984635454413683,0.8780533703709725
"BT Noble Solar, LLC",Batteries,Electricity Storage,82.5,33.261505,-97.23806,TX,MW,0.24969987995198079,0.6830155635686919
United States Solar Corporation,Solar Photovoltaic,Solar Generation,0.66,44.17107,-93.90887,MN,MW,0.0013045368894042616,0.14061018220347427
"Origis Energy USA, Inc",Batteries,Electricity Storage,33,33.4155,-88.6223,MS,MW,0.09963985594237694,0.5487176518535749
"Origis Energy USA, Inc",Solar Photovoltaic,Solar Generation,99,33.4155,-88.6223,MS,MW,0.21727786635744312,0.7589047549619988
"Origis Energy USA, Inc",Solar Photovoltaic,Solar Generation,49.434000000000005,29.74118,-81.69886,FL,MW,0.10842151036382086,0.6910907819611026
Evergy Metro,Solar Photovoltaic,Solar Generation,6.6000000000000005,39.133772,-94.4863,MO,MW,0.014349905783446878,0.5924134611575484
Salt City Solar LLC,Solar Photovoltaic,Solar Generation,32.934,39.41473,-82.96285,OH,MW,0.0721843745470358,0.6417473530222153
Sun Valley Solar LLC,Solar Photovoltaic,Solar Generation,165,31.86976,-97.01498,TX,MW,0.3622264096245833,0.8489242069179086
ENGIE Solidago Solar LLC,Solar Photovoltaic,Solar Generation,33,39.395187,-75.7535,DE,MW,0.07232932309030295,0.6430846546424963
"Powells Creek Farm Solar, LLC",Solar Photovoltaic,Solar Generation,46.2,36.55467,-79.0286,VA,MW,0.10131903174373098,0.6622080725299695
"Sunnybrook Farm Solar, LLC",Solar Photovoltaic,Solar Generation,33.660000000000004,36.798717,-78.83961,VA,MW,0.07377880852297435,0.6515151515151515
"Leeward Asset Management, LLC",Solar Photovoltaic,Solar Generation,132,28.9377,-99.10765,TX,MW,0.2897521379910132,0.8017627624826315
Greenbacker Renewable Energy Corporation,Solar Photovoltaic,Solar Generation,3.3000000000000003,42.99208,-78.79084,NY,MW,0.007102478620089869,0.505677771573954
Caden Energix Wytheville LLC,Solar Photovoltaic,Solar Generation,13.200000000000001,36.964279,-81.04986,VA,MW,0.02884476011016089,0.6114579956437564
Indiana Municipal Power Agency,Solar Photovoltaic,Solar Generation,1.1880000000000002,40.478689,-85.55812,IN,MW,0.002464125235541383,0.3143414461503724
Dominion Renewable Energy,Solar Photovoltaic,Solar Generation,1.32,38.093,-76.799,VA,MW,0.002754022322075663,0.3275439767896132
Dominion Renewable Energy,Solar Photovoltaic,Solar Generation,11.88,37.567,-77.9271,VA,MW,0.02594578924481809,0.6090278380001686
Dominion Renewable Energy,Solar Photovoltaic,Solar Generation,79.2,36.89,-79.32,VA,MW,0.17379330337730106,0.7384768787707381
Dominion Renewable Energy,Solar Photovoltaic,Solar Generation,11.88,37.25,-77.25,VA,MW,0.02594578924481809,0.6090278380001686
Dominion Renewable Energy,Solar Photovoltaic,Solar Generation,99,37.26,-77.08,VA,MW,0.21727786635744312,0.7589047549619988
"8500 Balboa PV, LLC",Solar Photovoltaic,Solar Generation,1.584,34.22379,-118.4997,CA,MW,0.0033338164951442237,0.4043151340830314
"8500 Balboa PV, LLC",Solar Photovoltaic,Solar Generation,0.528,34.22379,-118.4997,CA,MW,0.0010146398028699813,0.12194662962902733
"CPV Maple Hill Solar, LLC",Solar Photovoltaic,Solar Generation,66,40.350219,-78.64597,PA,MW,0.14480359472387302,0.714646916274308
Cypress Creek Renewables,Solar Photovoltaic,Solar Generation,132,28.44208,-99.75582,TX,MW,0.2897521379910132,0.8017627624826315
AES Distributed Energy,Solar Photovoltaic,Solar Generation,53.46,41.190999,-96.37942,NE,MW,0.1172633715031164,0.7096480776910525
NJR Clean Energy Ventures Corporation,Solar Photovoltaic,Solar Generation,3.3000000000000003,41.463056,-74.24778,NY,MW,0.007102478620089869,0.505677771573954
"Distributed Solar Development, LLC",Solar Photovoltaic,Solar Generation,1.32,39.608072,-79.32824,MD,MW,0.002754022322075663,0.3275439767896132
"Distributed Solar Development, LLC",Solar Photovoltaic,Solar Generation,1.32,38.927431,-76.69916,MD,MW,0.002754022322075663,0.3275439767896132
CleanCapital Holdings,Solar Photovoltaic,Solar Generation,3.3000000000000003,43.660252,-70.4105,ME,MW,0.007102478620089869,0.505677771573954
"Ross County Solar, LLC",Solar Photovoltaic,Solar Generation,79.2,39.325867,-83.35276,OH,MW,0.17379330337730106,0.7384768787707381
"Macbeth Solar, LLC",Solar Photovoltaic,Solar Generation,13.200000000000001,43.437,-86.353,MI,MW,0.02884476011016089,0.6114579956437564
"Lyons Road Solar, LLC",Solar Photovoltaic,Solar Generation,13.200000000000001,42.965793,-84.14286,MI,MW,0.02884476011016089,0.6114579956437564
NJR Clean Energy Ventures Corporation,Solar Photovoltaic,Solar Generation,13.068000000000001,40.881,-74.699,NJ,MW,0.02855486302362661,0.610240990767632
Mulligan Solar,Solar Photovoltaic,Solar Generation,46.2,40.09393,-89.4204,IL,MW,0.10131903174373098,0.6622080725299695
Standard Solar,Solar Photovoltaic,Solar Generation,1.32,38.838642,-76.683090000000007,MD,MW,0.002754022322075663,0.3275439767896132
"MA CS Uxbridge, LLC",Solar Photovoltaic,Solar Generation,2.64,42.071033,-71.62324,MA,MW,0.005652993187418466,0.4670569400750495
"Forefront Power, LLC",Solar Photovoltaic,Solar Generation,1.7160000000000002,34.299721,-118.8335,CA,MW,0.003623713581678504,0.4190874115973452
"SunStrong Management, LLC",Solar Photovoltaic,Solar Generation,3.3000000000000003,44.26323,-75.99105,NY,MW,0.007102478620089869,0.505677771573954
Allie L.L.C.,Solar Photovoltaic,Solar Generation,0.66,44.78879,-95.20154,MN,MW,0.0013045368894042616,0.14061018220347427
"Lincoln Solar Star, LLC",Batteries,Electricity Storage,0.66,38.859,-121.346,CA,MW,0.001600640256102441,0.16870592774492987
NJR Clean Energy Ventures Corporation,Solar Photovoltaic,Solar Generation,2.244,41.42827,-74.39665,NY,MW,0.004783301927815626,0.45463378297690915
NJR Clean Energy Ventures Corporation,Solar Photovoltaic,Solar Generation,1.98,41.864,-71.618,RI,MW,0.004203507754747065,0.431451953666995
NJR Clean Energy Ventures Corporation,Solar Photovoltaic,Solar Generation,4.422000000000001,40.619,-75.155,NJ,MW,0.009566603855631252,0.5836483222742362
PPM Solar LLC,Solar Photovoltaic,Solar Generation,1.32,39.450445,-98.10475,KS,MW,0.002754022322075663,0.3275439767896132
MidAmerican Energy Co,Solar Photovoltaic,Solar Generation,2.64,42.33304,-96.34822,IA,MW,0.005652993187418466,0.4670569400750495
Black Walnut Energy Storage LLC,Batteries,Electricity Storage,9.9,34.35758,-119.0573,CA,MW,0.02961184473789516,0.4825737949439924
"Santa Paula Energy Storage, LLC",Batteries,Electricity Storage,19.8,34.35716,-119.055,CA,MW,0.05962384953981593,0.515045255806086
"Lightsource Renewable Energy Asset Management, LLC",Solar Photovoltaic,Solar Generation,70.62,41.672106,-84.30645,OH,MW,0.15494999275257285,0.7336216170562105
"Flint Hills Resources Pine Bend, LLC",Solar Photovoltaic,Solar Generation,29.700000000000003,44.45483,-93.02119,MN,MW,0.06508189592694594,0.6385618350407721
"Acciona Energy USA Global, LLC",Batteries,Electricity Storage,125.4,33.004305,-96.07591,TX,MW,0.37975190076030413,0.7640934850105263
Florida Power & Light Co,Solar Photovoltaic,Solar Generation,49.17,27.24354,-80.67097,FL,MW,0.1078417161907523,0.6674270695664446
Florida Power & Light Co,Solar Photovoltaic,Solar Generation,49.17,30.87576,-86.20813,FL,MW,0.1078417161907523,0.6674270695664446
Florida Power & Light Co,Solar Photovoltaic,Solar Generation,49.17,30.45463,-85.27853,FL,MW,0.1078417161907523,0.6674270695664446
Florida Power & Light Co,Solar Photovoltaic,Solar Generation,49.17,25.54255,-80.55434,FL,MW,0.1078417161907523,0.6674270695664446
Florida Power & Light Co,Solar Photovoltaic,Solar Generation,49.17,30.91993,-87.34002,FL,MW,0.1078417161907523,0.6674270695664446
"Perendale Holdings, LLC",Solar Photovoltaic,Solar Generation,4.95,35.985701,-80.54407,NC,MW,0.010726192201768374,0.5859395149640056
Florida Power & Light Co,Solar Photovoltaic,Solar Generation,49.17,30.569958,-85.04024,FL,MW,0.1078417161907523,0.6674270695664446
Florida Power & Light Co,Solar Photovoltaic,Solar Generation,49.17,27.29783,-80.54214,FL,MW,0.1078417161907523,0.6674270695664446
Florida Power & Light Co,Solar Photovoltaic,Solar Generation,49.17,30.3962,-85.27966,FL,MW,0.1078417161907523,0.6674270695664446
Florida Power & Light Co,Solar Photovoltaic,Solar Generation,49.17,30.6758,-84.74033,FL,MW,0.1078417161907523,0.6674270695664446
Florida Power & Light Co,Solar Photovoltaic,Solar Generation,49.17,29.88213,-81.67618,FL,MW,0.1078417161907523,0.6674270695664446
Florida Power & Light Co,Solar Photovoltaic,Solar Generation,49.17,30.76055,-85.06952,FL,MW,0.1078417161907523,0.6674270695664446
Florida Power & Light Co,Solar Photovoltaic,Solar Generation,49.17,30.64691,-86.93821,FL,MW,0.1078417161907523,0.6674270695664446
"SunStrong Management, LLC",Solar Photovoltaic,Solar Generation,3.3000000000000003,44.017,-75.922,NY,MW,0.007102478620089869,0.505677771573954
"SunStrong Management, LLC",Solar Photovoltaic,Solar Generation,2.31,43.583,-76.18,NY,MW,0.004928250471082766,0.4559259507673007
OYA Main Street LLC,Solar Photovoltaic,Solar Generation,3.3000000000000003,42.875,-77.877,NY,MW,0.007102478620089869,0.505677771573954
Florida Power & Light Co,Solar Photovoltaic,Solar Generation,49.17,27.627009,-80.80416,FL,MW,0.1078417161907523,0.6674270695664446
United States Solar Corporation,Solar Photovoltaic,Solar Generation,0.66,44.536158,-94.90175,MN,MW,0.0013045368894042616,0.14061018220347427
United States Solar Corporation,Solar Photovoltaic,Solar Generation,0.66,44.535931,-94.90422,MN,MW,0.0013045368894042616,0.14061018220347427
United States Solar Corporation,Batteries,Electricity Storage,0.66,47.21051,-93.51823,MN,MW,0.001600640256102441,0.16870592774492987
United States Solar Corporation,Solar Photovoltaic,Solar Generation,1.32,47.21051,-93.51823,MN,MW,0.002754022322075663,0.3275439767896132
United States Solar Corporation,Solar Photovoltaic,Solar Generation,0.66,44.47093,-95.05092,MN,MW,0.0013045368894042616,0.14061018220347427
United States Solar Corporation,Solar Photovoltaic,Solar Generation,0.66,44.234,-92.36531,MN,MW,0.0013045368894042616,0.14061018220347427
United States Solar Corporation,Solar Photovoltaic,Solar Generation,0.66,44.725917,-94.49423,MN,MW,0.0013045368894042616,0.14061018220347427
"Leeward Asset Management, LLC",Batteries,Electricity Storage,33,36.306319,-89.46202,TN,MW,0.09963985594237694,0.5487176518535749
"Leeward Asset Management, LLC",Solar Photovoltaic,Solar Generation,167.64000000000001,36.306319,-89.46202,TN,MW,0.3680243513552689,0.8710477667018568
"Forefront Power, LLC",Solar Photovoltaic,Solar Generation,0.99,34.165905,-119.1568,CA,MW,0.0020292796057399622,0.28893622872715063
"Forefront Power, LLC",Solar Photovoltaic,Solar Generation,0.66,40.772982,-73.87472,NY,MW,0.0013045368894042616,0.14061018220347427
Southern California Edison Co,Batteries,Electricity Storage,74.25,34.09211,-117.534,CA,MW,0.22468987595038015,0.6704302888955467
Southern California Edison Co,Batteries,Electricity Storage,66,33.7763,-118.2003,CA,MW,0.1996798719487795,0.6262351124790859
Southern California Edison Co,Batteries,Electricity Storage,66,33.7763,-118.2003,CA,MW,0.1996798719487795,0.6262351124790859
OYA Church Road A LLC,Solar Photovoltaic,Solar Generation,3.3000000000000003,43.19133,-76.38954,NY,MW,0.007102478620089869,0.505677771573954
Vesper Energy Development LLC,Solar Photovoltaic,Solar Generation,396,34.485162,-101.9714,TX,MW,0.8695463110595738,0.9799013101965508
Sealed Air Corporation,Batteries,Electricity Storage,0.528,36.945582,-120.056,CA,MW,0.0012004801920768309,0.15639661708238267
Sealed Air Corporation,Solar Photovoltaic,Solar Generation,1.98,36.945582,-120.056,CA,MW,0.004203507754747065,0.431451953666995
"Cummins, Inc.",Solar Photovoltaic,Solar Generation,2.178,36.089369,-77.72681,NC,MW,0.004638353384548485,0.4509625919540823
"Tri-State G & T Assn, Inc",Solar Photovoltaic,Solar Generation,95.7,40.327892,-107.7533,CO,MW,0.21003043919408612,0.7561557926406632
Entergy Arkansas LLC,Solar Photovoltaic,Solar Generation,118.80000000000001,35.15689,-90.31048,AR,MW,0.2607624293375852,0.7916755661375013
"Big Cypress Solar, LLC",Solar Photovoltaic,Solar Generation,118.80000000000001,35.3446,-90.3075,AR,MW,0.2607624293375852,0.7916755661375013
CalCom Energy,Solar Photovoltaic,Solar Generation,2.9040000000000004,36.878164,-121.6028,CA,MW,0.006232787360487028,0.4842147282503652
NJR Clean Energy Ventures Corporation,Solar Photovoltaic,Solar Generation,1.1880000000000002,39.471,-75.218,NJ,MW,0.002464125235541383,0.3143414461503724
Engie North America,Batteries,Electricity Storage,132,33.781077,-100.8832,TX,MW,0.3997599039615847,0.7658985069236155
Engie North America,Batteries,Electricity Storage,132,30.992905,-102.2895,TX,MW,0.3997599039615847,0.7658985069236155
Engie North America,Batteries,Electricity Storage,132,33.889462,-101.8016,TX,MW,0.3997599039615847,0.7658985069236155
Engie North America,Batteries,Electricity Storage,115.5,30.885123,-102.4226,TX,MW,0.3497398959583834,0.7519894460607922
Engie North America,Batteries,Electricity Storage,33,29.432362,-95.2507,TX,MW,0.09963985594237694,0.5487176518535749
DTE Sustainable Generation,Solar Photovoltaic,Solar Generation,0.9239999999999999,45.797967,-86.53443,MI,MW,0.001884331062472822,0.2794824398408343
Doc Brown LLC,Batteries,Electricity Storage,6.930000000000001,36.578864,-79.38409,VA,MW,0.020608243297318928,0.46742561802275584
"Duke Energy Florida, LLC",Solar Photovoltaic,Solar Generation,49.434000000000005,30.110543,-85.39761,FL,MW,0.10842151036382086,0.6910907819611026
Verizon Communications,Solar Photovoltaic,Solar Generation,1.518,37.354492,-121.9315,CA,MW,0.0031888679518770834,0.39722094397509977
42nd Road Solar LLC,Solar Photovoltaic,Solar Generation,1.32,41.541339,-89.14808,IL,MW,0.002754022322075663,0.3275439767896132
Sierra Pacific Industries,Solar Photovoltaic,Solar Generation,2.3760000000000003,37.883393,-120.4544,CA,MW,0.005073199014349906,0.46064927059522975
"Bear Grove Solar, LLC",Solar Photovoltaic,Solar Generation,0.66,44.12971,-92.58407,MN,MW,0.0013045368894042616,0.14061018220347427
"Dodge Renewables 1, LLC",Solar Photovoltaic,Solar Generation,0.66,44.01862,-92.86606,MN,MW,0.0013045368894042616,0.14061018220347427
"Dodge Renewables 2, LLC",Solar Photovoltaic,Solar Generation,0.66,44.02037,-92.86973,MN,MW,0.0013045368894042616,0.14061018220347427
"Bell Ridge Solar, LLC",Solar Photovoltaic,Solar Generation,49.17,29.718728,-82.71078,FL,MW,0.1078417161907523,0.6674270695664446
"Headwater Energy, LLC",Solar Photovoltaic,Solar Generation,51.546,29.289809,-95.29861,TX,MW,0.11305986374836934,0.7
"Forefront Power, LLC",Solar Photovoltaic,Solar Generation,1.4520000000000002,35.32554,-120.6935,CA,MW,0.0030439194086099436,0.39410879697637047
"Forefront Power, LLC",Solar Photovoltaic,Solar Generation,1.056,36.46767,-121.3846,CA,MW,0.0021742281490071025,0.3043348370062575
"Forefront Power, LLC",Solar Photovoltaic,Solar Generation,2.178,36.467471,-121.3845,CA,MW,0.004638353384548485,0.4509625919540823
"Forefront Power, LLC",Solar Photovoltaic,Solar Generation,1.32,36.130814,-120.2529,CA,MW,0.002754022322075663,0.3275439767896132
"Forefront Power, LLC",Solar Photovoltaic,Solar Generation,1.6500000000000001,34.25,-119.25,CA,MW,0.003478765038411364,0.4082844803877832
"Forefront Power, LLC",Solar Photovoltaic,Solar Generation,1.8479999999999999,36.661113,-119.726,CA,MW,0.003913610668212784,0.42474151043915653
Wisconsin Power & Light Co,Batteries,Electricity Storage,3.3000000000000003,43.552111,-89.48773,WI,MW,0.009603841536614645,0.3509743875366324
Interstate Power and Light Co,Batteries,Electricity Storage,3.3000000000000003,41.951256,-91.69405,IA,MW,0.009603841536614645,0.3509743875366324
"Maine DG Solar Baldwin, LLC",Solar Photovoltaic,Solar Generation,3.3000000000000003,43.79322,-70.75685,ME,MW,0.007102478620089869,0.505677771573954
"Maine DG Solar Augusta, LLC",Solar Photovoltaic,Solar Generation,1.6500000000000001,44.36124,-69.79636,ME,MW,0.003478765038411364,0.4082844803877832
"Maine DG Solar Monmouth, LLC",Solar Photovoltaic,Solar Generation,3.3000000000000003,44.192188,-70.02169,ME,MW,0.007102478620089869,0.505677771573954
"Solar Star Prime 3, LLC",Solar Photovoltaic,Solar Generation,2.838,35.446616,-119.0509,CA,MW,0.006087838817219887,0.4818938658030125
"Solar Star Prime 3, LLC",Batteries,Electricity Storage,1.056,35.446616,-119.0509,CA,MW,0.0028011204481792717,0.25294135671178064
Greenbacker Renewable Energy Corporation,Solar Photovoltaic,Solar Generation,1.4520000000000002,40.19247,-74.56597,NJ,MW,0.0030439194086099436,0.39410879697637047
"Bay4 Energy Services, LLC",Solar Photovoltaic,Solar Generation,0.8580000000000001,35.442085,-119.0932,CA,MW,0.001739382519205682,0.269152128131917
West Valley-Mission Community College District,Batteries,Electricity Storage,0.5940000000000001,37.264377,-122.006,CA,MW,0.0014005602240896356,0.1627153112018465
West Valley-Mission Community College District,Solar Photovoltaic,Solar Generation,1.7820000000000003,37.264377,-122.006,CA,MW,0.0037686621249456444,0.4229386318793329
Verizon Communications,Solar Photovoltaic,Solar Generation,0.66,32.87662,-96.95372,TX,MW,0.0013045368894042616,0.14061018220347427
Verizon Communications,Solar Photovoltaic,Solar Generation,0.7260000000000001,32.87662,-96.95372,TX,MW,0.0014494854326714017,0.24832723510049104
Verizon Communications,Solar Photovoltaic,Solar Generation,0.528,32.87662,-96.95372,TX,MW,0.0010146398028699813,0.12194662962902733
Engie North America,Batteries,Electricity Storage,46.2,29.806021,-100.8045,TX,MW,0.13965586234493796,0.5942111051192939
Engie North America,Batteries,Electricity Storage,99,27.81922,-97.53546,TX,MW,0.29971988795518206,0.7091542255090751
"Leeward Asset Management, LLC",Batteries,Electricity Storage,83.16000000000001,34.878039,-118.347,CA,MW,0.25170068027210885,0.6926106220423845
Florida Power & Light Co,Solar Photovoltaic,Solar Generation,49.17,30.419835,-85.44149,FL,MW,0.1078417161907523,0.6674270695664446
Florida Power & Light Co,Solar Photovoltaic,Solar Generation,49.17,30.4213,-85.44103,FL,MW,0.1078417161907523,0.6674270695664446
Florida Power & Light Co,Solar Photovoltaic,Solar Generation,49.17,29.76723,-81.77749,FL,MW,0.1078417161907523,0.6674270695664446
"DG Central 1, LLC",Solar Photovoltaic,Solar Generation,0.66,44.953,-95.697,MN,MW,0.0013045368894042616,0.14061018220347427
TPE MD MO32 LLC,Solar Photovoltaic,Solar Generation,1.32,39.119391,-76.95976,MD,MW,0.002754022322075663,0.3275439767896132
TPE MD MO33 LLC,Solar Photovoltaic,Solar Generation,1.32,39.187812,-77.11986,MD,MW,0.002754022322075663,0.3275439767896132
"Solar Star Coastal Pirate, LLC",Batteries,Electricity Storage,1.3860000000000001,33.672565,-117.9125,CA,MW,0.0038015206082432974,0.2881806790818775
"Solar Star Coastal Pirate, LLC",Solar Photovoltaic,Solar Generation,2.0460000000000003,33.672565,-117.9125,CA,MW,0.004348456298014205,0.44771015985185125
"Forefront Power, LLC",Solar Photovoltaic,Solar Generation,0.792,36.95,-120.05,CA,MW,0.0015944339759385417,0.25779353676419364
"Forefront Power, LLC",Solar Photovoltaic,Solar Generation,1.7160000000000002,38.75,-121.55,CA,MW,0.003623713581678504,0.4190874115973452
Greenbacker Renewable Energy Corporation,Solar Photovoltaic,Solar Generation,0.99,39.16743,-111.801,UT,MW,0.0020292796057399622,0.28893622872715063
Greenbacker Renewable Energy Corporation,Solar Photovoltaic,Solar Generation,1.4520000000000002,43.60689,-73.18995,VT,MW,0.0030439194086099436,0.39410879697637047
"Novis Renewables, LLC",Solar Photovoltaic,Solar Generation,3.3000000000000003,42.85,-76.65,NY,MW,0.007102478620089869,0.505677771573954
"Novis Renewables, LLC",Solar Photovoltaic,Solar Generation,3.3000000000000003,42.85,-76.65,NY,MW,0.007102478620089869,0.505677771573954
"Novis Renewables, LLC",Solar Photovoltaic,Solar Generation,3.3000000000000003,43.05,-75.95,NY,MW,0.007102478620089869,0.505677771573954
"Novis Renewables, LLC",Solar Photovoltaic,Solar Generation,3.3000000000000003,43.05,-75.95,NY,MW,0.007102478620089869,0.505677771573954
"Novis Renewables, LLC",Solar Photovoltaic,Solar Generation,3.3000000000000003,43.15,-75.35,NY,MW,0.007102478620089869,0.505677771573954
"SR McKellar, LLC",Solar Photovoltaic,Solar Generation,46.2,35.574169,-88.92661,TN,MW,0.10131903174373098,0.6622080725299695
"SR Bell Buckle, LLC",Solar Photovoltaic,Solar Generation,23.1,35.57,-86.46,TN,MW,0.05058704160023192,0.632805759607295
Duke Energy Renewables Services,Solar Photovoltaic,Solar Generation,165,31.896737,-96.46733,TX,MW,0.3622264096245833,0.8489242069179086
MN CSG 2019-38 DE LLC,Solar Photovoltaic,Solar Generation,0.66,44.316403,-93.89424,MN,MW,0.0013045368894042616,0.14061018220347427
Wisconsin Power & Light Co,Batteries,Electricity Storage,2.3760000000000003,43.310598,-90.53274,WI,MW,0.006802721088435374,0.3394148140578874
Hecate Energy Desert Storage 1 LLC,Batteries,Electricity Storage,6.6000000000000005,33.8079,-116.494,CA,MW,0.0196078431372549,0.43649167310370846
"SR Greenville I, LLC",Solar Photovoltaic,Solar Generation,3.168,36.294811,-82.69888,TN,MW,0.0068125815335555884,0.4945325675245881
"SR Greenville II, LLC",Solar Photovoltaic,Solar Generation,3.168,36.1905,-82.74005,TN,MW,0.0068125815335555884,0.4945325675245881
"SR Bolivar, LLC",Solar Photovoltaic,Solar Generation,2.178,35.256656,-89.02028,TN,MW,0.004638353384548485,0.4509625919540823
"SR Paris, LLC",Solar Photovoltaic,Solar Generation,4.488,36.445894,-88.32769,TN,MW,0.009711552398898392,0.583876967291064
"SR Jackson II, LLC",Solar Photovoltaic,Solar Generation,0.66,35.607757,-88.91705,TN,MW,0.0013045368894042616,0.14061018220347427
"IP Lumina II, LLC",Batteries,Electricity Storage,105.60000000000001,32.883528,-100.7464,TX,MW,0.3197278911564626,0.7391399654215396
"IP Lumina II, LLC",Solar Photovoltaic,Solar Generation,215.556,32.883528,-100.7464,TX,MW,0.47325699376721264,0.9176454243973534
"IP Lumina, LLC",Batteries,Electricity Storage,105.60000000000001,32.901081,-100.9827,TX,MW,0.3197278911564626,0.7391399654215396
"IP Lumina, LLC",Solar Photovoltaic,Solar Generation,215.556,32.901081,-100.9827,TX,MW,0.47325699376721264,0.9176454243973534
"MA CS Dighton, LLC",Solar Photovoltaic,Solar Generation,2.508,41.833775,-71.16006,MA,MW,0.005363096100884186,0.46343031102417204
"Texas Solar Nova 1, LLC",Solar Photovoltaic,Solar Generation,166.32000000000002,33.320637,-100.9822,TX,MW,0.3651253804899261,0.8699289619060157
"Ortega Grid, LLC",Batteries,Electricity Storage,13.200000000000001,33.68354,-117.3284,CA,MW,0.03961584633853542,0.49683531626299804
"San Jacinto Grid, LLC",Batteries,Electricity Storage,42.9,33.92295,-116.8735,CA,MW,0.12965186074429771,0.5863626646977593
"Texas Solar Nova 2, LLC",Solar Photovoltaic,Solar Generation,132,33.32056,-100.9817,TX,MW,0.2897521379910132,0.8017627624826315
"Rayos del Sol Solar Project, LLC",Solar Photovoltaic,Solar Generation,89.10000000000001,26.090103,-97.79845,TX,MW,0.1955355848673721,0.748603982550704
"Rayos del Sol Solar Project, LLC",Solar Photovoltaic,Solar Generation,29.700000000000003,26.090103,-97.79845,TX,MW,0.06508189592694594,0.6385618350407721
EDPR CA Solar Park LLC,Solar Photovoltaic,Solar Generation,132,35.1026,-119.0541,CA,MW,0.2897521379910132,0.8017627624826315
EDPR CA Solar Park II LLC,Solar Photovoltaic,Solar Generation,66,35.113189,-119.1105,CA,MW,0.14480359472387302,0.714646916274308
EDPR CA Solar Park II LLC,Batteries,Electricity Storage,62.964000000000006,35.113189,-119.1105,CA,MW,0.19047619047619047,0.6214876276323472
"DG Connecticut III, LLC",Solar Photovoltaic,Solar Generation,3.1020000000000003,41.89,-72.518,CT,MW,0.006667632990288448,0.49306005940152076
"Faunce Corner Road Dartmouth Solar 1, LLC",Batteries,Electricity Storage,0.66,41.672831,-70.9895,MA,MW,0.001600640256102441,0.16870592774492987
"Faunce Corner Road Dartmouth Solar 1, LLC",Solar Photovoltaic,Solar Generation,0.66,41.672831,-70.9895,MA,MW,0.0013045368894042616,0.14061018220347427
"Ventura Drive Dartmouth Solar 1, LLC",Batteries,Electricity Storage,0.66,41.668886,-70.99138,MA,MW,0.001600640256102441,0.16870592774492987
"Ventura Drive Dartmouth Solar 1, LLC",Solar Photovoltaic,Solar Generation,0.66,41.668886,-70.99138,MA,MW,0.0013045368894042616,0.14061018220347427
"Cattail Solar, LLC",Solar Photovoltaic,Solar Generation,1.32,41.822595,-90.13117,IL,MW,0.002754022322075663,0.3275439767896132
Terra-Gen Operating Co-BESS,Batteries,Electricity Storage,111.54,35.027031,-118.1395,CA,MW,0.33773509403761504,0.7470586432882195
Terra-Gen Operating Co-BESS,Batteries,Electricity Storage,31.020000000000003,34.958108,-118.1078,CA,MW,0.09363745498199279,0.5454678401770597
Terra-Gen Operating Co-Hybrid,Batteries,Electricity Storage,89.76,34.964033,-118.0941,CA,MW,0.2717086834733894,0.7013590389234158
Terra-Gen Operating Co-Hybrid,Solar Photovoltaic,Solar Generation,101.90400000000001,34.964033,-118.0941,CA,MW,0.2236556022611973,0.7811867474735161
Terra-Gen Operating Co-Hybrid,Batteries,Electricity Storage,66,34.943575,-118.088,CA,MW,0.1996798719487795,0.6262351124790859
Terra-Gen Operating Co-Hybrid,Solar Photovoltaic,Solar Generation,98.27400000000002,34.943575,-118.088,CA,MW,0.2156834323815046,0.7570670374178248
Terra-Gen Operating Co-Hybrid,Batteries,Electricity Storage,31.020000000000003,34.965275,-118.0773,CA,MW,0.09363745498199279,0.5454678401770597
Terra-Gen Operating Co-Hybrid,Solar Photovoltaic,Solar Generation,44.88,34.965275,-118.0773,CA,MW,0.09842006087838819,0.6616345775585558
Terra-Gen Operating Co-Hybrid,Batteries,Electricity Storage,12.408000000000001,35.012467,-118.1193,CA,MW,0.03721488595438176,0.49525273664855707
Terra-Gen Operating Co-Hybrid,Solar Photovoltaic,Solar Generation,27.192000000000004,35.012467,-118.1193,CA,MW,0.05957385128279461,0.6369814402659988
Greenbacker Renewable Energy Corporation,Solar Photovoltaic,Solar Generation,79.2,37.840158,-113.1359,UT,MW,0.17379330337730106,0.7384768787707381
Greenbacker Renewable Energy Corporation,Solar Photovoltaic,Solar Generation,52.800000000000004,37.840158,-113.1359,UT,MW,0.115813886070445,0.7020305213276591
"LI Solar Generation, LLC",Solar Photovoltaic,Solar Generation,15.113999999999999,40.91367,-72.75036,NY,MW,0.03304826786490796,0.6279168296373918
Wisconsin Power & Light Co,Solar Photovoltaic,Solar Generation,0.5940000000000001,43.709143,-87.75538,WI,MW,0.0011595883461371214,0.1300710380939846
Wisconsin Power & Light Co,Solar Photovoltaic,Solar Generation,1.518,43.747,-87.76573,WI,MW,0.0031888679518770834,0.39722094397509977
Tampa Electric Co,Solar Photovoltaic,Solar Generation,46.2,28.181569,-82.15533,FL,MW,0.10131903174373098,0.6622080725299695
Tampa Electric Co,Solar Photovoltaic,Solar Generation,40.392,27.926882,-82.06767,FL,MW,0.08856355993622264,0.6573723093260979
Tampa Electric Co,Solar Photovoltaic,Solar Generation,36.432,27.68368,-82.47243,FL,MW,0.07986664734019423,0.6537318460640609
Key Capture Energy,Batteries,Electricity Storage,13.200000000000001,42.804294,-78.82762,NY,MW,0.03961584633853542,0.49683531626299804
Key Capture Energy,Batteries,Electricity Storage,66,33.3256,-97.31433,TX,MW,0.1996798719487795,0.6262351124790859
Key Capture Energy,Batteries,Electricity Storage,33,30.881424,-96.62542,TX,MW,0.09963985594237694,0.5487176518535749
Key Capture Energy,Batteries,Electricity Storage,66,30.41217,-97.57405,TX,MW,0.1996798719487795,0.6262351124790859
Key Capture Energy,Batteries,Electricity Storage,33,32.85583,-100.9917,TX,MW,0.09963985594237694,0.5487176518535749
Mississippi Power Co,Batteries,Electricity Storage,0.99,32.57975,-89.45417,MS,MW,0.0026010404161664665,0.24120340063431392
Mississippi Power Co,Solar Photovoltaic,Solar Generation,0.99,32.57975,-89.45417,MS,MW,0.0020292796057399622,0.28893622872715063
Key Capture Energy,Batteries,Electricity Storage,66,30.65991,-95.9738,TX,MW,0.1996798719487795,0.6262351124790859
Key Capture Energy,Batteries,Electricity Storage,33,30.41477,-97.35701,TX,MW,0.09963985594237694,0.5487176518535749
Key Capture Energy,Batteries,Electricity Storage,33,30.41432,-97.35518,TX,MW,0.09963985594237694,0.5487176518535749
Key Capture Energy,Batteries,Electricity Storage,33,29.15923,-95.6626,TX,MW,0.09963985594237694,0.5487176518535749
Meadow Lake Solar Park,Solar Photovoltaic,Solar Generation,132,40.726344,-86.85202,IN,MW,0.2897521379910132,0.8017627624826315
NJR Clean Energy Ventures Corporation,Solar Photovoltaic,Solar Generation,4.158,40.74525,-74.34379,NJ,MW,0.00898680968256269,0.5822786232751103
"Vikings Energy Farm, LLC",Solar Photovoltaic,Solar Generation,90.28800000000001,32.803363,-115.2717,CA,MW,0.19814465864618064,0.7503507954427566
"Vikings Energy Farm, LLC",Batteries,Electricity Storage,99,32.803363,-115.2717,CA,MW,0.29971988795518206,0.7091542255090751
Union Electric Co - (MO),Solar Photovoltaic,Solar Generation,3.7620000000000005,38.890697,-91.42322,MO,MW,0.00811711842295985,0.5786437920966347
Cardinal Renewables,Solar Photovoltaic,Solar Generation,1.98,32.468039,-81.80372,GA,MW,0.004203507754747065,0.431451953666995
Cardinal Renewables,Solar Photovoltaic,Solar Generation,1.98,30.91,-84.548,GA,MW,0.004203507754747065,0.431451953666995
Cardinal Renewables,Solar Photovoltaic,Solar Generation,1.1880000000000002,32.05569,-84.20261,GA,MW,0.002464125235541383,0.3143414461503724
Cardinal Renewables,Solar Photovoltaic,Solar Generation,1.7160000000000002,34.014833,-85.02224,GA,MW,0.003623713581678504,0.4190874115973452
Hecate Grid Carris Storage 1 LLC,Batteries,Electricity Storage,6.6000000000000005,33.8079,-116.494,CA,MW,0.0196078431372549,0.43649167310370846
IP Oberon LLC,Batteries,Electricity Storage,82.5,33.72899,-115.3824,CA,MW,0.24969987995198079,0.6830155635686919
IP Oberon LLC,Solar Photovoltaic,Solar Generation,165,33.72899,-115.3824,CA,MW,0.3622264096245833,0.8489242069179086
"IP Oberon II, LLC",Batteries,Electricity Storage,82.5,33.72899,-115.3824,CA,MW,0.24969987995198079,0.6830155635686919
"IP Oberon II, LLC",Solar Photovoltaic,Solar Generation,165,33.72899,-115.3824,CA,MW,0.3622264096245833,0.8489242069179086
Entergy Arkansas LLC,Solar Photovoltaic,Solar Generation,99,35.640573,-89.96939,AR,MW,0.21727786635744312,0.7589047549619988
"Victory Pass I, LLC",Batteries,Electricity Storage,33,33.701001,-115.3163,CA,MW,0.09963985594237694,0.5487176518535749
"Victory Pass I, LLC",Solar Photovoltaic,Solar Generation,132,33.701001,-115.3163,CA,MW,0.2897521379910132,0.8017627624826315
"Arica Solar, LLC",Batteries,Electricity Storage,89.76,33.701001,-115.3163,CA,MW,0.2717086834733894,0.7013590389234158
"Arica Solar, LLC",Solar Photovoltaic,Solar Generation,173.58,33.701001,-115.3163,CA,MW,0.38106972024931146,0.8744851536120704
"Carnes Creek Solar, LLC",Solar Photovoltaic,Solar Generation,1.6500000000000001,45.075205,-122.9277,OR,MW,0.003478765038411364,0.4082844803877832
"Cosper Creek Solar, LLC",Solar Photovoltaic,Solar Generation,1.6500000000000001,45.058,-123.499,OR,MW,0.003478765038411364,0.4082844803877832
"Fruitland Creek Solar, LLC",Solar Photovoltaic,Solar Generation,1.1880000000000002,44.93013,-122.9375,OR,MW,0.002464125235541383,0.3143414461503724
"Kaiser Creek Solar, LLC",Solar Photovoltaic,Solar Generation,1.32,45.143,-122.609,OR,MW,0.002754022322075663,0.3275439767896132
"Linkville Solar, LLC",Solar Photovoltaic,Solar Generation,1.8479999999999999,42.207661,-121.8146,OR,MW,0.003913610668212784,0.42474151043915653
"Sandy River Solar, LLC",Solar Photovoltaic,Solar Generation,1.254,45.431055,-122.2952,OR,MW,0.002609073778808523,0.3214937248300043
"Sesqui-C Solar, LLC",Solar Photovoltaic,Solar Generation,1.6500000000000001,45.32543,-123.1769,OR,MW,0.003478765038411364,0.4082844803877832
"Ahern Community Solar I, LLC",Solar Photovoltaic,Solar Generation,1.32,41.185,-88.231,IL,MW,0.002754022322075663,0.3275439767896132
"Waco Solar, LLC",Solar Photovoltaic,Solar Generation,264,31.710422,-96.81868,TX,MW,0.5796492245252935,0.9262059517065131
"High River Energy Center, LLC",Solar Photovoltaic,Solar Generation,59.400000000000006,42.901856,-74.13273,NY,MW,0.13030874039715903,0.7110637712728493
"Renewable Solar, Inc",Solar Photovoltaic,Solar Generation,0.7260000000000001,36.415526,-119.5537,CA,MW,0.0014494854326714017,0.24832723510049104
Tampa Electric Co,Solar Photovoltaic,Solar Generation,0.66,27.782731,-82.4008,FL,MW,0.0013045368894042616,0.14061018220347427
Tampa Electric Co,Solar Photovoltaic,Solar Generation,0.66,27.78822,-82.39541,FL,MW,0.0013045368894042616,0.14061018220347427
Duke Energy Renewables Services,Solar Photovoltaic,Solar Generation,79.2,42.189,-114.6218,ID,MW,0.17379330337730106,0.7384768787707381
"Hickson Solar, LLC",Solar Photovoltaic,Solar Generation,1.8479999999999999,34.69382,-79.82006,SC,MW,0.003913610668212784,0.42474151043915653
"Ogburn Solar, LLC",Solar Photovoltaic,Solar Generation,1.32,34.66565,-80.39065,SC,MW,0.002754022322075663,0.3275439767896132
"Bishopville Solar II, LLC",Solar Photovoltaic,Solar Generation,6.6000000000000005,34.2081,-80.22832,SC,MW,0.014349905783446878,0.5924134611575484
"Magdaline Solar, LLC",Solar Photovoltaic,Solar Generation,1.32,34.12784,-80.14985,SC,MW,0.002754022322075663,0.3275439767896132
"DG Connecticut III, LLC",Solar Photovoltaic,Solar Generation,2.31,41.72795,-72.93262,CT,MW,0.004928250471082766,0.4559259507673007
Madison Energy Holdings LLC,Solar Photovoltaic,Solar Generation,0.99,39.18568,-75.68538,DE,MW,0.0020292796057399622,0.28893622872715063
"Concho Valley Solar, LLC",Solar Photovoltaic,Solar Generation,114.04800000000002,31.214,-100.255,TX,MW,0.2503261342223511,0.7866129618469888
Valta Energy,Solar Photovoltaic,Solar Generation,0.99,34.243444,-118.5852,CA,MW,0.0020292796057399622,0.28893622872715063
SV CSG Baileyville 1 LLC,Solar Photovoltaic,Solar Generation,1.32,42.201229,-89.60881,IL,MW,0.002754022322075663,0.3275439767896132
Elba Solar LLC,Solar Photovoltaic,Solar Generation,1.32,40.885483,-90.01671,IL,MW,0.002754022322075663,0.3275439767896132
Easton CSG 1 LLC,Solar Photovoltaic,Solar Generation,2.178,46.643254,-67.90871,ME,MW,0.004638353384548485,0.4509625919540823
SV CSG South Dekalb 1 LLC,Solar Photovoltaic,Solar Generation,1.32,41.893409,-88.77105,IL,MW,0.002754022322075663,0.3275439767896132
SV CSG South Dekalb 2 LLC,Solar Photovoltaic,Solar Generation,1.32,41.894383,-88.7713,IL,MW,0.002754022322075663,0.3275439767896132
Limestone CSG 1 LLC,Solar Photovoltaic,Solar Generation,2.508,46.916446,-67.85511,ME,MW,0.005363096100884186,0.46343031102417204
Limestone CSG 2 LLC,Solar Photovoltaic,Solar Generation,1.914,46.929112,-67.8359,ME,MW,0.0040585592114799245,0.4278826698683019
SV CSG Barrass Farms II LLC,Solar Photovoltaic,Solar Generation,1.32,37.727245,-88.84904,IL,MW,0.002754022322075663,0.3275439767896132
Onyx Asset Services Group,Solar Photovoltaic,Solar Generation,0.8580000000000001,39.08557,-96.81503,KS,MW,0.001739382519205682,0.269152128131917
"East Point Energy Center, LLC",Solar Photovoltaic,Solar Generation,33,42.461371,-74.33509,NY,MW,0.07232932309030295,0.6430846546424963
Greenbacker Renewable Energy Corporation,Solar Photovoltaic,Solar Generation,2.97,39.903739,-104.6634,CO,MW,0.006377735903754168,0.4863228265519096
"SloughHouse Solar, LLC",Solar Photovoltaic,Solar Generation,33,38.467619,-121.1845,CA,MW,0.07232932309030295,0.6430846546424963
"HEN Infrastructure, L.L.C.",Batteries,Electricity Storage,6.534000000000001,28.34705,-99.6737,TX,MW,0.019407763105242098,0.394200048734022
"HEN Infrastructure, L.L.C.",Batteries,Electricity Storage,6.534000000000001,31.514106,-103.4524,TX,MW,0.019407763105242098,0.394200048734022
"HEN Infrastructure, L.L.C.",Batteries,Electricity Storage,6.534000000000001,31.39471,-103.6303,TX,MW,0.019407763105242098,0.394200048734022
"HEN Infrastructure, L.L.C.",Batteries,Electricity Storage,6.534000000000001,33.16111,-96.40913,TX,MW,0.019407763105242098,0.394200048734022
"HEN Infrastructure, L.L.C.",Batteries,Electricity Storage,6.534000000000001,31.262381,-103.7949,TX,MW,0.019407763105242098,0.394200048734022
"HEN Infrastructure, L.L.C.",Batteries,Electricity Storage,6.534000000000001,31.036537,-103.0242,TX,MW,0.019407763105242098,0.394200048734022
NY - Mines Press,Batteries,Electricity Storage,0.66,41.27803,-73.86612,NY,MW,0.001600640256102441,0.16870592774492987
"Limelight Solar I, LLC",Solar Photovoltaic,Solar Generation,1.32,34.94861,-81.98778,SC,MW,0.002754022322075663,0.3275439767896132
"233 Randolph 74 Solar I, LLC",Solar Photovoltaic,Solar Generation,1.32,35.311944,-81.59056,NC,MW,0.002754022322075663,0.3275439767896132
Conductive Power,Solar Photovoltaic,Solar Generation,33,33.074673,-116.0912,CA,MW,0.07232932309030295,0.6430846546424963
"Delaware River Solar, LLC",Solar Photovoltaic,Solar Generation,3.3000000000000003,42.113052,-76.17806,NY,MW,0.007102478620089869,0.505677771573954
"NY Lodi I, LLC",Solar Photovoltaic,Solar Generation,3.3000000000000003,42.603975,-76.83834,NY,MW,0.007102478620089869,0.505677771573954
"HEN Infrastructure, L.L.C.",Batteries,Electricity Storage,6.534000000000001,28.03534,-99.36173,TX,MW,0.019407763105242098,0.394200048734022
"HEN Infrastructure, L.L.C.",Batteries,Electricity Storage,6.534000000000001,30.492453,-99.7702,TX,MW,0.019407763105242098,0.394200048734022
"HEN Infrastructure, L.L.C.",Batteries,Electricity Storage,6.534000000000001,31.594864,-103.2498,TX,MW,0.019407763105242098,0.394200048734022
"HEN Infrastructure, L.L.C.",Batteries,Electricity Storage,6.534000000000001,33.371086,-98.72047,TX,MW,0.019407763105242098,0.394200048734022
"HEN Infrastructure, L.L.C.",Batteries,Electricity Storage,6.534000000000001,31.568978,-103.2266,TX,MW,0.019407763105242098,0.394200048734022
"HEN Infrastructure, L.L.C.",Batteries,Electricity Storage,6.534000000000001,31.332883,-103.4984,TX,MW,0.019407763105242098,0.394200048734022
"HEN Infrastructure, L.L.C.",Batteries,Electricity Storage,6.534000000000001,31.821423,-104.0451,TX,MW,0.019407763105242098,0.394200048734022
"HEN Infrastructure, L.L.C.",Batteries,Electricity Storage,6.534000000000001,26.234145,-98.07985,TX,MW,0.019407763105242098,0.394200048734022
MN8 Energy LLC,Solar Photovoltaic,Solar Generation,13.200000000000001,42.970331,-73.57326,NY,MW,0.02884476011016089,0.6114579956437564
MN8 Energy LLC,Solar Photovoltaic,Solar Generation,13.200000000000001,42.8808,-74.0951,NY,MW,0.02884476011016089,0.6114579956437564
MN8 Energy LLC,Solar Photovoltaic,Solar Generation,13.200000000000001,42.926231,-73.71147,NY,MW,0.02884476011016089,0.6114579956437564
Oriana Solar LLC,Solar Photovoltaic,Solar Generation,118.80000000000001,28.905346,-96.97808,TX,MW,0.2607624293375852,0.7916755661375013
"Sunlight Storage, LLC",Batteries,Electricity Storage,151.8,33.803,-115.402,CA,MW,0.4597839135654262,0.8312940722550702
MN8 Energy LLC,Solar Photovoltaic,Solar Generation,3.3000000000000003,45.011548,-69.0267,ME,MW,0.007102478620089869,0.505677771573954
MN8 Energy LLC,Solar Photovoltaic,Solar Generation,3.3000000000000003,44.791662,-69.7374,ME,MW,0.007102478620089869,0.505677771573954
Engie North America,Batteries,Electricity Storage,105.60000000000001,30.904629,-102.9159,TX,MW,0.3197278911564626,0.7391399654215396
Engie North America,Batteries,Electricity Storage,132,29.65313,-98.01516,TX,MW,0.3997599039615847,0.7658985069236155
Florida Power & Light Co,Solar Photovoltaic,Solar Generation,49.17,30.63933,-86.92558,FL,MW,0.1078417161907523,0.6674270695664446
Florida Power & Light Co,Solar Photovoltaic,Solar Generation,49.17,27.57934,-82.26058,FL,MW,0.1078417161907523,0.6674270695664446
Florida Power & Light Co,Solar Photovoltaic,Solar Generation,49.17,27.44844,-82.06377,FL,MW,0.1078417161907523,0.6674270695664446
Florida Power & Light Co,Solar Photovoltaic,Solar Generation,49.17,27.2551,-80.57123,FL,MW,0.1078417161907523,0.6674270695664446
Florida Power & Light Co,Solar Photovoltaic,Solar Generation,49.17,30.68003,-86.78045,FL,MW,0.1078417161907523,0.6674270695664446
Florida Power & Light Co,Solar Photovoltaic,Solar Generation,49.17,30.76314,-87.4332,FL,MW,0.1078417161907523,0.6674270695664446
Florida Power & Light Co,Solar Photovoltaic,Solar Generation,49.17,27.074158,-81.69657,FL,MW,0.1078417161907523,0.6674270695664446
Florida Power & Light Co,Solar Photovoltaic,Solar Generation,49.17,27.07794,-80.37925,FL,MW,0.1078417161907523,0.6674270695664446
Florida Power & Light Co,Solar Photovoltaic,Solar Generation,49.17,26.75408,-81.18562,FL,MW,0.1078417161907523,0.6674270695664446
Florida Power & Light Co,Solar Photovoltaic,Solar Generation,49.17,27.03074,-80.5248,FL,MW,0.1078417161907523,0.6674270695664446
Florida Power & Light Co,Solar Photovoltaic,Solar Generation,49.17,27.56702,-80.64496,FL,MW,0.1078417161907523,0.6674270695664446
Florida Power & Light Co,Solar Photovoltaic,Solar Generation,49.17,26.36044,-81.02654,FL,MW,0.1078417161907523,0.6674270695664446
Florida Power & Light Co,Solar Photovoltaic,Solar Generation,49.17,26.40932,-81.04845,FL,MW,0.1078417161907523,0.6674270695664446
Florida Power & Light Co,Solar Photovoltaic,Solar Generation,49.17,27.848073,-80.6955,FL,MW,0.1078417161907523,0.6674270695664446
Florida Power & Light Co,Solar Photovoltaic,Solar Generation,49.17,26.78768,-80.35192,FL,MW,0.1078417161907523,0.6674270695664446
Florida Power & Light Co,Solar Photovoltaic,Solar Generation,49.17,30.938167,-86.24011,FL,MW,0.1078417161907523,0.6674270695664446
Florida Power & Light Co,Solar Photovoltaic,Solar Generation,49.17,29.88143,-81.76258,FL,MW,0.1078417161907523,0.6674270695664446
Florida Power & Light Co,Solar Photovoltaic,Solar Generation,49.17,30.503643,-85.16738,FL,MW,0.1078417161907523,0.6674270695664446
Florida Power & Light Co,Solar Photovoltaic,Solar Generation,49.17,30.415143,-86.4233,FL,MW,0.1078417161907523,0.6674270695664446
SV CSG Baileyville 2 LLC,Solar Photovoltaic,Solar Generation,1.32,42.201355,-89.61099,IL,MW,0.002754022322075663,0.3275439767896132
Orange Grove,Solar Photovoltaic,Solar Generation,86.46000000000001,27.918286,-97.98045,TX,MW,0.18973764313668648,0.7464451797248762
RWE Clean Energy,Solar Photovoltaic,Solar Generation,92.4,33.964323,-82.81584,GA,MW,0.2027830120307291,0.751672764899509
Stillhouse Solar LLC,Solar Photovoltaic,Solar Generation,138.6,30.967591,-97.16511,TX,MW,0.3042469923177272,0.833698350754955
"SMS DC CS01B, LLC",Solar Photovoltaic,Solar Generation,1.32,38.90724,-76.99372,DC,MW,0.002754022322075663,0.3275439767896132
"Gans Solar, LLC",Solar Photovoltaic,Solar Generation,9.24,39.750126,-79.8358,PA,MW,0.020147847514132483,0.6039732066715177
"Pechin Solar, LLC",Solar Photovoltaic,Solar Generation,9.24,39.96106,-79.64394,PA,MW,0.020147847514132483,0.6039732066715177
Florida Power & Light Co,Solar Photovoltaic,Solar Generation,49.17,27.411974,-82.10387,FL,MW,0.1078417161907523,0.6674270695664446
Florida Power & Light Co,Solar Photovoltaic,Solar Generation,49.17,29.756975,-81.75913,FL,MW,0.1078417161907523,0.6674270695664446
Florida Power & Light Co,Solar Photovoltaic,Solar Generation,49.17,30.390039,-83.34395,FL,MW,0.1078417161907523,0.6674270695664446
Florida Power & Light Co,Solar Photovoltaic,Solar Generation,49.17,26.749144,-81.19209,FL,MW,0.1078417161907523,0.6674270695664446
Florida Power & Light Co,Solar Photovoltaic,Solar Generation,49.17,30.89805,-86.25007,FL,MW,0.1078417161907523,0.6674270695664446
Florida Power & Light Co,Solar Photovoltaic,Solar Generation,49.17,30.92851,-87.26414,FL,MW,0.1078417161907523,0.6674270695664446
Florida Power & Light Co,Solar Photovoltaic,Solar Generation,49.17,27.44193,-80.80183,FL,MW,0.1078417161907523,0.6674270695664446
Florida Power & Light Co,Solar Photovoltaic,Solar Generation,49.17,27.278413,-80.80238,FL,MW,0.1078417161907523,0.6674270695664446
Florida Power & Light Co,Solar Photovoltaic,Solar Generation,49.17,25.542897,-80.54673,FL,MW,0.1078417161907523,0.6674270695664446
Florida Power & Light Co,Solar Photovoltaic,Solar Generation,49.17,27.078175,-81.83212,FL,MW,0.1078417161907523,0.6674270695664446
Florida Power & Light Co,Solar Photovoltaic,Solar Generation,49.17,27.846074,-80.674,FL,MW,0.1078417161907523,0.6674270695664446
Florida Power & Light Co,Solar Photovoltaic,Solar Generation,49.17,30.51999,-81.88676,FL,MW,0.1078417161907523,0.6674270695664446
Florida Power & Light Co,Solar Photovoltaic,Solar Generation,49.17,27.023117,-81.77712,FL,MW,0.1078417161907523,0.6674270695664446
Florida Power & Light Co,Solar Photovoltaic,Solar Generation,49.17,27.05476,-80.37958,FL,MW,0.1078417161907523,0.6674270695664446
Florida Power & Light Co,Solar Photovoltaic,Solar Generation,49.17,27.550293,-80.67111,FL,MW,0.1078417161907523,0.6674270695664446
Florida Power & Light Co,Solar Photovoltaic,Solar Generation,49.17,27.50809,-80.73638,FL,MW,0.1078417161907523,0.6674270695664446
Florida Power & Light Co,Solar Photovoltaic,Solar Generation,49.17,26.77617,-80.41104,FL,MW,0.1078417161907523,0.6674270695664446
Florida Power & Light Co,Solar Photovoltaic,Solar Generation,49.17,30.272333,-82.15683,FL,MW,0.1078417161907523,0.6674270695664446
Florida Power & Light Co,Solar Photovoltaic,Solar Generation,49.17,27.55776,-80.5701,FL,MW,0.1078417161907523,0.6674270695664446
Florida Power & Light Co,Solar Photovoltaic,Solar Generation,49.17,27.08314,-81.84124,FL,MW,0.1078417161907523,0.6674270695664446
Florida Power & Light Co,Solar Photovoltaic,Solar Generation,49.17,30.43989,-85.27589,FL,MW,0.1078417161907523,0.6674270695664446
"Listonburg Solar, LLC",Solar Photovoltaic,Solar Generation,9.9,39.76472,-79.30339,PA,MW,0.021597332946803886,0.6044518502743939
Terra-Gen Operating Co-BESS 2,Batteries,Electricity Storage,52.800000000000004,35.0477,-118.2628,CA,MW,0.15966386554621848,0.6094328215196145
"Lightsource Renewable Energy Asset Management, LLC",Solar Photovoltaic,Solar Generation,99,41.719,-86.464,IN,MW,0.21727786635744312,0.7589047549619988
"Porter Solar, LLC",Solar Photovoltaic,Solar Generation,161.70000000000002,33.310446,-97.36977,TX,MW,0.3549789824612263,0.8471265830133181
"Rocking R Solar, LLC",Solar Photovoltaic,Solar Generation,47.85,32.883965,-93.8833,LA,MW,0.1049427453254095,0.6665498817472144
"DG Central 1, LLC",Solar Photovoltaic,Solar Generation,1.98,46.006605,-92.90773,MN,MW,0.004203507754747065,0.431451953666995
AlphaStruxure Service Co LP,Batteries,Electricity Storage,0.99,38.99903,-77.058,MD,MW,0.0026010404161664665,0.24120340063431392
AlphaStruxure Service Co LP,Solar Photovoltaic,Solar Generation,1.122,38.99903,-77.058,MD,MW,0.0023191766922742423,0.30987734936531186
Hecate Energy Upshur Rural LLC,Solar Photovoltaic,Solar Generation,1.98,32.843248,-94.73192,TX,MW,0.004203507754747065,0.431451953666995
"Tres Bahias Solar Power, LLC",Solar Photovoltaic,Solar Generation,129.55800000000002,28.68851,-96.50983,TX,MW,0.28438904189012904,0.8005372147220761
Kearsarge Smithfield LLC,Solar Photovoltaic,Solar Generation,5.28,41.93139,-71.57895,RI,MW,0.011450934918104073,0.5884722939379426
Kearsarge Beverly LLC,Batteries,Electricity Storage,1.1880000000000002,42.56465,-70.88105,MA,MW,0.003201280512204882,0.254554006576054
Kearsarge Beverly LLC,Solar Photovoltaic,Solar Generation,1.32,42.56465,-70.88105,MA,MW,0.002754022322075663,0.3275439767896132
VESI 21 LLC,Batteries,Electricity Storage,7.92,41.382589,-83.61123,OH,MW,0.023609443777511004,0.47382083383399404
VESI 25 LLC,Batteries,Electricity Storage,13.200000000000001,40.980781,-74.76095,NJ,MW,0.03961584633853542,0.49683531626299804
VESI 24 LLC,Batteries,Electricity Storage,4.62,40.1337,-74.17086,NJ,MW,0.013605442176870748,0.38505259135408654
Kearsarge West Shore Solar LLC,Solar Photovoltaic,Solar Generation,3.3000000000000003,41.6202,-71.26842,RI,MW,0.007102478620089869,0.505677771573954
"Landrace Holdings, LLC",Solar Photovoltaic,Solar Generation,36.300000000000004,33.723937,-79.092,SC,MW,0.07957675025365996,0.6531760190117715
"Storey Energy Center, LLC",Batteries,Electricity Storage,58.080000000000005,32.8882,-111.4978,AZ,MW,0.1756702681072429,0.6168039308785273
"Storey Energy Center, LLC",Solar Photovoltaic,Solar Generation,80.52000000000001,32.8882,-111.4978,AZ,MW,0.1766922742426439,0.7422064632358064
"Mammoth North, LLC",Solar Photovoltaic,Solar Generation,264,41.19933,-86.63379,IN,MW,0.5796492245252935,0.9262059517065131
MN8 Energy LLC,Solar Photovoltaic,Solar Generation,0.7260000000000001,38.86499,-76.99401,DC,MW,0.0014494854326714017,0.24832723510049104
MN8 Energy LLC,Solar Photovoltaic,Solar Generation,1.254,38.915643,-76.91737,MD,MW,0.002609073778808523,0.3214937248300043
MN8 Energy LLC,Solar Photovoltaic,Solar Generation,1.122,38.85034,-76.9573,MD,MW,0.0023191766922742423,0.30987734936531186
MN8 Energy LLC,Solar Photovoltaic,Solar Generation,1.122,38.84066,-76.9752,MD,MW,0.0023191766922742423,0.30987734936531186
RWE Clean Energy,Solar Photovoltaic,Solar Generation,34.65,33.326467,-112.919,AZ,MW,0.07595303667198144,0.6523443529358914
RWE Clean Energy,Batteries,Electricity Storage,6.6000000000000005,33.326467,-112.919,AZ,MW,0.0196078431372549,0.43649167310370846
RWE Clean Energy,Solar Photovoltaic,Solar Generation,39.6,33.3252,-112.918,AZ,MW,0.086824177417016965,0.6551263153075775
RWE Clean Energy,Batteries,Electricity Storage,39.6,33.3252,-112.918,AZ,MW,0.11964785914365746,0.5769378019295782
"Java Solar, LLC",Solar Photovoltaic,Solar Generation,8.91,36.233522,-119.8163,CA,MW,0.019423104797796784,0.6034951269052655
Wisconsin Electric Power Co,Solar Photovoltaic,Solar Generation,132,42.662069,-88.01553,WI,MW,0.2897521379910132,0.8017627624826315
Wisconsin Electric Power Co,Batteries,Electricity Storage,66,42.662069,-88.01553,WI,MW,0.1996798719487795,0.6262351124790859
Wisconsin Public Service Corp,Solar Photovoltaic,Solar Generation,4.95,45.61246,-89.44366,WI,MW,0.010726192201768374,0.5859395149640056
Kankakee Solar 2 LLC,Solar Photovoltaic,Solar Generation,0.99,41.176011,-87.87952,IL,MW,0.0020292796057399622,0.28893622872715063
Phelan Solar LLC,Solar Photovoltaic,Solar Generation,1.98,34.571845,-117.5762,CA,MW,0.004203507754747065,0.431451953666995
Tucson Electric Power Co,Solar Photovoltaic,Solar Generation,8.25,32.146944,-110.8781,AZ,MW,0.01797361936512538,0.6020642322060996
Elora LLC,Solar Photovoltaic,Solar Generation,0.66,44.234621,-95.88135,MN,MW,0.0013045368894042616,0.14061018220347427
"Lightsource Renewable Energy Asset Management, LLC",Solar Photovoltaic,Solar Generation,89.76,26.523359,-99.01711,TX,MW,0.1969850703000435,0.749912413868865
"Lightsource Renewable Energy Asset Management, LLC",Solar Photovoltaic,Solar Generation,89.10000000000001,30.61,-92.17,LA,MW,0.1955355848673721,0.748603982550704
RWE Clean Energy,Solar Photovoltaic,Solar Generation,198,28.4279,-97.4544,TX,MW,0.4347006812581533,0.8792741632080008
Consolidated Edison Development Inc.,Batteries,Electricity Storage,86.46000000000001,32.729364,-115.7186,CA,MW,0.2617046818727491,0.695074615943293
"Lightsource Renewable Energy Asset Management, LLC",Solar Photovoltaic,Solar Generation,66,29.170545,-95.74157,TX,MW,0.14480359472387302,0.714646916274308
CleanCapital Holdings,Solar Photovoltaic,Solar Generation,1.32,39.299137,-76.95995,MD,MW,0.002754022322075663,0.3275439767896132
CleanCapital Holdings,Solar Photovoltaic,Solar Generation,1.32,39.300067,-76.95713,MD,MW,0.002754022322075663,0.3275439767896132
CleanCapital Holdings,Solar Photovoltaic,Solar Generation,1.32,39.300615,-76.96096,MD,MW,0.002754022322075663,0.3275439767896132
Greenbacker Renewable Energy Corporation,Solar Photovoltaic,Solar Generation,2.508,41.049604,-81.58158,OH,MW,0.005363096100884186,0.46343031102417204
United States Solar Corporation,Solar Photovoltaic,Solar Generation,0.66,45.242089,-93.58142,MN,MW,0.0013045368894042616,0.14061018220347427
"Desert Peak Energy Storage I, LLC",Batteries,Electricity Storage,214.5,33.9311,-116.5719,CA,MW,0.6498599439775911,0.9353999788211709
"Desert Peak Energy Storage II, LLC",Batteries,Electricity Storage,49.5,33.9311,-116.5719,CA,MW,0.14965986394557823,0.6004115935114015
South Garden LLC,Solar Photovoltaic,Solar Generation,0.66,44.949173,-94.07688,MN,MW,0.0013045368894042616,0.14061018220347427
United States Solar Corporation,Solar Photovoltaic,Solar Generation,1.32,38.14347,-104.2534,CO,MW,0.002754022322075663,0.3275439767896132
United States Solar Corporation,Solar Photovoltaic,Solar Generation,0.66,44.898161,-93.83873,MN,MW,0.0013045368894042616,0.14061018220347427
United States Solar Corporation,Solar Photovoltaic,Solar Generation,0.66,44.615314,-95.59845,MN,MW,0.0013045368894042616,0.14061018220347427
United States Solar Corporation,Solar Photovoltaic,Solar Generation,0.66,44.45187,-94.53513,MN,MW,0.0013045368894042616,0.14061018220347427
"Safari Energy, LLC",Solar Photovoltaic,Solar Generation,1.98,34.041911,-85.21392,GA,MW,0.004203507754747065,0.431451953666995
"Safari Energy, LLC",Solar Photovoltaic,Solar Generation,1.98,32.065366,-82.13351,GA,MW,0.004203507754747065,0.431451953666995
"Maine DG Solar Harmony, LLC",Solar Photovoltaic,Solar Generation,3.2340000000000004,44.98,-69.54635,ME,MW,0.0069575300768227296,0.4978973555835699
Avangrid Power LLC,Solar Photovoltaic,Solar Generation,99,41.092921,-84.11612,OH,MW,0.21727786635744312,0.7589047549619988
Avangrid Power LLC,Solar Photovoltaic,Solar Generation,157.608,31.468564,-96.79417,TX,MW,0.3459921727786636,0.8419028651680582
AES Distributed Energy,Solar Photovoltaic,Solar Generation,46.2,39.923887,-78.04122,PA,MW,0.10131903174373098,0.6622080725299695
Titlow Garden LLC,Solar Photovoltaic,Solar Generation,0.66,44.5434,-94.2229,MN,MW,0.0013045368894042616,0.14061018220347427
House Mountain,Batteries,Electricity Storage,48.312000000000005,30.495668,-103.451,TX,MW,0.14605842336934774,0.5995203147424658
Flower Valley II,Batteries,Electricity Storage,66.66,31.197285,-103.3618,TX,MW,0.20168067226890754,0.6584467686221438
Swoose II,Batteries,Electricity Storage,66.66,31.45115,-103.3618,TX,MW,0.20168067226890754,0.6584467686221438
Crossett Power Management LLC,Batteries,Electricity Storage,133.98000000000002,31.191687,-102.3172,TX,MW,0.4057623049219688,0.8050693433237952
Greenbacker Renewable Energy Corporation,Solar Photovoltaic,Solar Generation,2.7720000000000002,39.943015,-83.31775,OH,MW,0.005942890273952748,0.48020451222404453
Cannon River LLC,Solar Photovoltaic,Solar Generation,0.66,43.981359,-95.87079,MN,MW,0.0013045368894042616,0.14061018220347427
Cascade Solar LLC,Solar Photovoltaic,Solar Generation,0.66,44.787094,-95.36881,MN,MW,0.0013045368894042616,0.14061018220347427
Ballantyne LLC,Solar Photovoltaic,Solar Generation,0.66,44.935638,-95.37459,MN,MW,0.0013045368894042616,0.14061018220347427
"Lyons Solar, LLC",Solar Photovoltaic,Solar Generation,13.200000000000001,40.472,-75.785,PA,MW,0.02884476011016089,0.6114579956437564
"Solar Star River SLB, LLC",Solar Photovoltaic,Solar Generation,2.9040000000000004,39.907271,-75.04693,NJ,MW,0.006232787360487028,0.4842147282503652
"Solar Star River SLB, LLC",Solar Photovoltaic,Solar Generation,1.7820000000000003,39.85853,-75.01035,NJ,MW,0.0037686621249456444,0.4229386318793329
"Solar Star Prime 6, LLC",Solar Photovoltaic,Solar Generation,1.254,41.424123,-87.77283,IL,MW,0.002609073778808523,0.3214937248300043
"Forefront Power, LLC",Solar Photovoltaic,Solar Generation,0.9239999999999999,32.7466,-116.9389,CA,MW,0.001884331062472822,0.2794824398408343
"Forefront Power, LLC",Batteries,Electricity Storage,0.66,32.7466,-116.9389,CA,MW,0.001600640256102441,0.16870592774492987
"Bird Dog Solar, LLC",Solar Photovoltaic,Solar Generation,26.400000000000002,33.126562,-81.99937,GA,MW,0.05783446876358893,0.6351477586980512
"Blackwater Solar, LLC",Solar Photovoltaic,Solar Generation,52.800000000000004,31.394022,-82.62505,GA,MW,0.115813886070445,0.7020305213276591
"Hobnail Solar, LLC",Solar Photovoltaic,Solar Generation,46.2,33.262,-82.178,GA,MW,0.10131903174373098,0.6622080725299695
"Wolfskin Solar, LLC",Solar Photovoltaic,Solar Generation,25.080000000000002,33.881462,-83.24668,GA,MW,0.05493549789824612,0.6346258146824287
United States Solar Corporation,Solar Photovoltaic,Solar Generation,0.66,44.255814,-94.29286,MN,MW,0.0013045368894042616,0.14061018220347427
Madison Energy Holdings LLC,Solar Photovoltaic,Solar Generation,0.66,45.4895,-92.8501,MN,MW,0.0013045368894042616,0.14061018220347427
Greenbacker Renewable Energy Corporation,Solar Photovoltaic,Solar Generation,1.7160000000000002,34.038735,-117.3849,CA,MW,0.003623713581678504,0.4190874115973452
Greenbacker Renewable Energy Corporation,Solar Photovoltaic,Solar Generation,1.6500000000000001,34.073555,-117.2814,CA,MW,0.003478765038411364,0.4082844803877832
"Niagara Depot Solar, LLC",Solar Photovoltaic,Solar Generation,2.31,43.1191,-79.00705,NY,MW,0.004928250471082766,0.4559259507673007
"Arctaris Saddleback Solar, LLC",Solar Photovoltaic,Solar Generation,3.2340000000000004,44.94641,-70.52716,ME,MW,0.0069575300768227296,0.4978973555835699
"TPE RI WA2, LLC",Solar Photovoltaic,Solar Generation,2.244,41.73836,-71.26739,RI,MW,0.004783301927815626,0.45463378297690915
"TPE RI WA1, LLC",Solar Photovoltaic,Solar Generation,2.31,41.73934,-71.26728,RI,MW,0.004928250471082766,0.4559259507673007
"Brazoria County Solar Project, LLC",Solar Photovoltaic,Solar Generation,132,29.1779,-95.7612,TX,MW,0.2897521379910132,0.8017627624826315
"Glover Creek Solar, LLC",Solar Photovoltaic,Solar Generation,36.300000000000004,36.901441,-85.71203,KY,MW,0.07957675025365996,0.6531760190117715
"Middleton Biogas Solar, LLC",Solar Photovoltaic,Solar Generation,1.254,43.1233,-89.5466,WI,MW,0.002609073778808523,0.3214937248300043
"Middleton Biogas Solar, LLC",Batteries,Electricity Storage,0.198,43.1233,-89.5466,WI,MW,2.0008003201280508e-4,0.05333834187674792
Madison Energy Holdings LLC,Solar Photovoltaic,Solar Generation,0.7260000000000001,39.95526,-75.10218,NJ,MW,0.0014494854326714017,0.24832723510049104
AES Distributed Energy,Batteries,Electricity Storage,83.82000000000001,34.6864,-118.3045,CA,MW,0.2537014805922369,0.6938391878001853
"Cathcart Solar, LLC",Solar Photovoltaic,Solar Generation,3.3000000000000003,34.333898,-78.75281,NC,MW,0.007102478620089869,0.505677771573954
"NSF Angelica Site 1, LLC",Solar Photovoltaic,Solar Generation,3.3000000000000003,42.30639,-78.07039,NY,MW,0.007102478620089869,0.505677771573954
"NSF Angelica Site 2, LLC",Solar Photovoltaic,Solar Generation,3.3000000000000003,42.304408,-78.07668,NY,MW,0.007102478620089869,0.505677771573954
"NSF Angelica Site 3, LLC",Solar Photovoltaic,Solar Generation,3.3000000000000003,42.301546,-78.07492,NY,MW,0.007102478620089869,0.505677771573954
"NSF Angelica Site 4, LLC",Solar Photovoltaic,Solar Generation,3.3000000000000003,42.303015,-78.07092,NY,MW,0.007102478620089869,0.505677771573954
"West Valley Solar, LLC",Solar Photovoltaic,Solar Generation,3.3000000000000003,42.449,-78.652,NY,MW,0.007102478620089869,0.505677771573954
"West Valley Solar, LLC",Solar Photovoltaic,Solar Generation,3.3000000000000003,42.449,-78.652,NY,MW,0.007102478620089869,0.505677771573954
"Kapolei Energy Storage I, LLC",Batteries,Electricity Storage,122.10000000000001,21.328403,-158.1052,HI,MW,0.3697478991596639,0.7605431082966857
Greenbacker Renewable Energy Corporation,Solar Photovoltaic,Solar Generation,0.99,43.279547,-92.79127,IA,MW,0.0020292796057399622,0.28893622872715063
Greenbacker Renewable Energy Corporation,Solar Photovoltaic,Solar Generation,2.0460000000000003,41.548503,-83.57865,OH,MW,0.004348456298014205,0.44771015985185125
SunShare Management,Solar Photovoltaic,Solar Generation,0.5940000000000001,44.799686,-94.01997,MN,MW,0.0011595883461371214,0.1300710380939846
SunShare Management,Solar Photovoltaic,Solar Generation,0.66,45.628723,-94.61461,MN,MW,0.0013045368894042616,0.14061018220347427
SunShare Management,Solar Photovoltaic,Solar Generation,0.66,44.043674,-92.6952,MN,MW,0.0013045368894042616,0.14061018220347427
"Electric Avenue Lunenburg Solar 1, LLC",Batteries,Electricity Storage,0.66,42.58617,-71.75287,MA,MW,0.001600640256102441,0.16870592774492987
"OE IL Solar 3, LLC",Solar Photovoltaic,Solar Generation,1.32,42.02005,-89.36263,IL,MW,0.002754022322075663,0.3275439767896132
"French Road Solar II, LLC",Solar Photovoltaic,Solar Generation,1.32,42.06052,-88.5451,IL,MW,0.002754022322075663,0.3275439767896132
"Rafterville Solar, LLC",Solar Photovoltaic,Solar Generation,0.66,45.13828,-94.73714,MN,MW,0.0013045368894042616,0.14061018220347427
"Milo CSG, LLC",Solar Photovoltaic,Solar Generation,2.97,45.24368,-69.01552,ME,MW,0.006377735903754168,0.4863228265519096
"Livermore Falls CSG, LLC",Solar Photovoltaic,Solar Generation,2.178,44.48002,-70.16987,ME,MW,0.004638353384548485,0.4509625919540823
Putah Creek Solar Farms LLC,Solar Photovoltaic,Solar Generation,1.98,38.524531,-121.9953,CA,MW,0.004203507754747065,0.431451953666995
NJR Clean Energy Ventures Corporation,Solar Photovoltaic,Solar Generation,2.64,40.535,-74.563,NJ,MW,0.005652993187418466,0.4670569400750495
Greenbacker Renewable Energy Corporation,Solar Photovoltaic,Solar Generation,0.99,43.00008,-78.79375,NY,MW,0.0020292796057399622,0.28893622872715063
Greenbacker Renewable Energy Corporation,Solar Photovoltaic,Solar Generation,1.4520000000000002,37.361706,-108.5247,CO,MW,0.0030439194086099436,0.39410879697637047
Greenbacker Renewable Energy Corporation,Solar Photovoltaic,Solar Generation,0.9239999999999999,40.941757,-76.89355,PA,MW,0.001884331062472822,0.2794824398408343
Greenbacker Renewable Energy Corporation,Solar Photovoltaic,Solar Generation,0.66,36.270668,-115.0465,NV,MW,0.0013045368894042616,0.14061018220347427
Greenbacker Renewable Energy Corporation,Solar Photovoltaic,Solar Generation,0.66,35.967777,-115.1468,NV,MW,0.0013045368894042616,0.14061018220347427
AES Distributed Energy,Solar Photovoltaic,Solar Generation,3.3000000000000003,44.2424,-69.7543,ME,MW,0.007102478620089869,0.505677771573954
"Blue Elk IV Solar, LLC",Solar Photovoltaic,Solar Generation,13.200000000000001,41.941,-84.035,MI,MW,0.02884476011016089,0.6114579956437564
"Blue Elk III Solar, LLC",Solar Photovoltaic,Solar Generation,13.200000000000001,42.516,-84.593,MI,MW,0.02884476011016089,0.6114579956437564
"Blue Elk VII Solar, LLC",Solar Photovoltaic,Solar Generation,8.25,43.087,-83.56749,MI,MW,0.01797361936512538,0.6020642322060996
"Blue Elk II Solar, LLC",Solar Photovoltaic,Solar Generation,13.200000000000001,42.504888,-84.477,MI,MW,0.02884476011016089,0.6114579956437564
"Blue Elk I Solar, LLC",Solar Photovoltaic,Solar Generation,13.200000000000001,41.919,-83.996,MI,MW,0.02884476011016089,0.6114579956437564
"Midcontinent Solar, LLC",Solar Photovoltaic,Solar Generation,13.200000000000001,42.970949,-84.158,MI,MW,0.02884476011016089,0.6114579956437564
"Greenstone Solar, LLC",Solar Photovoltaic,Solar Generation,13.200000000000001,41.942,-85.122,MI,MW,0.02884476011016089,0.6114579956437564
"Horus Louisiana 1, LLC",Solar Photovoltaic,Solar Generation,94.24800000000002,30.81981,-92.97176,LA,MW,0.20684157124220906,0.7552495234904486
"Newport Solar, LLC",Solar Photovoltaic,Solar Generation,118.80000000000001,35.668902,-91.18711,AR,MW,0.2607624293375852,0.7916755661375013
Standard Solar,Solar Photovoltaic,Solar Generation,3.3000000000000003,37.45383,-77.95682,VA,MW,0.007102478620089869,0.505677771573954
Standard Solar,Solar Photovoltaic,Solar Generation,3.3000000000000003,37.481141,-77.96789,VA,MW,0.007102478620089869,0.505677771573954
Standard Solar,Solar Photovoltaic,Solar Generation,3.3000000000000003,37.99997,-79.56874,VA,MW,0.007102478620089869,0.505677771573954
Standard Solar,Solar Photovoltaic,Solar Generation,1.98,37.229858,-78.27129,VA,MW,0.004203507754747065,0.431451953666995
Standard Solar,Solar Photovoltaic,Solar Generation,3.3000000000000003,37.52885,-77.95977,VA,MW,0.007102478620089869,0.505677771573954
Standard Solar,Solar Photovoltaic,Solar Generation,3.3000000000000003,37.09028,-77.48346,VA,MW,0.007102478620089869,0.505677771573954
Standard Solar,Solar Photovoltaic,Solar Generation,3.3000000000000003,37.18378,-78.81415,VA,MW,0.007102478620089869,0.505677771573954
Standard Solar,Solar Photovoltaic,Solar Generation,2.112,37.05622,-79.3051,VA,MW,0.004493404841281345,0.4494463843591777
Foster Clean Power A LLC,Solar Photovoltaic,Solar Generation,66,32.7559,-111.5548,AZ,MW,0.14480359472387302,0.714646916274308
Greenbacker Renewable Energy Corporation,Solar Photovoltaic,Solar Generation,13.926000000000002,42.507913,-73.83651,NY,MW,0.030439194086099436,0.6274064198685417
Tampa Electric Co,Solar Photovoltaic,Solar Generation,49.17,27.9788,-81.61015,FL,MW,0.1078417161907523,0.6674270695664446
Tampa Electric Co,Batteries,Electricity Storage,26.400000000000002,27.9788,-81.61015,FL,MW,0.07963185274109644,0.5301727691389413
Tampa Electric Co,Solar Photovoltaic,Solar Generation,16.5,27.955865,-82.20138,FL,MW,0.0360921872735179,0.6289400154412479
Tampa Electric Co,Batteries,Electricity Storage,9.9,27.955865,-82.20138,FL,MW,0.02961184473789516,0.4825737949439924
"Bartonsville Energy Facility, LLC",Solar Photovoltaic,Solar Generation,85.8,39.088731,-78.2399,VA,MW,0.18828815770401508,0.7460166390927557
AES Clean Energy,Solar Photovoltaic,Solar Generation,2.64,47.2355,-68.6183,ME,MW,0.005652993187418466,0.4670569400750495
AES Clean Energy,Solar Photovoltaic,Solar Generation,3.3000000000000003,47.2779,-68.5713,ME,MW,0.007102478620089869,0.505677771573954
Cypress Creek Renewables,Batteries,Electricity Storage,26.664,29.350992,-100.562,TX,MW,0.08043217286914765,0.540614321771458
Cypress Creek Renewables,Solar Photovoltaic,Solar Generation,105.60000000000001,29.350992,-100.562,TX,MW,0.23177272068415714,0.7827937664605176
"Onsite Partners, LLC",Solar Photovoltaic,Solar Generation,0.9239999999999999,41.614879,-83.55724,OH,MW,0.001884331062472822,0.2794824398408343
Greenbacker Renewable Energy Corporation,Solar Photovoltaic,Solar Generation,1.32,37.303925,-108.5795,CO,MW,0.002754022322075663,0.3275439767896132
Greenbacker Renewable Energy Corporation,Solar Photovoltaic,Solar Generation,3.3000000000000003,38.3881,-112.9946,UT,MW,0.007102478620089869,0.505677771573954
Greenbacker Renewable Energy Corporation,Solar Photovoltaic,Solar Generation,1.32,38.2245,-113.1054,UT,MW,0.002754022322075663,0.3275439767896132
"Acciona Energy USA Global, LLC",Solar Photovoltaic,Solar Generation,231,29.159228,-96.14157,TX,MW,0.5071749528917234,0.9217823347971332
Greenbacker Renewable Energy Corporation,Solar Photovoltaic,Solar Generation,1.32,39.30953,-76.97915,MD,MW,0.002754022322075663,0.3275439767896132
"Wyman Hill Solar, LLC",Solar Photovoltaic,Solar Generation,1.32,39.309529,-76.97915,MD,MW,0.002754022322075663,0.3275439767896132
Repsol Renewables NA,Batteries,Electricity Storage,13.200000000000001,36.316748,-107.2776,NM,MW,0.03961584633853542,0.49683531626299804
Repsol Renewables NA,Solar Photovoltaic,Solar Generation,33,36.316748,-107.2776,NM,MW,0.07232932309030295,0.6430846546424963
Greenbacker Renewable Energy Corporation,Solar Photovoltaic,Solar Generation,1.98,44.620811,-70.18953,ME,MW,0.004203507754747065,0.431451953666995
"Bowser Road Solar Project 2021, LLC",Solar Photovoltaic,Solar Generation,3.3000000000000003,43.986404,-73.17487,VT,MW,0.007102478620089869,0.505677771573954
Greenbacker Renewable Energy Corporation,Solar Photovoltaic,Solar Generation,3.3000000000000003,37.378286,-108.6149,CO,MW,0.007102478620089869,0.505677771573954
"Crane 2 BESS, LLC",Batteries,Electricity Storage,99,31.233457,-102.3085,TX,MW,0.29971988795518206,0.7091542255090751
"SR Snipesville III, LLC",Solar Photovoltaic,Solar Generation,70.62,31.697152,-82.76455,GA,MW,0.15494999275257285,0.7336216170562105
"SR DeSoto II, LLC",Solar Photovoltaic,Solar Generation,42.9,31.87042,-84.03574,GA,MW,0.09407160458037397,0.6590690859660374
"SR Ailey, LLC",Solar Photovoltaic,Solar Generation,52.800000000000004,32.193594,-82.53874,GA,MW,0.115813886070445,0.7020305213276591
AES Clean Energy,Solar Photovoltaic,Solar Generation,2.97,44.3352,-69.8401,ME,MW,0.006377735903754168,0.4863228265519096
"Arevon Energy, Inc.",Solar Photovoltaic,Solar Generation,5.61,42.0312,-97.48271,NE,MW,0.012175677634439774,0.5903228048580388
"Arevon Energy, Inc.",Batteries,Electricity Storage,1.3860000000000001,42.0312,-97.48271,NE,MW,0.0038015206082432974,0.2881806790818775
"Huxley Solar, LLC",Batteries,Electricity Storage,3.3000000000000003,42.197564,-72.48015,MA,MW,0.009603841536614645,0.3509743875366324
"Huxley Solar, LLC",Solar Photovoltaic,Solar Generation,3.3000000000000003,42.197564,-72.48015,MA,MW,0.007102478620089869,0.505677771573954
"Beacon Solar, LLC",Batteries,Electricity Storage,3.3000000000000003,42.284,-72.677,MA,MW,0.009603841536614645,0.3509743875366324
"Beacon Solar, LLC",Solar Photovoltaic,Solar Generation,3.3000000000000003,42.284,-72.677,MA,MW,0.007102478620089869,0.505677771573954
"Town of Amherst Solar, LLC",Batteries,Electricity Storage,1.6500000000000001,42.356,-72.479,MA,MW,0.004601840736294517,0.29477971031596156
"Town of Amherst Solar, LLC",Solar Photovoltaic,Solar Generation,1.6500000000000001,42.356,-72.479,MA,MW,0.003478765038411364,0.4082844803877832
"Crooked Lake Solar, LLC",Solar Photovoltaic,Solar Generation,115.5,35.914697,-89.78433,AR,MW,0.2535150021742282,0.7877227395920517
Invenergy Services LLC,Solar Photovoltaic,Solar Generation,165,38.748461,-88.54686,IL,MW,0.3622264096245833,0.8489242069179086
AES Clean Energy,Solar Photovoltaic,Solar Generation,132,32.575,-91.7884,LA,MW,0.2897521379910132,0.8017627624826315
"Madison Fields Solar Project, LLC",Solar Photovoltaic,Solar Generation,118.80000000000001,40.097108,-83.46869,OH,MW,0.2607624293375852,0.7916755661375013
"Westbound Solar 3, LLC",Solar Photovoltaic,Solar Generation,1.8479999999999999,41.860396,-72.72289,CT,MW,0.003913610668212784,0.42474151043915653
MN8 Energy LLC,Solar Photovoltaic,Solar Generation,18.150000000000002,38.535,-77.097,MD,MW,0.039715900855196405,0.6299663931725185
"North Central Valley Energy Storage, LLC",Batteries,Electricity Storage,87.12,38.015291,-121.0178,CA,MW,0.26370548219287715,0.6975665465430188
Generate Capital,Solar Photovoltaic,Solar Generation,3.3000000000000003,43.070426,-74.73077,NY,MW,0.007102478620089869,0.505677771573954
Generate Capital,Solar Photovoltaic,Solar Generation,3.3000000000000003,42.081843,-76.11289,NY,MW,0.007102478620089869,0.505677771573954
Generate Capital,Solar Photovoltaic,Solar Generation,3.3000000000000003,42.35131,-78.84824,NY,MW,0.007102478620089869,0.505677771573954
Generate Capital,Solar Photovoltaic,Solar Generation,1.32,41.33695,-74.55504,NY,MW,0.002754022322075663,0.3275439767896132
Generate Capital,Solar Photovoltaic,Solar Generation,1.32,41.535043,-74.32287,NY,MW,0.002754022322075663,0.3275439767896132
Generate Capital,Batteries,Electricity Storage,1.32,41.535043,-74.32287,NY,MW,0.003601440576230492,0.2593045002085185
Misenheimer Solar LLC,Solar Photovoltaic,Solar Generation,49.104000000000006,35.478126,-80.30013,NC,MW,0.10769676764748516,0.6671343393464969
"Pearl River Solar Park, LLC",Solar Photovoltaic,Solar Generation,115.5,32.550998,-89.73014,MS,MW,0.2535150021742282,0.7877227395920517
"Ragsdale Solar, LLC",Solar Photovoltaic,Solar Generation,66,32.550998,-90.00968,MS,MW,0.14480359472387302,0.714646916274308
Standard Solar,Solar Photovoltaic,Solar Generation,0.66,33.668,-117.383,CA,MW,0.0013045368894042616,0.14061018220347427
"NextGrid Peppertree, LLC",Solar Photovoltaic,Solar Generation,3.2340000000000004,44.050556,-70.30706,ME,MW,0.0069575300768227296,0.4978973555835699
"NextGrid Mastic, LLC",Solar Photovoltaic,Solar Generation,3.036,44.528235,-69.69731,ME,MW,0.006522684447021308,0.4907453586804188
"NextGrid Mangrove, LLC",Solar Photovoltaic,Solar Generation,3.036,44.15792,-70.19714,ME,MW,0.006522684447021308,0.4907453586804188
"NextGrid Cliffrose, LLC",Solar Photovoltaic,Solar Generation,1.32,44.061033,-70.1537,ME,MW,0.002754022322075663,0.3275439767896132
"Headwater Energy, LLC",Solar Photovoltaic,Solar Generation,5.148,38.663372,-107.9967,CO,MW,0.011161037831569793,0.588010795143022
Oklahoma Gas & Electric Co,Solar Photovoltaic,Solar Generation,3.3000000000000003,33.96895,-96.43461,OK,MW,0.007102478620089869,0.505677771573954
Blue Harvest Solar Park LLC,Solar Photovoltaic,Solar Generation,32.934,41.091714,-84.27437,OH,MW,0.0721843745470358,0.6417473530222153
Timber Road Solar Park,Solar Photovoltaic,Solar Generation,32.934,41.092297,-84.7257,OH,MW,0.0721843745470358,0.6417473530222153
"Morristown Solar II, LLC",Solar Photovoltaic,Solar Generation,3.3000000000000003,44.534193,-75.65947,NY,MW,0.007102478620089869,0.505677771573954
"Whaling Solar, LLC",Solar Photovoltaic,Solar Generation,2.112,43.191807,-75.18548,NY,MW,0.004493404841281345,0.4494463843591777
"TJA-NY-11202 Ridge Rd Medina, LLC",Solar Photovoltaic,Solar Generation,3.3000000000000003,43.267674,-78.39954,NY,MW,0.007102478620089869,0.505677771573954
Cutlass II Solar LLC,Solar Photovoltaic,Solar Generation,133.848,29.39,-95.78,TX,MW,0.29381069720249314,0.8305716925531493
"Eleven Mile Solar Center, LLC",Solar Photovoltaic,Solar Generation,198,32.86097,-111.5919,AZ,MW,0.4347006812581533,0.8792741632080008
"Eleven Mile Solar Center, LLC",Batteries,Electricity Storage,198,32.86097,-111.5919,AZ,MW,0.5998399359743898,0.8825412067479748
"Speedway Solar, LLC",Solar Photovoltaic,Solar Generation,131.34,39.613744,-85.65466,IN,MW,0.2883026525583418,0.8011486149740201
San Diego Gas & Electric Co,Batteries,Electricity Storage,6.6000000000000005,32.70363,-117.0498,CA,MW,0.0196078431372549,0.43649167310370846
San Diego Gas & Electric Co,Batteries,Electricity Storage,6.6000000000000005,32.825604,-117.1832,CA,MW,0.0196078431372549,0.43649167310370846
"Steel Solar, LLC",Solar Photovoltaic,Solar Generation,52.800000000000004,41.88605,-112.1817,UT,MW,0.115813886070445,0.7020305213276591
"Gravel Pit Solar, LLC",Solar Photovoltaic,Solar Generation,33,41.8889,-72.549,CT,MW,0.07232932309030295,0.6430846546424963
"Gravel Pit Solar, LLC",Solar Photovoltaic,Solar Generation,46.2,41.8889,-72.549,CT,MW,0.10131903174373098,0.6622080725299695
Riverstart Solar Park III LLC,Solar Photovoltaic,Solar Generation,66,40.055556,-85.12663,IN,MW,0.14480359472387302,0.714646916274308
"Proxima Solar, LLC",Batteries,Electricity Storage,106.92,37.40035,-121.1628,CA,MW,0.3237294917967187,0.7438481641051408
"Proxima Solar, LLC",Solar Photovoltaic,Solar Generation,125.4,37.40035,-121.1628,CA,MW,0.2752572836642992,0.7963317378577266
Ameresco HCE Solar LLC,Solar Photovoltaic,Solar Generation,2.97,39.46647,-107.2348,CO,MW,0.006377735903754168,0.4863228265519096
MN8 Energy LLC,Solar Photovoltaic,Solar Generation,3.3000000000000003,42.55,-79.15,NY,MW,0.007102478620089869,0.505677771573954
MN8 Energy LLC,Solar Photovoltaic,Solar Generation,3.3000000000000003,43.2,-76.12,NY,MW,0.007102478620089869,0.505677771573954
MN8 Energy LLC,Solar Photovoltaic,Solar Generation,2.31,43.160278,-76.28361,NY,MW,0.004928250471082766,0.4559259507673007
MN8 Energy LLC,Solar Photovoltaic,Solar Generation,1.4520000000000002,43.37,-76.46472,NY,MW,0.0030439194086099436,0.39410879697637047
"Horus West Virginia 1, LLC",Solar Photovoltaic,Solar Generation,63.36,39.263611,-77.83341,WV,MW,0.13900565299318743,0.7128473791836061
San Diego Gas & Electric Co,Batteries,Electricity Storage,6.6000000000000005,32.81638,-117.0889,CA,MW,0.0196078431372549,0.43649167310370846
San Diego Gas & Electric Co,Batteries,Electricity Storage,6.6000000000000005,32.66184,-116.2734,CA,MW,0.0196078431372549,0.43649167310370846
San Diego Gas & Electric Co,Batteries,Electricity Storage,6.6000000000000005,33.357667,-117.1117,CA,MW,0.0196078431372549,0.43649167310370846
San Diego Gas & Electric Co,Batteries,Electricity Storage,6.6000000000000005,33.207233,-117.2528,CA,MW,0.0196078431372549,0.43649167310370846
San Diego Gas & Electric Co,Batteries,Electricity Storage,6.6000000000000005,33.207233,-117.2528,CA,MW,0.0196078431372549,0.43649167310370846
Arkansas Electric Coop Corp,Solar Photovoltaic,Solar Generation,80.52000000000001,35.256256,-91.34019,AR,MW,0.1766922742426439,0.7422064632358064
Condor Energy Storage LLC,Batteries,Electricity Storage,132,34.020478,-117.3324,CA,MW,0.3997599039615847,0.7658985069236155
"Peregrine Energy Storage, LLC",Batteries,Electricity Storage,132,32.692425,-117.1366,CA,MW,0.3997599039615847,0.7658985069236155
Exus New Mexico,Solar Photovoltaic,Solar Generation,33,35.3709,-106.854,NM,MW,0.07232932309030295,0.6430846546424963
"Cutlass Solar 1, LLC",Solar Photovoltaic,Solar Generation,73.194,29.409669,-95.73405,TX,MW,0.16060298593999134,0.7368439441177858
Dominion Energy Inc.,Solar Photovoltaic,Solar Generation,83.82000000000001,37.86,-76.56,VA,MW,0.18393970140600088,0.7451627195071111
AES Clean Energy,Solar Photovoltaic,Solar Generation,41.25,38.28775,-77.84005,VA,MW,0.09044789099869546,0.6579367169783327
Madison Energy Holdings LLC,Solar Photovoltaic,Solar Generation,2.244,42.20618,-71.73999,MA,MW,0.004783301927815626,0.45463378297690915
MN8 Energy LLC,Solar Photovoltaic,Solar Generation,3.3000000000000003,43.46,-76.46472,NY,MW,0.007102478620089869,0.505677771573954
BPL Files Solar LLC,Solar Photovoltaic,Solar Generation,103.95,32.18398,-97.07141,TX,MW,0.22814900710247862,0.7822561589181463
Idaho Power Co,Batteries,Electricity Storage,52.800000000000004,43.35151,-116.6621,ID,MW,0.15966386554621848,0.6094328215196145
Idaho Power Co,Batteries,Electricity Storage,23.76,43.35151,-116.6621,ID,MW,0.07162865146058423,0.5261791661660058
Idaho Power Co,Batteries,Electricity Storage,26.400000000000002,42.908446,-115.1813,ID,MW,0.07963185274109644,0.5301727691389413
Idaho Power Co,Batteries,Electricity Storage,2.64,43.17756,-115.7167,ID,MW,0.007603041216486594,0.3457800080613508
Idaho Power Co,Batteries,Electricity Storage,1.32,42.57156,-114.5951,ID,MW,0.003601440576230492,0.2593045002085185
Idaho Power Co,Batteries,Electricity Storage,1.32,43.372252,-116.5609,ID,MW,0.003601440576230492,0.2593045002085185
Idaho Power Co,Batteries,Electricity Storage,1.98,44.24753,-116.9853,ID,MW,0.005602240896358543,0.31815622385713654
"Wonderful Renewable Energy, LLC.",Solar Photovoltaic,Solar Generation,3.5640000000000005,36.835981,-120.3205,CA,MW,0.00768227279315843,0.5768356845271504
"Wonderful Renewable Energy, LLC.",Solar Photovoltaic,Solar Generation,2.31,35.769028,-119.8685,CA,MW,0.004928250471082766,0.4559259507673007
"Superstition Energy Storage, LLC",Batteries,Electricity Storage,59.400000000000006,33.35898,-111.8311,AZ,MW,0.179671868747499,0.6186700169459393
"Sierra Estrella Energy Storage, LLC",Batteries,Electricity Storage,165,33.410802,-112.3138,AZ,MW,0.4997999199679872,0.8538112536785043
St. Gall Energy Storage I,Batteries,Electricity Storage,67.716,30.924381,-102.9536,TX,MW,0.20488195278111243,0.6605851859421126
Tidwell Prairie,Batteries,Electricity Storage,132,31.09828,-96.66368,TX,MW,0.3997599039615847,0.7658985069236155
Callisto I Energy Center,Batteries,Electricity Storage,147.44400000000002,29.646811,-95.45054,TX,MW,0.44657863145258103,0.8228365526804325
"Onsite Partners, LLC",Solar Photovoltaic,Solar Generation,3.828,46.39096,-94.14054,MN,MW,0.00826206696622699,0.5788702338487578
SolRiver Capital LLC,Solar Photovoltaic,Solar Generation,1.98,32.388399,-81.82055,GA,MW,0.004203507754747065,0.431451953666995
SolRiver Capital LLC,Solar Photovoltaic,Solar Generation,3.3000000000000003,34.983948,-79.27671,NC,MW,0.007102478620089869,0.505677771573954
SolRiver Capital LLC,Solar Photovoltaic,Solar Generation,1.98,32.387793,-81.81603,GA,MW,0.004203507754747065,0.431451953666995
SolRiver Capital LLC,Solar Photovoltaic,Solar Generation,1.914,44.487289,-121.2497,OR,MW,0.0040585592114799245,0.4278826698683019
SolRiver Capital LLC,Solar Photovoltaic,Solar Generation,1.98,33.318438,-82.08294,GA,MW,0.004203507754747065,0.431451953666995
SolRiver Capital LLC,Solar Photovoltaic,Solar Generation,1.914,44.629783,-123.0213,OR,MW,0.0040585592114799245,0.4278826698683019
SolRiver Capital LLC,Solar Photovoltaic,Solar Generation,3.3000000000000003,35.97964,-80.45767,NC,MW,0.007102478620089869,0.505677771573954
SolRiver Capital LLC,Solar Photovoltaic,Solar Generation,1.98,32.93,-84.28,GA,MW,0.004203507754747065,0.431451953666995
SolRiver Capital LLC,Solar Photovoltaic,Solar Generation,1.98,45.101889,-123.4092,OR,MW,0.004203507754747065,0.431451953666995
SolRiver Capital LLC,Solar Photovoltaic,Solar Generation,1.98,45.028153,-123.0969,OR,MW,0.004203507754747065,0.431451953666995
SolRiver Capital LLC,Solar Photovoltaic,Solar Generation,3.3000000000000003,35.27917,-78.3704,NC,MW,0.007102478620089869,0.505677771573954
"Yellow Pine Solar, LLC",Batteries,Electricity Storage,42.9,36.066269,-115.7751,NV,MW,0.12965186074429771,0.5863626646977593
"Yellow Pine Solar, LLC",Solar Photovoltaic,Solar Generation,82.5,36.066269,-115.7751,NV,MW,0.18104073054065808,0.7430460351781091
"Virginia Line Solar, LLC",Solar Photovoltaic,Solar Generation,23.1,36.523774,-78.28536,NC,MW,0.05058704160023192,0.632805759607295
"Ruler Solar Partners, LLC",Solar Photovoltaic,Solar Generation,3.2340000000000004,44.656306,-75.49711,NY,MW,0.0069575300768227296,0.4978973555835699
"Royal Solar Partners, LLC",Solar Photovoltaic,Solar Generation,3.3000000000000003,44.656306,-75.49844,NY,MW,0.007102478620089869,0.505677771573954
Cypress Creek Renewables,Solar Photovoltaic,Solar Generation,13.200000000000001,41.39915,-79.39588,PA,MW,0.02884476011016089,0.6114579956437564
"Erie Solar, LLC",Solar Photovoltaic,Solar Generation,13.200000000000001,42.0131,-80.30728,PA,MW,0.02884476011016089,0.6114579956437564
Indiana Municipal Power Agency,Solar Photovoltaic,Solar Generation,0.9239999999999999,40.0652,-85.53668,IN,MW,0.001884331062472822,0.2794824398408343
Indiana Municipal Power Agency,Solar Photovoltaic,Solar Generation,2.9040000000000004,39.8136,-84.95814,IN,MW,0.006232787360487028,0.4842147282503652
Duke Energy Renewables Services,Solar Photovoltaic,Solar Generation,66,34.962,-90.184,MS,MW,0.14480359472387302,0.714646916274308
Navisun LLC,Solar Photovoltaic,Solar Generation,2.97,44.587076,-69.55082,ME,MW,0.006377735903754168,0.4863228265519096
"Strata Manager, LLC",Solar Photovoltaic,Solar Generation,1.32,36.51703,-79.70923,NC,MW,0.002754022322075663,0.3275439767896132
"Strata Manager, LLC",Solar Photovoltaic,Solar Generation,3.3000000000000003,34.98247,-78.31906,NC,MW,0.007102478620089869,0.505677771573954
"Strata Manager, LLC",Solar Photovoltaic,Solar Generation,3.3000000000000003,34.922572,-79.65445,NC,MW,0.007102478620089869,0.505677771573954
"Strata Manager, LLC",Solar Photovoltaic,Solar Generation,3.3000000000000003,34.974485,-79.99161,NC,MW,0.007102478620089869,0.505677771573954
"Strata Manager, LLC",Solar Photovoltaic,Solar Generation,3.3000000000000003,36.455422,-77.88511,NC,MW,0.007102478620089869,0.505677771573954
"Strata Manager, LLC",Solar Photovoltaic,Solar Generation,1.98,35.22732,-78.03749,NC,MW,0.004203507754747065,0.431451953666995
SolRiver Capital LLC,Solar Photovoltaic,Solar Generation,3.3000000000000003,34.862599,-79.14071,NC,MW,0.007102478620089869,0.505677771573954
SolRiver Capital LLC,Solar Photovoltaic,Solar Generation,1.914,45.392661,-122.3427,OR,MW,0.0040585592114799245,0.4278826698683019
"Arevon Energy, Inc.",Solar Photovoltaic,Solar Generation,3.3000000000000003,43.134,-77.38,NY,MW,0.007102478620089869,0.505677771573954
"Arevon Energy, Inc.",Solar Photovoltaic,Solar Generation,3.2340000000000004,43.897,-69.947,ME,MW,0.0069575300768227296,0.4978973555835699
NY USLE Albion Long Bridge A LLC,Solar Photovoltaic,Solar Generation,3.3000000000000003,43.22669,-78.28802,NY,MW,0.007102478620089869,0.505677771573954
NY USLE Oswego SR104 LLC,Solar Photovoltaic,Solar Generation,3.3000000000000003,43.472383,-76.34096,NY,MW,0.007102478620089869,0.505677771573954
NY USLE Rome Rome-Oriskany LLC,Solar Photovoltaic,Solar Generation,2.31,43.193134,-75.42758,NY,MW,0.004928250471082766,0.4559259507673007
"Cereal City Solar, LLC",Solar Photovoltaic,Solar Generation,66,42.305798,-85.03225,MI,MW,0.14480359472387302,0.714646916274308
"Goleta Energy Storage, LLC",Batteries,Electricity Storage,39.6,34.432367,-119.8681,CA,MW,0.11964785914365746,0.5769378019295782
"Signal Street Operating, LLC",Solar Photovoltaic,Solar Generation,1.1880000000000002,33.719111,-118.2726,CA,MW,0.002464125235541383,0.3143414461503724
"Altus Power America Management, LLC",Solar Photovoltaic,Solar Generation,2.706,46.909,-68.046,ME,MW,0.005797941730685606,0.4791479849903564
"Altus Power America Management, LLC",Solar Photovoltaic,Solar Generation,2.706,46.93905,-67.92889,ME,MW,0.005797941730685606,0.4791479849903564
"NTUA Generation - Utah, LLC",Solar Photovoltaic,Solar Generation,47.52,37.120814,-109.4115,UT,MW,0.1042180026090738,0.6659667524208462
"Chaves County Solar II, LLC",Solar Photovoltaic,Solar Generation,19.8,33.434335,-104.4476,NM,MW,0.04333961443687491,0.630480793017977
"Buena Vista Energy Center, LLC",Batteries,Electricity Storage,33,32.066593,-106.2853,NM,MW,0.09963985594237694,0.5487176518535749
"Buena Vista Energy Center, LLC",Solar Photovoltaic,Solar Generation,79.2,32.066593,-106.2853,NM,MW,0.17379330337730106,0.7384768787707381
Grizzly Ridge Solar LLC,Solar Photovoltaic,Solar Generation,66,31.738177,-98.21374,TX,MW,0.14480359472387302,0.714646916274308
Hayhurst New Mexico Solar,Solar Photovoltaic,Solar Generation,13.200000000000001,32.070736,-104.1616,NM,MW,0.02884476011016089,0.6114579956437564
Indiana Municipal Power Agency,Solar Photovoltaic,Solar Generation,0.9239999999999999,39.79603,-85.50854,IN,MW,0.001884331062472822,0.2794824398408343
Indiana Municipal Power Agency,Solar Photovoltaic,Solar Generation,6.534000000000001,38.67826,-87.20084,IN,MW,0.014204957240179738,0.5914831084926135
Pine Gate Renewables,Solar Photovoltaic,Solar Generation,26.400000000000002,34.052037,-82.7222,GA,MW,0.05783446876358893,0.6351477586980512
Dane County Solar LLC,Solar Photovoltaic,Solar Generation,11.418000000000001,43.0466,-89.23931,WI,MW,0.02493114944194811,0.6083017681296595
"Five Wells Solar Center, LLC",Batteries,Electricity Storage,173.25,30.998647,-97.25902,TX,MW,0.5248099239695878,0.8651114442543509
"Five Wells Solar Center, LLC",Solar Photovoltaic,Solar Generation,234.564,30.998647,-97.25902,TX,MW,0.515002174228149,0.9239549675688125
"Westside Solar, LLC (Ecofin)",Solar Photovoltaic,Solar Generation,2.31,44.053575,-92.54849,MN,MW,0.004928250471082766,0.4559259507673007
"Westside Solar, LLC (Ecofin)",Solar Photovoltaic,Solar Generation,4.29,44.053575,-92.54849,MN,MW,0.009276706769096971,0.5827347785463112
"Wellhead Services, Inc",Batteries,Electricity Storage,45.408,33.806779,-117.9886,CA,MW,0.1372549019607843,0.5924554600185381
"ELP Livingston Solar, LLC",Solar Photovoltaic,Solar Generation,3.3000000000000003,42.169,-73.767080000000007,NY,MW,0.007102478620089869,0.505677771573954
"ELP Claverack Solar, LLC",Solar Photovoltaic,Solar Generation,3.3000000000000003,42.248364,-73.73802,NY,MW,0.007102478620089869,0.505677771573954
"Emerald Marshfield, LLC",Solar Photovoltaic,Solar Generation,1.254,42.099331,-70.71459,MA,MW,0.002609073778808523,0.3214937248300043
"Emerald Kemble, LLC",Solar Photovoltaic,Solar Generation,0.792,40.768436,-74.49874,NJ,MW,0.0015944339759385417,0.25779353676419364
"Emerald Kemble, LLC",Solar Photovoltaic,Solar Generation,0.792,40.768436,-74.49874,NJ,MW,0.0015944339759385417,0.25779353676419364
United States Solar Corporation,Solar Photovoltaic,Solar Generation,1.32,39.09194,-108.4231,CO,MW,0.002754022322075663,0.3275439767896132
United States Solar Corporation,Solar Photovoltaic,Solar Generation,0.66,44.19168,-93.19052,MN,MW,0.0013045368894042616,0.14061018220347427
United States Solar Corporation,Solar Photovoltaic,Solar Generation,0.66,44.47057,-95.06007,MN,MW,0.0013045368894042616,0.14061018220347427
United States Solar Corporation,Solar Photovoltaic,Solar Generation,1.584,40.464272,-104.6102,CO,MW,0.0033338164951442237,0.4043151340830314
CleanCapital Holdings,Solar Photovoltaic,Solar Generation,3.3000000000000003,42.30895,-77.0403,NY,MW,0.007102478620089869,0.505677771573954
AES Clean Energy,Solar Photovoltaic,Solar Generation,3.3000000000000003,41.621053,-71.05525,MA,MW,0.007102478620089869,0.505677771573954
AES Clean Energy,Solar Photovoltaic,Solar Generation,2.64,42.8691,-73.6153,NY,MW,0.005652993187418466,0.4670569400750495
Terra-Gen Operating Co-BESS 2,Batteries,Electricity Storage,76.956,33.92444,-116.9876,CA,MW,0.23289315726290513,0.6737986373538911
Terra-Gen Operating Co-BESS 2,Batteries,Electricity Storage,58.080000000000005,34.41,-118.45,CA,MW,0.1756702681072429,0.6168039308785273
"Paris Farm Solar, LLC",Solar Photovoltaic,Solar Generation,158.4,33.599167,-95.52506,TX,MW,0.34773155529786925,0.8436170478325083
CleanCapital Holdings,Solar Photovoltaic,Solar Generation,1.518,42.157714,-75.04511,NY,MW,0.0031888679518770834,0.39722094397509977
"Catalyze Blackstone 83 Federal Street Microgrid, LLC",Solar Photovoltaic,Solar Generation,2.7720000000000002,42.026499,-71.5285,MA,MW,0.005942890273952748,0.48020451222404453
"Catalyze Blackstone 83 Federal Street Microgrid, LLC",Batteries,Electricity Storage,1.98,42.026499,-71.5285,MA,MW,0.005602240896358543,0.31815622385713654
Catalyze Mira Loma 3251 De Forest Circle Microgrid LLC,Solar Photovoltaic,Solar Generation,2.97,34.026711,-117.5211,CA,MW,0.006377735903754168,0.4863228265519096
United States Solar Corporation,Solar Photovoltaic,Solar Generation,0.66,44.728051,-93.96013,MN,MW,0.0013045368894042616,0.14061018220347427
Pivot Energy,Solar Photovoltaic,Solar Generation,0.66,45.598748,-94.86283,MN,MW,0.0013045368894042616,0.14061018220347427
Pivot Energy,Solar Photovoltaic,Solar Generation,0.66,44.125941,-93.27715,MN,MW,0.0013045368894042616,0.14061018220347427
"Moyer Solar, LLC",Solar Photovoltaic,Solar Generation,3.3000000000000003,36.419826,-79.9071,NC,MW,0.007102478620089869,0.505677771573954
Generate Capital,Solar Photovoltaic,Solar Generation,1.32,41.42453,-74.36029,NY,MW,0.002754022322075663,0.3275439767896132
Generate Capital,Batteries,Electricity Storage,1.32,41.42453,-74.36029,NY,MW,0.003601440576230492,0.2593045002085185
Generate Capital,Solar Photovoltaic,Solar Generation,2.442,43.31085,-77.78582,NY,MW,0.0052181475576170465,0.46257535158733415
Generate Capital,Solar Photovoltaic,Solar Generation,3.3000000000000003,43.19567,-75.26312,NY,MW,0.007102478620089869,0.505677771573954
"Nova Power, LLC",Batteries,Electricity Storage,151.8,33.739005,-117.1698,CA,MW,0.4597839135654262,0.8312940722550702
"Nova Power, LLC",Batteries,Electricity Storage,151.8,33.739005,-117.1698,CA,MW,0.4597839135654262,0.8312940722550702
"Nova Power, LLC",Batteries,Electricity Storage,33,33.739005,-117.1698,CA,MW,0.09963985594237694,0.5487176518535749
"Nova Power, LLC",Batteries,Electricity Storage,72.60000000000001,33.739005,-117.1698,CA,MW,0.21968787515006002,0.6660082290082544
"Nova Power, LLC",Batteries,Electricity Storage,39.6,33.739005,-117.1698,CA,MW,0.11964785914365746,0.5769378019295782
"Magruder Solar, LLC",Solar Photovoltaic,Solar Generation,3.3000000000000003,41.602936,-74.1377,NY,MW,0.007102478620089869,0.505677771573954
Convergent Energy and Power LP,Batteries,Electricity Storage,3.3000000000000003,43.147448,-76.08677,NY,MW,0.009603841536614645,0.3509743875366324
Convergent Energy and Power LP,Solar Photovoltaic,Solar Generation,3.3000000000000003,43.147448,-76.08677,NY,MW,0.007102478620089869,0.505677771573954
Convergent Energy and Power LP,Batteries,Electricity Storage,3.3000000000000003,43.151269,-76.08879,NY,MW,0.009603841536614645,0.3509743875366324
Convergent Energy and Power LP,Solar Photovoltaic,Solar Generation,3.3000000000000003,43.151269,-76.08879,NY,MW,0.007102478620089869,0.505677771573954
"Solar DG NY Sunnyside 1, LLC",Solar Photovoltaic,Solar Generation,3.3000000000000003,42.836275,-73.94395,NY,MW,0.007102478620089869,0.505677771573954
EnerSmart Chula Vista Sub Station,Batteries,Electricity Storage,1.98,32.5945,-117.0507,CA,MW,0.005602240896358543,0.31815622385713654
EnerSmart Chula Vista Sub Station,Batteries,Electricity Storage,1.98,32.5945,-117.0507,CA,MW,0.005602240896358543,0.31815622385713654
West Tambo Clean Power II,Solar Photovoltaic,Solar Generation,1.32,37.360955,-120.7194,CA,MW,0.002754022322075663,0.3275439767896132
"7th Road Solar 1, LLC (Briscoe 1A)",Solar Photovoltaic,Solar Generation,1.32,41.207028,-89.03174,IL,MW,0.002754022322075663,0.3275439767896132
"7th Road Solar 2, LLC (Briscoe 2A)",Solar Photovoltaic,Solar Generation,1.32,41.172704,-89.02877,IL,MW,0.002754022322075663,0.3275439767896132
Catalyze Manteca 730 Spreckels Avenue Microgrid LLC,Solar Photovoltaic,Solar Generation,0.99,37.788679,-121.1945,CA,MW,0.0020292796057399622,0.28893622872715063
Catalyze Manteca 730 Spreckels Avenue Microgrid LLC,Batteries,Electricity Storage,0.99,37.788679,-121.1945,CA,MW,0.0026010404161664665,0.24120340063431392
"SOL ME Augusta 13 York Farm, LLC",Solar Photovoltaic,Solar Generation,0.66,44.328818,-69.81961,ME,MW,0.0013045368894042616,0.14061018220347427
"Catalyze Houston Express Lane Microgrid, LLC",Solar Photovoltaic,Solar Generation,1.254,29.825138,-95.24706,TX,MW,0.002609073778808523,0.3214937248300043
"Catalyze Sunnyvale 367 Long Creek Road Microgrid, LLC",Solar Photovoltaic,Solar Generation,1.32,32.77442,-96.56668,TX,MW,0.002754022322075663,0.3275439767896132
Afton Solar LLC,Solar Photovoltaic,Solar Generation,3.3000000000000003,42.242298,-75.53364,NY,MW,0.007102478620089869,0.505677771573954
Amherst Community Solar LLC,Solar Photovoltaic,Solar Generation,3.3000000000000003,43.049931,-78.74605,NY,MW,0.007102478620089869,0.505677771573954
"Solitude Solar Dix Duvall Rd Microgrid, LLC",Solar Photovoltaic,Solar Generation,3.3000000000000003,42.294646,-76.94717,NY,MW,0.007102478620089869,0.505677771573954
Greene Community Solar LLC,Solar Photovoltaic,Solar Generation,3.3000000000000003,42.252071,-75.82642,NY,MW,0.007102478620089869,0.505677771573954
"SL Fredonia, LLC",Solar Photovoltaic,Solar Generation,3.3000000000000003,42.431064,-79.30247,NY,MW,0.007102478620089869,0.505677771573954
NYSolar03 LLC,Solar Photovoltaic,Solar Generation,3.3000000000000003,42.847208,-77.71827,NY,MW,0.007102478620089869,0.505677771573954
Grand Island Sunrise LLC,Solar Photovoltaic,Solar Generation,3.3000000000000003,43.027501,-78.92066,NY,MW,0.007102478620089869,0.505677771573954
"AC Power 14, LLC",Solar Photovoltaic,Solar Generation,3.3000000000000003,42.952629,-78.61796,NY,MW,0.007102478620089869,0.505677771573954
"AC Power 14, LLC",Solar Photovoltaic,Solar Generation,3.4320000000000004,44.678878,-74.96407,NY,MW,0.0073923757066241495,0.5759338786687794
"Potsdam Community Solar 2, LLC",Solar Photovoltaic,Solar Generation,2.9040000000000004,44.678878,-74.96407,NY,MW,0.006232787360487028,0.4842147282503652
Bright Canyon Energy,Solar Photovoltaic,Solar Generation,6.6000000000000005,33.7841,-118.0509,CA,MW,0.014349905783446878,0.5924134611575484
Bright Canyon Energy,Batteries,Electricity Storage,6.6000000000000005,33.7841,-118.0509,CA,MW,0.0196078431372549,0.43649167310370846
Bright Canyon Energy,Solar Photovoltaic,Solar Generation,6.6000000000000005,33.7899,-118.0639,CA,MW,0.014349905783446878,0.5924134611575484
Bright Canyon Energy,Batteries,Electricity Storage,6.6000000000000005,33.7899,-118.0639,CA,MW,0.0196078431372549,0.43649167310370846
"Solar DG MD Holabird Broening ACC, LLC",Solar Photovoltaic,Solar Generation,0.99,39.270749,-76.55053,MD,MW,0.0020292796057399622,0.28893622872715063
"Solar DG MD Holabird Broening ACC, LLC",Solar Photovoltaic,Solar Generation,0.99,39.270749,-76.55133,MD,MW,0.0020292796057399622,0.28893622872715063
"Solar DG MD Holabird AJCFB, LLC",Solar Photovoltaic,Solar Generation,0.99,39.273131,-76.54599,MD,MW,0.0020292796057399622,0.28893622872715063
"Solar DG MD Holabird AJCFB, LLC",Solar Photovoltaic,Solar Generation,0.99,39.273278,-76.54443,MD,MW,0.0020292796057399622,0.28893622872715063
Shamrock Wind LLC,Batteries,Electricity Storage,66,30.936,-101.607,TX,MW,0.1996798719487795,0.6262351124790859
"Chesapeake Solar Project, LLC",Solar Photovoltaic,Solar Generation,87.12,36.685103,-76.29661,VA,MW,0.1911871285693579,0.7473054587885021
Bulldog Solar LLC,Solar Photovoltaic,Solar Generation,52.800000000000004,33.371,-82.678,GA,MW,0.115813886070445,0.7020305213276591
"Cane Creek Solar, LLC",Solar Photovoltaic,Solar Generation,51.81,31.976997,-88.88758,MS,MW,0.1136396579214379,0.7003370826003508
"Moonshot Solar, LLC",Solar Photovoltaic,Solar Generation,51.81,30.437172,-89.5029,MS,MW,0.1136396579214379,0.7003370826003508
"Duke Energy Florida, LLC",Solar Photovoltaic,Solar Generation,49.434000000000005,30.282497,-83.29823,FL,MW,0.10842151036382086,0.6910907819611026
"Wolverine Solar, LLC",Solar Photovoltaic,Solar Generation,0.66,44.96188,-95.49305,MN,MW,0.0013045368894042616,0.14061018220347427
"Black Mesa Solar, LLC",Solar Photovoltaic,Solar Generation,26.400000000000002,42.90741,-115.1815,ID,MW,0.05783446876358893,0.6351477586980512
PPM Solar LLC,Solar Photovoltaic,Solar Generation,1.32,37.5473,-95.8177,KS,MW,0.002754022322075663,0.3275439767896132
PPM Solar LLC,Solar Photovoltaic,Solar Generation,1.6500000000000001,33.155767,-97.25464,TX,MW,0.003478765038411364,0.4082844803877832
PPM Solar LLC,Solar Photovoltaic,Solar Generation,6.6000000000000005,32.494346,-101.2766,TX,MW,0.014349905783446878,0.5924134611575484
Crane Garden LLC,Solar Photovoltaic,Solar Generation,0.5940000000000001,44.909,-94.0327,MN,MW,0.0011595883461371214,0.1300710380939846
"San Juan Solar I, LLC",Solar Photovoltaic,Solar Generation,132,36.842533,-108.3514,NM,MW,0.2897521379910132,0.8017627624826315
"San Juan Solar I, LLC",Batteries,Electricity Storage,66,36.842533,-108.3514,NM,MW,0.1996798719487795,0.6262351124790859
Sunlight Storage II,Batteries,Electricity Storage,151.8,33.809536,-115.7939,CA,MW,0.4597839135654262,0.8312940722550702
Fox Garden LLC,Solar Photovoltaic,Solar Generation,0.5940000000000001,43.975105,-93.49155,MN,MW,0.0011595883461371214,0.1300710380939846
Pepin Garden LLC,Solar Photovoltaic,Solar Generation,0.5940000000000001,44.3163,-91.9954,MN,MW,0.0011595883461371214,0.1300710380939846
Pickerel Garden LLC,Solar Photovoltaic,Solar Generation,0.5940000000000001,45.4295,-94.0237,MN,MW,0.0011595883461371214,0.1300710380939846
Sturgeon Garden LLC,Solar Photovoltaic,Solar Generation,0.5940000000000001,44.3845,-92.5712,MN,MW,0.0011595883461371214,0.1300710380939846
Winona Garden LLC,Solar Photovoltaic,Solar Generation,0.5940000000000001,44.10649,-91.92889,MN,MW,0.0011595883461371214,0.1300710380939846
North Kingstown Solar LLC,Solar Photovoltaic,Solar Generation,1.254,41.543781,-71.44733,RI,MW,0.002609073778808523,0.3214937248300043
Phillips Route 82 Solar LLC,Solar Photovoltaic,Solar Generation,3.3000000000000003,41.65,-73.75,NY,MW,0.007102478620089869,0.505677771573954
White Rock Road LLC,Solar Photovoltaic,Solar Generation,4.29,41.400949,-71.8395,RI,MW,0.009276706769096971,0.5827347785463112
French King Solar LLC,Solar Photovoltaic,Solar Generation,3.3000000000000003,42.5945,-72.4895,MA,MW,0.007102478620089869,0.505677771573954
Green Correctional Coxsackie NY Solar LLC,Solar Photovoltaic,Solar Generation,3.3000000000000003,42.35,-73.85,NY,MW,0.007102478620089869,0.505677771573954
AES Clean Energy,Batteries,Electricity Storage,49.5,34.609183,-117.4543,CA,MW,0.14965986394557823,0.6004115935114015
AES Clean Energy,Solar Photovoltaic,Solar Generation,99,34.609183,-117.4543,CA,MW,0.21727786635744312,0.7589047549619988
San Diego Gas & Electric Co,Batteries,Electricity Storage,4.8180000000000005,33.270508,-116.347,CA,MW,0.014205682272909163,0.385977342394645
"Beckwith Solar, LLC",Solar Photovoltaic,Solar Generation,3.3000000000000003,34.151927,-78.89158,NC,MW,0.007102478620089869,0.505677771573954
Greenbacker Renewable Energy Corporation,Solar Photovoltaic,Solar Generation,3.168,34.212521,-119.1297,CA,MW,0.0068125815335555884,0.4945325675245881
"Arthur Solar 2, LLC",Solar Photovoltaic,Solar Generation,3.3000000000000003,34.172948,-78.83556,NC,MW,0.007102478620089869,0.505677771573954
Cross Town Energy Storage LLC,Batteries,Electricity Storage,115.5,43.683001,-70.39824,ME,MW,0.3497398959583834,0.7519894460607922
Wolf Tank Storage LLC,Batteries,Electricity Storage,99,27.577207,-99.27602,TX,MW,0.29971988795518206,0.7091542255090751
Cald BESS LLC,Batteries,Electricity Storage,66,33.955872,-118.2321,CA,MW,0.1996798719487795,0.6262351124790859
"AFTW Storage, LLC",Batteries,Electricity Storage,0.792,35.095124,-119.0659,CA,MW,0.0020008003201280513,0.22855957299050336
Resurgence Solar II,Solar Photovoltaic,Solar Generation,31.68,35.00656,-117.5448,CA,MW,0.06943035222496013,0.6404159844770693
Resurgence Solar II,Batteries,Electricity Storage,26.400000000000002,35.00656,-117.5448,CA,MW,0.07963185274109644,0.5301727691389413
Valta Energy,Solar Photovoltaic,Solar Generation,0.8580000000000001,34.0878,-117.5872,CA,MW,0.001739382519205682,0.269152128131917
"Harvest Gold Solar Power, LLC",Solar Photovoltaic,Solar Generation,65.34,33.505,-90.636,MS,MW,0.14335410929120163,0.7135652590019975
"Double Back Diamond Solar Power, LLC",Solar Photovoltaic,Solar Generation,391.248,39.53729,-89.80978,IL,MW,0.8591100159443397,0.9718050750806841
"Prairie Mist Solar Project, LLC",Solar Photovoltaic,Solar Generation,72.072,33.255423,-91.66895,AR,MW,0.15813886070444994,0.7348233132151937
"Wadley Solar, LLC",Solar Photovoltaic,Solar Generation,171.6,32.820018,-82.40879,GA,MW,0.3767212639512973,0.8733254393261481
"Sonoran Solar Energy, LLC",Solar Photovoltaic,Solar Generation,323.40000000000003,33.248767,-112.5424,AZ,MW,0.7101029134657196,0.945090890844848
"Sonoran Solar Energy, LLC",Batteries,Electricity Storage,171.6,33.248767,-112.5424,AZ,MW,0.5198079231692677,0.8612043513867885
"Birch Creek Power, LLC",Solar Photovoltaic,Solar Generation,19.8,39.28345,-92.14203,MO,MW,0.04333961443687491,0.630480793017977
"Birch Creek Power, LLC",Solar Photovoltaic,Solar Generation,33,39.156733,-91.84798,MO,MW,0.07232932309030295,0.6430846546424963
"Birch Creek Power, LLC",Solar Photovoltaic,Solar Generation,23.1,40.935947,-89.28789,IL,MW,0.05058704160023192,0.632805759607295
"Birch Creek Power, LLC",Solar Photovoltaic,Solar Generation,23.1,40.891816,-90.66881,IL,MW,0.05058704160023192,0.632805759607295
"Birch Creek Power, LLC",Solar Photovoltaic,Solar Generation,33,38.050106,-89.21268,IL,MW,0.07232932309030295,0.6430846546424963
"Birch Creek Power, LLC",Solar Photovoltaic,Solar Generation,33,40.182668,-89.72027,IL,MW,0.07232932309030295,0.6430846546424963
Adams Solar LLC (PA),Solar Photovoltaic,Solar Generation,52.800000000000004,39.879553,-77.19723,PA,MW,0.115813886070445,0.7020305213276591
Caden Energix Axton LLC,Solar Photovoltaic,Solar Generation,43.56,36.667889,-79.75501,VA,MW,0.09552109001304539,0.6604913049685351
AES Clean Energy,Batteries,Electricity Storage,66,32.951288,-113.4905,AZ,MW,0.1996798719487795,0.6262351124790859
AES Clean Energy,Solar Photovoltaic,Solar Generation,132,32.951288,-113.4905,AZ,MW,0.2897521379910132,0.8017627624826315
AES Clean Energy,Batteries,Electricity Storage,99,32.957479,-113.476,AZ,MW,0.29971988795518206,0.7091542255090751
AES Clean Energy,Solar Photovoltaic,Solar Generation,198,32.957479,-113.476,AZ,MW,0.4347006812581533,0.8792741632080008
"Duke Energy Florida, LLC",Solar Photovoltaic,Solar Generation,49.434000000000005,30.3436,-83.1562,FL,MW,0.10842151036382086,0.6910907819611026
"Kiowa County Solar Project, LLC",Solar Photovoltaic,Solar Generation,66,34.669592,-98.96231,OK,MW,0.14480359472387302,0.714646916274308
Dunns Bridge Solar Center LLC,Solar Photovoltaic,Solar Generation,174.9,41.17257,-87.00726,IN,MW,0.38396869111465426,0.8756593880697127
"ELP Kipp Solar, LLC",Solar Photovoltaic,Solar Generation,2.31,42.20193,-73.78298,NY,MW,0.004928250471082766,0.4559259507673007
"Martin County Solar Project, LLC",Solar Photovoltaic,Solar Generation,73.26,37.765452,-82.47413,KY,MW,0.16074793448325847,0.7372507913225411
"Blackwell Test Facility, LLC",Batteries,Electricity Storage,1.32,35.618402,-119.8407,CA,MW,0.003601440576230492,0.2593045002085185
"Long Lake Solar, LLC",Solar Photovoltaic,Solar Generation,132,34.468646,-90.61511,AR,MW,0.2897521379910132,0.8017627624826315
Bear Canyon Energy Storage,Batteries,Electricity Storage,8.58,38.762781,-122.6928,CA,MW,0.025610244097639057,0.4786001114201164
KDC Solar CV Ascend One LLC,Solar Photovoltaic,Solar Generation,1.32,39.31771,-76.98454,MD,MW,0.002754022322075663,0.3275439767896132
KDC Solar CV Cedar Lane Park LLC,Solar Photovoltaic,Solar Generation,1.32,39.314718,-76.97887,MD,MW,0.002754022322075663,0.3275439767896132
KDC Solar CV Central MD Regional Transit LLC,Solar Photovoltaic,Solar Generation,1.32,39.311,-76.978,MD,MW,0.002754022322075663,0.3275439767896132
KDC Solar CV Animal Control LLC,Solar Photovoltaic,Solar Generation,1.32,39.314718,-76.97887,MD,MW,0.002754022322075663,0.3275439767896132
KDC Solar CV O'Donnell Property LLC,Solar Photovoltaic,Solar Generation,1.32,39.311,-76.978,MD,MW,0.002754022322075663,0.3275439767896132
Malaga BESS LLC,Batteries,Electricity Storage,64.02,36.6905,-119.7404,CA,MW,0.19367747098839536,0.6224318887246736
Hanford BESS LLC,Batteries,Electricity Storage,65.60400000000001,36.269531,-119.6487,CA,MW,0.19847939175670268,0.6233787337158158
Henrietta BESS LLC,Batteries,Electricity Storage,65.60400000000001,36.240156,-119.9044,CA,MW,0.19847939175670268,0.6233787337158158
Hanford BESS LLC,Batteries,Electricity Storage,21.12,36.269531,-119.6487,CA,MW,0.06362545018007203,0.5190148022306739
Dublin Street LLC,Solar Photovoltaic,Solar Generation,3.2340000000000004,44.70049,-67.46977,ME,MW,0.0069575300768227296,0.4978973555835699
"Tumbleweed Energy Storage, LLC",Batteries,Electricity Storage,33,34.83427,-118.339,CA,MW,0.09963985594237694,0.5487176518535749
"Tumbleweed Energy Storage, LLC",Batteries,Electricity Storage,49.5,34.83427,-118.339,CA,MW,0.14965986394557823,0.6004115935114015
Standard Solar,Solar Photovoltaic,Solar Generation,0.66,34.835677,-118.1468,CA,MW,0.0013045368894042616,0.14061018220347427
West Ford Flat Energy Storage,Batteries,Electricity Storage,16.5,38.788111,-122.7218,CA,MW,0.04961984793917567,0.5094970960062994
Copia Power,Solar Photovoltaic,Solar Generation,99,33.44065,-113.1352,AZ,MW,0.21727786635744312,0.7589047549619988
Dimension Energy LLC,Solar Photovoltaic,Solar Generation,1.98,36.24918,-119.8852,CA,MW,0.004203507754747065,0.431451953666995
Dimension Energy LLC,Solar Photovoltaic,Solar Generation,1.98,36.30677,-119.24,CA,MW,0.004203507754747065,0.431451953666995
Dimension Energy LLC,Solar Photovoltaic,Solar Generation,1.98,35.98738,-119.4804,CA,MW,0.004203507754747065,0.431451953666995
"ALLETE, Inc.",Solar Photovoltaic,Solar Generation,10.032,46.324097,-94.38786,MN,MW,0.021887230033338166,0.6061315993358943
RWE Clean Energy,Solar Photovoltaic,Solar Generation,198,33.22392,-95.73077,TX,MW,0.4347006812581533,0.8792741632080008
RWE Clean Energy,Batteries,Electricity Storage,68.376,33.22392,-95.73077,TX,MW,0.20688275310124046,0.662740944230353
Cypress Creek Renewables,Batteries,Electricity Storage,66,29.56318,-95.80023,TX,MW,0.1996798719487795,0.6262351124790859
Atrisco Energy Storage LLC,Batteries,Electricity Storage,198,35.197003,-106.9125,NM,MW,0.5998399359743898,0.8825412067479748
"Winfield Solar I, LLC",Solar Photovoltaic,Solar Generation,99,39.019518,-90.85517,MO,MW,0.21727786635744312,0.7589047549619988
Terra-Gen Operating Co-Solar,Batteries,Electricity Storage,39.402,35.04351,-117.3489,CA,MW,0.11904761904761904,0.5760893061916861
Terra-Gen Operating Co-Solar,Solar Photovoltaic,Solar Generation,55.70400000000001,35.04351,-117.3489,CA,MW,0.12219162197419918,0.7103546958386626
"Beulah Solar, LLC",Solar Photovoltaic,Solar Generation,49.434000000000005,33.945207,-81.57116,SC,MW,0.10842151036382086,0.6910907819611026
"AFTW Holdings, LLC",Solar Photovoltaic,Solar Generation,2.97,35.082,-119.316,CA,MW,0.006377735903754168,0.4863228265519096
"Crystal Farms Local Solar, LLC",Solar Photovoltaic,Solar Generation,2.31,36.633807,-120.1771,CA,MW,0.004928250471082766,0.4559259507673007
"Fresno Community Solar Developers, LLC",Solar Photovoltaic,Solar Generation,6.6000000000000005,36.696,-119.885,CA,MW,0.014349905783446878,0.5924134611575484
Saint Energy Storage II LLC,Batteries,Electricity Storage,66,32.86951,-111.5142,AZ,MW,0.1996798719487795,0.6262351124790859
"Eastover Solar, LLC",Solar Photovoltaic,Solar Generation,48.576,33.918542,-80.6467,SC,MW,0.10653717930134803,0.6668419438509358
"Eastover Solar, LLC",Batteries,Electricity Storage,11.88,33.918542,-80.6467,SC,MW,0.03561424569827931,0.49366987163227466
"Saw Solar, LLC",Solar Photovoltaic,Solar Generation,3.3000000000000003,35.556436,-80.6518,NC,MW,0.007102478620089869,0.505677771573954
"Strata Manager, LLC",Batteries,Electricity Storage,46.2,34.137674,-117.416,CA,MW,0.13965586234493796,0.5942111051192939
"Strata Manager, LLC",Batteries,Electricity Storage,3.3000000000000003,44.697674,-73.12467,VT,MW,0.009603841536614645,0.3509743875366324
"Strata Manager, LLC",Batteries,Electricity Storage,3.3000000000000003,43.329411,-72.5241,VT,MW,0.009603841536614645,0.3509743875366324
Greenbacker Renewable Energy Corporation,Solar Photovoltaic,Solar Generation,0.99,42.068818,-77.80742,NY,MW,0.0020292796057399622,0.28893622872715063
Greenbacker Renewable Energy Corporation,Solar Photovoltaic,Solar Generation,1.1880000000000002,44.091562,-69.79587,ME,MW,0.002464125235541383,0.3143414461503724
"ALLETE, Inc.",Solar Photovoltaic,Solar Generation,3.6959999999999997,47.52262,-92.17835,MN,MW,0.007972169879692709,0.5781911962410136
"ALLETE, Inc.",Solar Photovoltaic,Solar Generation,1.056,46.87377,-92.05199,MN,MW,0.0021742281490071025,0.3043348370062575
"Blue Bird Solar, LLC",Solar Photovoltaic,Solar Generation,91.74000000000001,38.895406,-91.13656,MO,MW,0.2013335265980577,0.751230962875279
Indiana Municipal Power Agency,Solar Photovoltaic,Solar Generation,4.026,39.82229,-84.95008,IN,MW,0.00869691259602841,0.5820506984917884
Greenbacker Renewable Energy Corporation,Solar Photovoltaic,Solar Generation,1.98,42.469941,-77.69541,NY,MW,0.004203507754747065,0.431451953666995
MN8 Energy LLC,Solar Photovoltaic,Solar Generation,2.64,39.987519,-74.23644,NJ,MW,0.005652993187418466,0.4670569400750495
"DG Empire Shine, LLC",Solar Photovoltaic,Solar Generation,1.98,43.1,-76.294,NY,MW,0.004203507754747065,0.431451953666995
Greenbacker Renewable Energy Corporation,Solar Photovoltaic,Solar Generation,0.99,43.86351,-90.15579,WI,MW,0.0020292796057399622,0.28893622872715063
"Genesee Solar Energy, LLC",Solar Photovoltaic,Solar Generation,26.928,43.086377,-83.66512,MI,MW,0.05899405710972604,0.6367188245370863
VESI 12 LLC,Batteries,Electricity Storage,52.800000000000004,35.838361,-119.0884,CA,MW,0.15966386554621848,0.6094328215196145
VESI 23 LLC,Batteries,Electricity Storage,13.200000000000001,40.526261,-74.84409,NJ,MW,0.03961584633853542,0.49683531626299804
"Cubico USA, LLC",Solar Photovoltaic,Solar Generation,66,33.5,-90.1,MS,MW,0.14480359472387302,0.714646916274308
Greenbacker Renewable Energy Corporation,Solar Photovoltaic,Solar Generation,1.98,43.738226,-90.01303,WI,MW,0.004203507754747065,0.431451953666995
West Shore Solar LLC,Solar Photovoltaic,Solar Generation,1.584,41.80327,-73.96494,NY,MW,0.0033338164951442237,0.4043151340830314
AES Clean Energy,Solar Photovoltaic,Solar Generation,36.96,34.807789,-118.3165,CA,MW,0.08102623568633135,0.6542887892590249
AES Clean Energy,Batteries,Electricity Storage,18.48,34.807789,-118.3165,CA,MW,0.05562224889955982,0.5142520765517363
AES Clean Energy,Batteries,Electricity Storage,52.800000000000004,34.842388,-118.2862,CA,MW,0.15966386554621848,0.6094328215196145
AES Clean Energy,Solar Photovoltaic,Solar Generation,82.5,34.842388,-118.2862,CA,MW,0.18104073054065808,0.7430460351781091
Ash Creek,Solar Photovoltaic,Solar Generation,269.874,31.900806,-97.03373,TX,MW,0.592549644876069,0.9335177323030567
"Solar DG NJ Brookdale, LLC",Solar Photovoltaic,Solar Generation,2.442,40.326056,-74.13094,NJ,MW,0.0052181475576170465,0.46257535158733415
RE Papago LLC,Batteries,Electricity Storage,198,33.48355,-113.0378,AZ,MW,0.5998399359743898,0.8825412067479748
Southern Indiana Gas & Elec Co,Solar Photovoltaic,Solar Generation,126.06,37.926667,-87.72889,IN,MW,0.2767067690969706,0.7975203299958705
"HEN Infrastructure, L.L.C.",Batteries,Electricity Storage,6.534000000000001,29.376438,-100.8485,TX,MW,0.019407763105242098,0.394200048734022
"HEN Infrastructure, L.L.C.",Batteries,Electricity Storage,6.534000000000001,27.796921,-97.48707,TX,MW,0.019407763105242098,0.394200048734022
"HEN Infrastructure, L.L.C.",Batteries,Electricity Storage,6.534000000000001,32.335025,-96.0579,TX,MW,0.019407763105242098,0.394200048734022
"HEN Infrastructure, L.L.C.",Batteries,Electricity Storage,6.534000000000001,32.798754,-98.06497,TX,MW,0.019407763105242098,0.394200048734022
"HEN Infrastructure, L.L.C.",Batteries,Electricity Storage,6.534000000000001,31.291983,-94.72424,TX,MW,0.019407763105242098,0.394200048734022
"HEN Infrastructure, L.L.C.",Batteries,Electricity Storage,6.534000000000001,31.715592,-102.5981,TX,MW,0.019407763105242098,0.394200048734022
"HEN Infrastructure, L.L.C.",Batteries,Electricity Storage,6.534000000000001,31.867209,-101.4694,TX,MW,0.019407763105242098,0.394200048734022
"HEN Infrastructure, L.L.C.",Batteries,Electricity Storage,6.534000000000001,27.242427,-98.14055,TX,MW,0.019407763105242098,0.394200048734022
"HEN Infrastructure, L.L.C.",Batteries,Electricity Storage,6.534000000000001,31.193794,-94.79818,TX,MW,0.019407763105242098,0.394200048734022
"HEN Infrastructure, L.L.C.",Batteries,Electricity Storage,6.534000000000001,32.391533,-98.97816,TX,MW,0.019407763105242098,0.394200048734022
"Distributed Solar Development, LLC",Solar Photovoltaic,Solar Generation,0.99,40.857536,-74.41258,NJ,MW,0.0020292796057399622,0.28893622872715063
"Distributed Solar Development, LLC",Solar Photovoltaic,Solar Generation,1.056,36.49466,-119.467,CA,MW,0.0021742281490071025,0.3043348370062575
"Distributed Solar Development, LLC",Solar Photovoltaic,Solar Generation,1.122,40.818832,-74.41577,NJ,MW,0.0023191766922742423,0.30987734936531186
"Distributed Solar Development, LLC",Solar Photovoltaic,Solar Generation,0.46199999999999997,37.76217,-121.9579,CA,MW,8.69691259602841e-4,0.11823380610602888
"Distributed Solar Development, LLC",Batteries,Electricity Storage,0.46199999999999997,37.76217,-121.9579,CA,MW,0.0010004001600640254,0.1425580173512899
"Distributed Solar Development, LLC",Solar Photovoltaic,Solar Generation,0.132,37.76217,-121.9579,CA,MW,1.4494854326714017e-4,0.06381996872084994
"Distributed Solar Development, LLC",Solar Photovoltaic,Solar Generation,0.132,37.76217,-121.9579,CA,MW,1.4494854326714017e-4,0.06381996872084994
"Distributed Solar Development, LLC",Solar Photovoltaic,Solar Generation,0.66,37.76819,-121.9666,CA,MW,0.0013045368894042616,0.14061018220347427
"Distributed Solar Development, LLC",Batteries,Electricity Storage,0.33,37.76819,-121.9666,CA,MW,6.002400960384153e-4,0.08197921337086443
"Fence Post Solar Project, LLC",Batteries,Electricity Storage,47.52,32.072844,-96.22393,TX,MW,0.14365746298519408,0.5968576101383619
"Fence Post Solar Project, LLC",Solar Photovoltaic,Solar Generation,155.76000000000002,32.072844,-96.22393,TX,MW,0.34193361356718366,0.8402143431588086
"Solar DG NJ BEMS East, LLC",Solar Photovoltaic,Solar Generation,2.64,39.893694000000004,-74.69801,NJ,MW,0.005652993187418466,0.4670569400750495
"Solar DG NJ BEMS West, LLC",Solar Photovoltaic,Solar Generation,2.64,39.892036,-74.69498,NJ,MW,0.005652993187418466,0.4670569400750495
Borden County Battery Energy Storage System LLC,Batteries,Electricity Storage,99,32.72233,-101.6385,TX,MW,0.29971988795518206,0.7091542255090751
Renew Solar VMC LLC,Solar Photovoltaic,Solar Generation,0.9239999999999999,35.049,-119.1812,CA,MW,0.001884331062472822,0.2794824398408343
"SEPV Cuyama, LLC",Batteries,Electricity Storage,1.98,34.904711,-119.585,CA,MW,0.005602240896358543,0.31815622385713654
"SEPV Cuyama, LLC",Solar Photovoltaic,Solar Generation,1.056,34.904711,-119.585,CA,MW,0.0021742281490071025,0.3043348370062575
"RPCA Solar 1, LLC",Solar Photovoltaic,Solar Generation,1.7160000000000002,37.125754,-120.1788,CA,MW,0.003623713581678504,0.4190874115973452
"RPCA Solar 1, LLC",Solar Photovoltaic,Solar Generation,3.3000000000000003,37.125754,-120.1788,CA,MW,0.007102478620089869,0.505677771573954
"RPCA Solar 7, LLC",Solar Photovoltaic,Solar Generation,1.98,37.124972,-120.4575,CA,MW,0.004203507754747065,0.431451953666995
"Distributed Solar Development, LLC",Solar Photovoltaic,Solar Generation,1.7820000000000003,41.71525,-74.79739,NY,MW,0.0037686621249456444,0.4229386318793329
"Distributed Solar Development, LLC",Solar Photovoltaic,Solar Generation,0.9239999999999999,39.355676,-74.43552,NJ,MW,0.001884331062472822,0.2794824398408343
Sky Ranch Solar and Storage,Batteries,Electricity Storage,33,34.781625,-106.7769,NM,MW,0.09963985594237694,0.5487176518535749
Sky Ranch Solar and Storage,Solar Photovoltaic,Solar Generation,125.4,34.781625,-106.7769,NM,MW,0.2752572836642992,0.7963317378577266
"Distributed Solar Development, LLC",Solar Photovoltaic,Solar Generation,0.99,40.550482,-74.54496,NJ,MW,0.0020292796057399622,0.28893622872715063
NY USLE Glenville Freemans Bridge LLC,Solar Photovoltaic,Solar Generation,2.838,42.83949,-73.93256,NY,MW,0.006087838817219887,0.4818938658030125
NY USLE Copenhagen CR194 LLC,Solar Photovoltaic,Solar Generation,1.914,43.863103,-75.71931,NY,MW,0.0040585592114799245,0.4278826698683019
"SR Russellville, LLC",Solar Photovoltaic,Solar Generation,114.18,36.795723,-86.94326,KY,MW,0.2506160313088854,0.7871667910538672
Standard Solar,Solar Photovoltaic,Solar Generation,0.792,38.862089,-76.91249,MD,MW,0.0015944339759385417,0.25779353676419364
"River Ferry Solar 1, LLC",Solar Photovoltaic,Solar Generation,109.09800000000001,39.25906,-87.62817,IL,MW,0.23945499347731558,0.7855115773350336
Ben Milam Solar 3 LLC,Solar Photovoltaic,Solar Generation,165,30.960219,-97.12452,TX,MW,0.3622264096245833,0.8489242069179086
NY USLE Carthage SR26 A LLC,Solar Photovoltaic,Solar Generation,3.3000000000000003,43.997512,-75.66294,NY,MW,0.007102478620089869,0.505677771573954
NY USLE Carthage SR26 B LLC,Solar Photovoltaic,Solar Generation,2.178,43.990287,-75.66126,NY,MW,0.004638353384548485,0.4509625919540823
"SR DeSoto III, LLC",Solar Photovoltaic,Solar Generation,39.6,31.868033,-84.00777,GA,MW,0.086824177417016965,0.6551263153075775
Sol Systems,Solar Photovoltaic,Solar Generation,19.8,39.806053,-90.22443,IL,MW,0.04333961443687491,0.630480793017977
"Distributed Solar Development, LLC",Solar Photovoltaic,Solar Generation,1.6500000000000001,43.32265,-73.46798,NY,MW,0.003478765038411364,0.4082844803877832
"Distributed Solar Development, LLC",Solar Photovoltaic,Solar Generation,3.3000000000000003,44.012763,-76.00873,NY,MW,0.007102478620089869,0.505677771573954
"Distributed Solar Development, LLC",Solar Photovoltaic,Solar Generation,3.3000000000000003,42.966063,-77.68387,NY,MW,0.007102478620089869,0.505677771573954
"Distributed Solar Development, LLC",Solar Photovoltaic,Solar Generation,1.1880000000000002,39.384389,-74.42627,NJ,MW,0.002464125235541383,0.3143414461503724
Greenbacker Renewable Energy Corporation,Solar Photovoltaic,Solar Generation,1.914,44.917755,-69.67066,ME,MW,0.0040585592114799245,0.4278826698683019
"Luminace Sunbeam Development Holdings, LLC",Solar Photovoltaic,Solar Generation,1.6500000000000001,46.90965,-67.83835,ME,MW,0.003478765038411364,0.4082844803877832
"Luminace Sunbeam Development Holdings, LLC",Solar Photovoltaic,Solar Generation,2.112,44.746062,-69.7447,ME,MW,0.004493404841281345,0.4494463843591777
"Distributed Solar Development, LLC",Solar Photovoltaic,Solar Generation,2.31,42.09927,-73.95526,NY,MW,0.004928250471082766,0.4559259507673007
"Distributed Solar Development, LLC",Solar Photovoltaic,Solar Generation,2.442,43.12198,-76.04235,NY,MW,0.0052181475576170465,0.46257535158733415
Urban Grid Solar,Solar Photovoltaic,Solar Generation,49.5,36.568918,-79.03292,VA,MW,0.10856645890708799,0.6966578585280819
Urban Grid Solar,Solar Photovoltaic,Solar Generation,66.066,40.150905,-77.76381,PA,MW,0.14494854326714016,0.7316361242200294
Urban Grid Solar,Solar Photovoltaic,Solar Generation,42.702000000000005,36.839909,-78.9382,VA,MW,0.09363675895057257,0.6587855466634465
Urban Grid Solar,Solar Photovoltaic,Solar Generation,33.726,38.530674,-76.10036,MD,MW,0.07392375706624149,0.6517912798423094
Urban Grid Solar,Solar Photovoltaic,Solar Generation,49.5,39.073825,-78.28012,VA,MW,0.10856645890708799,0.6966578585280819
Urban Grid Solar,Solar Photovoltaic,Solar Generation,42.24,39.232046,-75.77228,MD,MW,0.09262211914770256,0.6585023061605312
Urban Grid Solar,Solar Photovoltaic,Solar Generation,99,37.16738,-76.92423,VA,MW,0.21727786635744312,0.7589047549619988
NJR Clean Energy Ventures Corporation,Solar Photovoltaic,Solar Generation,1.32,40.446,-74.284,NJ,MW,0.002754022322075663,0.3275439767896132
"DG New York CS, LLC",Solar Photovoltaic,Solar Generation,1.32,41.399969,-74.50221,NY,MW,0.002754022322075663,0.3275439767896132
"Robin Hollow Solar, LLC",Solar Photovoltaic,Solar Generation,26.862000000000002,41.640197,-71.6295,RI,MW,0.05884910856645891,0.6364564305196063
"DG Empire Lumen 2023, LLC",Solar Photovoltaic,Solar Generation,3.3000000000000003,43.14672,-76.35467,NY,MW,0.007102478620089869,0.505677771573954
Ben Milam Solar 1 LLC,Solar Photovoltaic,Solar Generation,132,30.996511,-97.00151,TX,MW,0.2897521379910132,0.8017627624826315
"North Fork Solar Project, LLC",Solar Photovoltaic,Solar Generation,79.2,34.61781,-98.98261,OK,MW,0.17379330337730106,0.7384768787707381
AES Clean Energy,Solar Photovoltaic,Solar Generation,1.32,39.5463,-77.4164,MD,MW,0.002754022322075663,0.3275439767896132
AES Clean Energy,Solar Photovoltaic,Solar Generation,1.32,39.6301,-77.9099,MD,MW,0.002754022322075663,0.3275439767896132
"GulfStar Power, LLC",Batteries,Electricity Storage,198,29.191296,-95.96752,TX,MW,0.5998399359743898,0.8825412067479748
"Enel Green Power Estonian Solar Project, LLC",Batteries,Electricity Storage,66,33.457143,-95.6679,TX,MW,0.1996798719487795,0.6262351124790859
"Enel Green Power Estonian Solar Project, LLC",Solar Photovoltaic,Solar Generation,134.97,33.457143,-95.6679,TX,MW,0.2962748224380345,0.8329089047144427
Ecos Energy LLC,Solar Photovoltaic,Solar Generation,1.4520000000000002,43.58,-72.95304,VT,MW,0.0030439194086099436,0.39410879697637047
BAP Grounded 2 LLC,Solar Photovoltaic,Solar Generation,3.3000000000000003,44.107288,-70.11036,ME,MW,0.007102478620089869,0.505677771573954
"Luminace Sunbeam Development Holdings, LLC",Solar Photovoltaic,Solar Generation,0.66,44.643308,-69.60757,ME,MW,0.0013045368894042616,0.14061018220347427
"Luminace Sunbeam Development Holdings, LLC",Solar Photovoltaic,Solar Generation,3.3000000000000003,44.538719,-69.66888,ME,MW,0.007102478620089869,0.505677771573954
"Luminace Sunbeam Development Holdings, LLC",Solar Photovoltaic,Solar Generation,0.66,44.963419,-69.89179,ME,MW,0.0013045368894042616,0.14061018220347427
"Luminace Sunbeam Development Holdings, LLC",Solar Photovoltaic,Solar Generation,3.3000000000000003,43.964548,-69.70476,ME,MW,0.007102478620089869,0.505677771573954
Hayhurst Texas Solar,Solar Photovoltaic,Solar Generation,16.368000000000002,31.815992,-104.0853,TX,MW,0.035802290186983624,0.6286839214856933
AES Indiana,Batteries,Electricity Storage,132,38.523278,-87.24945,IN,MW,0.3997599039615847,0.7658985069236155
"Evergy Kansas Central, Inc",Solar Photovoltaic,Solar Generation,0.66,39.10878,-95.7867,KS,MW,0.0013045368894042616,0.14061018220347427
"Evergy Kansas Central, Inc",Solar Photovoltaic,Solar Generation,1.056,38.993501,-95.81564,KS,MW,0.0021742281490071025,0.3043348370062575
"Evergy Kansas Central, Inc",Solar Photovoltaic,Solar Generation,0.8580000000000001,38.990075,-95.42761,KS,MW,0.001739382519205682,0.269152128131917
AES Clean Energy,Batteries,Electricity Storage,16.5,34.609137,-117.4537,CA,MW,0.04961984793917567,0.5094970960062994
AES Clean Energy,Solar Photovoltaic,Solar Generation,33,34.609137,-117.4537,CA,MW,0.07232932309030295,0.6430846546424963
Elk Street Solar LLC,Solar Photovoltaic,Solar Generation,1.584,42.85,-78.85,NY,MW,0.0033338164951442237,0.4043151340830314
"Energy 49, LLC",Solar Photovoltaic,Solar Generation,3.96,61.59,-149.79,AK,MW,0.00855196405276127,0.579550138656642
"Origis Energy USA, Inc",Solar Photovoltaic,Solar Generation,132,35.4077,-108.0812,NM,MW,0.2897521379910132,0.8017627624826315
Solops 371 Hoes LLC,Solar Photovoltaic,Solar Generation,0.66,40.545856,-74.47386,NJ,MW,0.0013045368894042616,0.14061018220347427
Solops 371 Hoes LLC,Solar Photovoltaic,Solar Generation,0.198,40.545856,-74.47386,NJ,MW,2.898970865342803e-4,0.07821766520286685
Idemitsu Renewables,Batteries,Electricity Storage,39.6,35.767393,-119.8945,CA,MW,0.11964785914365746,0.5769378019295782
Idemitsu Renewables,Batteries,Electricity Storage,25.080000000000002,35.767393,-119.8945,CA,MW,0.07563025210084033,0.5285740288114259
Monongahela Power Co,Solar Photovoltaic,Solar Generation,12.474,39.707825,-79.94884,WV,MW,0.027250326134222347,0.6099980541519703
Monongahela Power Co,Solar Photovoltaic,Solar Generation,3.828,39.589315,-77.83555,WV,MW,0.00826206696622699,0.5788702338487578
Monongahela Power Co,Solar Photovoltaic,Solar Generation,3.6300000000000003,39.539042,-80.0944,WV,MW,0.00782722133642557,0.5772871452592202
"BT Hickerson Solar, LLC",Solar Photovoltaic,Solar Generation,204.60000000000002,31.819958,-97.51749,TX,MW,0.44919553558486736,0.9065555598313151
"Ables Springs Solar, LLC",Batteries,Electricity Storage,66,32.819566,-96.18484,TX,MW,0.1996798719487795,0.6262351124790859
Madison Energy Investments LLC,Solar Photovoltaic,Solar Generation,0.792,39.657218,-74.80896,NJ,MW,0.0015944339759385417,0.25779353676419364
Madison Energy Investments LLC,Solar Photovoltaic,Solar Generation,2.838,44.595751,-69.60503,ME,MW,0.006087838817219887,0.4818938658030125
Fork in the Road Solar LLC,Solar Photovoltaic,Solar Generation,0.9239999999999999,41.95,-73.75,NY,MW,0.001884331062472822,0.2794824398408343
Tampa Electric Co,Solar Photovoltaic,Solar Generation,15.180000000000001,27.945756,-82.06723,FL,MW,0.033193216408175095,0.6281723292743502
"SR McNeal, LLC",Batteries,Electricity Storage,13.200000000000001,31.5551,-109.7013,AZ,MW,0.03961584633853542,0.49683531626299804
"SR McNeal, LLC",Solar Photovoltaic,Solar Generation,13.200000000000001,31.5551,-109.7013,AZ,MW,0.02884476011016089,0.6114579956437564
SMT Mercedes LLC,Batteries,Electricity Storage,6.6000000000000005,26.230501,-97.91256,TX,MW,0.0196078431372549,0.43649167310370846
SMT Mission LLC,Batteries,Electricity Storage,6.6000000000000005,26.189433,-98.32293,TX,MW,0.0196078431372549,0.43649167310370846
SMT Santa Rosa LLC,Batteries,Electricity Storage,6.6000000000000005,26.232466,-97.82317,TX,MW,0.0196078431372549,0.43649167310370846
SMT Alamo LLC,Batteries,Electricity Storage,6.6000000000000005,26.230677,-98.11404,TX,MW,0.0196078431372549,0.43649167310370846
SMT Bay City LLC,Batteries,Electricity Storage,6.6000000000000005,28.987572,-95.96984,TX,MW,0.0196078431372549,0.43649167310370846
SMT Elsa LLC,Batteries,Electricity Storage,6.6000000000000005,26.296101,-98.0096,TX,MW,0.0196078431372549,0.43649167310370846
SMT Los Fresnos LLC,Batteries,Electricity Storage,6.6000000000000005,26.074676,-97.52318,TX,MW,0.0196078431372549,0.43649167310370846
SMT Harlingen II LLC,Batteries,Electricity Storage,6.6000000000000005,26.179999,-97.72561,TX,MW,0.0196078431372549,0.43649167310370846
SMT Rio Grande I LLC,Batteries,Electricity Storage,6.6000000000000005,26.408729,-98.93743,TX,MW,0.0196078431372549,0.43649167310370846
SMT Rio Grande II LLC,Batteries,Electricity Storage,6.6000000000000005,26.390951,-98.82039,TX,MW,0.0196078431372549,0.43649167310370846
Madison Energy Holdings LLC,Solar Photovoltaic,Solar Generation,1.254,32.138772,-81.69404,GA,MW,0.002609073778808523,0.3214937248300043
Indiana Municipal Power Agency,Solar Photovoltaic,Solar Generation,1.7820000000000003,40.292989,-86.05978,IN,MW,0.0037686621249456444,0.4229386318793329
Indiana Municipal Power Agency,Solar Photovoltaic,Solar Generation,0.9239999999999999,40.10936,-87.24235,IN,MW,0.001884331062472822,0.2794824398408343
Indiana Municipal Power Agency,Solar Photovoltaic,Solar Generation,2.178,41.05569,-86.57676,IN,MW,0.004638353384548485,0.4509625919540823
Ben Milam Solar 2 LLC,Solar Photovoltaic,Solar Generation,165,31.029028,-96.93478,TX,MW,0.3622264096245833,0.8489242069179086
Skysol Holdco LLC,Solar Photovoltaic,Solar Generation,40.392,42.047765,-121.4921,OR,MW,0.08856355993622264,0.6573723093260979
BE-Pine1 LLC,Solar Photovoltaic,Solar Generation,11.286000000000001,40.61655,-80.45815,PA,MW,0.02464125235541383,0.6078184720139967
BE-Pine2 LLC,Solar Photovoltaic,Solar Generation,11.286000000000001,40.61575,-80.471,PA,MW,0.02464125235541383,0.6078184720139967
East Victory Way Solar LLC,Solar Photovoltaic,Solar Generation,2.64,40.51313,-107.5018,CO,MW,0.005652993187418466,0.4670569400750495
Terra-Gen Operating Co-Solar,Batteries,Electricity Storage,29.700000000000003,35.032461,-117.3567,CA,MW,0.08963585434173668,0.5422294824267714
AES Clean Energy,Solar Photovoltaic,Solar Generation,3.2340000000000004,42.964,-74.1444,NY,MW,0.0069575300768227296,0.4978973555835699
Valta Energy,Solar Photovoltaic,Solar Generation,0.9239999999999999,33.85324,-118.2968,CA,MW,0.001884331062472822,0.2794824398408343
Terra-Gen Operating Co-BESS 2,Batteries,Electricity Storage,26.400000000000002,35.0477,-118.2628,CA,MW,0.07963185274109644,0.5301727691389413
Terra-Gen Operating Co-BESS 2,Batteries,Electricity Storage,38.940000000000005,35.0477,-118.2628,CA,MW,0.11764705882352941,0.5752421137280992
EDPR Scarlet II LLC,Solar Photovoltaic,Solar Generation,132,36.60369,-120.3757,CA,MW,0.2897521379910132,0.8017627624826315
EDPR Scarlet II LLC,Batteries,Electricity Storage,99,36.60369,-120.3757,CA,MW,0.29971988795518206,0.7091542255090751
"Umbriel Solar, LLC",Solar Photovoltaic,Solar Generation,99,30.668754,-94.78347,TX,MW,0.21727786635744312,0.7589047549619988
"Three Corners Solar, LLC",Solar Photovoltaic,Solar Generation,72.60000000000001,44.612621,-69.45182,ME,MW,0.15929844905058704,0.7356288672308446
"Maine DG Solar Pittsfield, LLC",Solar Photovoltaic,Solar Generation,3.2340000000000004,44.782085,-69.36242,ME,MW,0.0069575300768227296,0.4978973555835699
Prologis Logistics Services Incorporated,Solar Photovoltaic,Solar Generation,0.66,33.83783,-118.2312,CA,MW,0.0013045368894042616,0.14061018220347427
Prologis Logistics Services Incorporated,Solar Photovoltaic,Solar Generation,1.1880000000000002,33.82294,-118.2456,CA,MW,0.002464125235541383,0.3143414461503724
"Luminace Sunbeam Development Holdings, LLC",Solar Photovoltaic,Solar Generation,1.98,46.000113,-68.45582,ME,MW,0.004203507754747065,0.431451953666995
"Luminace Sunbeam Development Holdings, LLC",Solar Photovoltaic,Solar Generation,3.3000000000000003,45.101453,-70.34123,ME,MW,0.007102478620089869,0.505677771573954
Dimension Energy LLC,Solar Photovoltaic,Solar Generation,1.98,40.525967,-74.55914,NJ,MW,0.004203507754747065,0.431451953666995
Dimension Energy LLC,Solar Photovoltaic,Solar Generation,2.508,40.480841,-74.49472,NJ,MW,0.005363096100884186,0.46343031102417204
Dimension Energy LLC,Solar Photovoltaic,Solar Generation,0.792,40.90192,-74.09369,NJ,MW,0.0015944339759385417,0.25779353676419364
United States Solar Corporation,Solar Photovoltaic,Solar Generation,0.66,44.232019,-93.95941,MN,MW,0.0013045368894042616,0.14061018220347427
United States Solar Corporation,Solar Photovoltaic,Solar Generation,0.66,44.09963,-94.05358,MN,MW,0.0013045368894042616,0.14061018220347427
United States Solar Corporation,Solar Photovoltaic,Solar Generation,0.66,44.983891,-95.71669,MN,MW,0.0013045368894042616,0.14061018220347427
United States Solar Corporation,Solar Photovoltaic,Solar Generation,0.66,46.9773,-96.479,MN,MW,0.0013045368894042616,0.14061018220347427
United States Solar Corporation,Solar Photovoltaic,Solar Generation,0.66,45.394755,-94.74221,MN,MW,0.0013045368894042616,0.14061018220347427
United States Solar Corporation,Solar Photovoltaic,Solar Generation,0.66,44.731944,-94.60547,MN,MW,0.0013045368894042616,0.14061018220347427
United States Solar Corporation,Solar Photovoltaic,Solar Generation,0.66,44.734278,-94.62442,MN,MW,0.0013045368894042616,0.14061018220347427
MN CSG 2019-24 LLC,Solar Photovoltaic,Solar Generation,0.5940000000000001,44.943279,-92.85742,MN,MW,0.0011595883461371214,0.1300710380939846
Madison Energy Holdings LLC,Solar Photovoltaic,Solar Generation,1.7160000000000002,34.25745,-84.83149,GA,MW,0.003623713581678504,0.4190874115973452
Greenbacker Renewable Energy Corporation,Solar Photovoltaic,Solar Generation,1.32,45.476919,-92.36803,WI,MW,0.002754022322075663,0.3275439767896132
"Headwater Energy, LLC",Solar Photovoltaic,Solar Generation,1.32,35.388245,-78.54028,NC,MW,0.002754022322075663,0.3275439767896132
Greenbacker Renewable Energy Corporation,Solar Photovoltaic,Solar Generation,0.99,43.471699,-91.14056,WI,MW,0.0020292796057399622,0.28893622872715063
"Headwater Energy, LLC",Solar Photovoltaic,Solar Generation,1.32,35.416437,-77.91875,NC,MW,0.002754022322075663,0.3275439767896132
"Headwater Energy, LLC",Solar Photovoltaic,Solar Generation,1.32,34.301189,-78.70961,NC,MW,0.002754022322075663,0.3275439767896132
"Washington County Solar, LLC",Solar Photovoltaic,Solar Generation,99,32.989939,-82.71381,GA,MW,0.21727786635744312,0.7589047549619988
Greenbacker Renewable Energy Corporation,Solar Photovoltaic,Solar Generation,0.99,45.046634,-91.97559,WI,MW,0.0020292796057399622,0.28893622872715063
Greenbacker Renewable Energy Corporation,Solar Photovoltaic,Solar Generation,0.99,44.971013,-91.80448,WI,MW,0.0020292796057399622,0.28893622872715063
Greenbacker Renewable Energy Corporation,Solar Photovoltaic,Solar Generation,1.32,44.895133,-90.44196,WI,MW,0.002754022322075663,0.3275439767896132
Hemings Solar Partners LLC,Solar Photovoltaic,Solar Generation,3.3000000000000003,37.957975,-76.81883,VA,MW,0.007102478620089869,0.505677771573954
Monroe Solar LLC,Solar Photovoltaic,Solar Generation,1.4520000000000002,36.85345,-79.46991,VA,MW,0.0030439194086099436,0.39410879697637047
Dominion Energy Inc.,Solar Photovoltaic,Solar Generation,13.200000000000001,36.89,-76.71,VA,MW,0.02884476011016089,0.6114579956437564
"Scooby Solar, LLC",Solar Photovoltaic,Solar Generation,1.6500000000000001,35.049,-119.1812,CA,MW,0.003478765038411364,0.4082844803877832
"Headwater Energy, LLC",Solar Photovoltaic,Solar Generation,1.32,35.2581,-119.1492,CA,MW,0.002754022322075663,0.3275439767896132
Atrisco Solar LLC,Solar Photovoltaic,Solar Generation,198,35.189061,-106.8605,NM,MW,0.4347006812581533,0.8792741632080008
Greasewood II LLC,Solar Photovoltaic,Solar Generation,201.96,31.10409,-102.6063,TX,MW,0.44339759385418176,0.9032072190722995
"Cardinal Solar, LLC",Solar Photovoltaic,Solar Generation,13.200000000000001,41.34002,-79.72372,PA,MW,0.02884476011016089,0.6114579956437564
"River Fork Solar, LLC",Solar Photovoltaic,Solar Generation,98.34,42.281313,-84.75561,MI,MW,0.21582838092477172,0.757524548985297
Preston Garden LLC,Solar Photovoltaic,Solar Generation,0.66,44.535906,-94.91133,MN,MW,0.0013045368894042616,0.14061018220347427
"Altus Power America Management, LLC",Solar Photovoltaic,Solar Generation,2.97,44.199291,-70.068,ME,MW,0.006377735903754168,0.4863228265519096
Nautilus Solar Solutions,Solar Photovoltaic,Solar Generation,3.2340000000000004,44.694066,-69.787,ME,MW,0.0069575300768227296,0.4978973555835699
Nautilus Solar Solutions,Solar Photovoltaic,Solar Generation,3.2340000000000004,44.288243,-70.1139,ME,MW,0.0069575300768227296,0.4978973555835699
"Altus Power America Management, LLC",Solar Photovoltaic,Solar Generation,3.2340000000000004,43.89244,-70.317,ME,MW,0.0069575300768227296,0.4978973555835699
"Altus Power America Management, LLC",Solar Photovoltaic,Solar Generation,2.64,44.975721,-69.0904,ME,MW,0.005652993187418466,0.4670569400750495
"Altus Power America Management, LLC",Solar Photovoltaic,Solar Generation,3.2340000000000004,45.243615,-68.6206,ME,MW,0.0069575300768227296,0.4978973555835699
"Altus Power America Management, LLC",Solar Photovoltaic,Solar Generation,3.2340000000000004,44.875771,-68.851,ME,MW,0.0069575300768227296,0.4978973555835699
Geronimo Power,Solar Photovoltaic,Solar Generation,84.48,44.07,-102.84,SD,MW,0.18538918683867228,0.745589154736449
Geronimo Power,Solar Photovoltaic,Solar Generation,99,31.45,-96.86,TX,MW,0.21727786635744312,0.7589047549619988
Geronimo Power,Batteries,Electricity Storage,66,31.45,-96.86,TX,MW,0.1996798719487795,0.6262351124790859
"CPV Stagecoach Solar, LLC",Solar Photovoltaic,Solar Generation,52.800000000000004,32.197779,-84.06931,GA,MW,0.115813886070445,0.7020305213276591
"CPV Backbone Solar, LLC",Solar Photovoltaic,Solar Generation,115.5,39.442372,-79.20164,MD,MW,0.2535150021742282,0.7877227395920517
"Elawan Dileo Solar, LLC",Solar Photovoltaic,Solar Generation,47.12400000000001,31.78,-97.51,TX,MW,0.10334831134947096,0.6656756825686844
"Elawan Pitts Dudik Solar, LLC",Solar Photovoltaic,Solar Generation,32.736000000000004,31.8932,-96.8751,TX,MW,0.07174952891723438,0.6414806080870442
"Evergy Kansas Central, Inc",Solar Photovoltaic,Solar Generation,3.2340000000000004,38.521483,-94.93821,KS,MW,0.0069575300768227296,0.4978973555835699
Randolf Solar Partners LLC,Solar Photovoltaic,Solar Generation,2.112,38.745097,-78.67523,VA,MW,0.004493404841281345,0.4494463843591777
"Henry Gibson Solar, LLC",Solar Photovoltaic,Solar Generation,3.3000000000000003,34.780905,-79.56957,NC,MW,0.007102478620089869,0.505677771573954
"Solitude Solar Russell County Rd 21 Microgrid, LLC",Solar Photovoltaic,Solar Generation,1.4520000000000002,44.432,-75.21,NY,MW,0.0030439194086099436,0.39410879697637047
ME Sandy River LLC,Solar Photovoltaic,Solar Generation,2.3760000000000003,44.665,-69.986,ME,MW,0.005073199014349906,0.46064927059522975
"Solitude Solar New Hartford Oxford Microgrid, LLC",Solar Photovoltaic,Solar Generation,2.508,43.039,-75.283,NY,MW,0.005363096100884186,0.46343031102417204
"SL Sherman, LLC",Solar Photovoltaic,Solar Generation,3.1020000000000003,42.156051,-79.60161,NY,MW,0.006667632990288448,0.49306005940152076
"SL Sherman II, LLC",Solar Photovoltaic,Solar Generation,3.3000000000000003,42.156051,-79.60161,NY,MW,0.007102478620089869,0.505677771573954
North Carolina El Member Corp,Batteries,Electricity Storage,1.6500000000000001,35.84423,-77.61267,NC,MW,0.004601840736294517,0.29477971031596156
North Carolina El Member Corp,Batteries,Electricity Storage,1.6500000000000001,36.24805,-77.85024,NC,MW,0.004601840736294517,0.29477971031596156
RWE Clean Energy,Solar Photovoltaic,Solar Generation,89.10000000000001,35.20851,-90.7912,AR,MW,0.1955355848673721,0.748603982550704
RWE Clean Energy,Solar Photovoltaic,Solar Generation,99,35.120183,-119.279,CA,MW,0.21727786635744312,0.7589047549619988
RWE Clean Energy,Batteries,Electricity Storage,60.720000000000006,35.120183,-119.279,CA,MW,0.18367346938775508,0.6205459171250465
North Carolina El Member Corp,Batteries,Electricity Storage,6.6000000000000005,34.917699,-77.63126,NC,MW,0.0196078431372549,0.43649167310370846
North Carolina El Member Corp,Batteries,Electricity Storage,9.9,34.996432,-79.10712,NC,MW,0.02961184473789516,0.4825737949439924
North Carolina El Member Corp,Batteries,Electricity Storage,6.6000000000000005,34.898072,-78.89897,NC,MW,0.0196078431372549,0.43649167310370846
North Carolina El Member Corp,Batteries,Electricity Storage,3.3000000000000003,36.413913,-80.41,NC,MW,0.009603841536614645,0.3509743875366324
North Carolina El Member Corp,Batteries,Electricity Storage,3.3000000000000003,35.15122,-76.99299,NC,MW,0.009603841536614645,0.3509743875366324
"DG Empire Sun, LLC",Solar Photovoltaic,Solar Generation,3.3000000000000003,42.9002,-77.7295,NY,MW,0.007102478620089869,0.505677771573954
"Washington County Solar, LLC",Solar Photovoltaic,Solar Generation,132,30.854893,-84.44543,GA,MW,0.2897521379910132,0.8017627624826315
Madison Energy Holdings LLC,Solar Photovoltaic,Solar Generation,1.518,32.856937,-83.55016,GA,MW,0.0031888679518770834,0.39722094397509977
"Duke Energy Florida, LLC",Solar Photovoltaic,Solar Generation,49.434000000000005,29.812218,-82.67597,FL,MW,0.10842151036382086,0.6910907819611026
Prologis Logistics Services Incorporated,Solar Photovoltaic,Solar Generation,0.99,40.668,-74.167,NJ,MW,0.0020292796057399622,0.28893622872715063
SolRiver Capital LLC,Solar Photovoltaic,Solar Generation,6.6000000000000005,33.730956,-79.82786,SC,MW,0.014349905783446878,0.5924134611575484
SolRiver Capital LLC,Solar Photovoltaic,Solar Generation,1.32,34.039056,-79.91666,SC,MW,0.002754022322075663,0.3275439767896132
SolRiver Capital LLC,Solar Photovoltaic,Solar Generation,1.98,35.384636,-77.61161,NC,MW,0.004203507754747065,0.431451953666995
Greenbacker Renewable Energy Corporation,Solar Photovoltaic,Solar Generation,1.32,44.625156,-92.57574,WI,MW,0.002754022322075663,0.3275439767896132
Greenbacker Renewable Energy Corporation,Solar Photovoltaic,Solar Generation,0.9239999999999999,45.447992,-90.32841,WI,MW,0.001884331062472822,0.2794824398408343
Greenbacker Renewable Energy Corporation,Solar Photovoltaic,Solar Generation,3.3000000000000003,43.779832,-88.34653,WI,MW,0.007102478620089869,0.505677771573954
Greenbacker Renewable Energy Corporation,Solar Photovoltaic,Solar Generation,0.99,44.950456,-90.9643,WI,MW,0.0020292796057399622,0.28893622872715063
"Catalyze Fort Worth 5200 Gold Spike Drive Microgrid, LLC",Solar Photovoltaic,Solar Generation,2.64,32.831328,-97.34727,TX,MW,0.005652993187418466,0.4670569400750495
SolRiver Capital LLC,Solar Photovoltaic,Solar Generation,4.62,39.81968,-86.45848,IN,MW,0.010001449485432672,0.5845635301397932
Standard Solar,Solar Photovoltaic,Solar Generation,3.3000000000000003,46.773222,-67.85083,ME,MW,0.007102478620089869,0.505677771573954
Prologis Logistics Services Incorporated,Solar Photovoltaic,Solar Generation,0.9239999999999999,40.691644,-74.19649,NJ,MW,0.001884331062472822,0.2794824398408343
Prologis Logistics Services Incorporated,Solar Photovoltaic,Solar Generation,1.32,40.739381,-74.13811,NJ,MW,0.002754022322075663,0.3275439767896132
Prologis Logistics Services Incorporated,Solar Photovoltaic,Solar Generation,0.9239999999999999,40.53,-74.402,NJ,MW,0.001884331062472822,0.2794824398408343
Prologis Logistics Services Incorporated,Solar Photovoltaic,Solar Generation,1.6500000000000001,40.53,-74.387,NJ,MW,0.003478765038411364,0.4082844803877832
Prologis Logistics Services Incorporated,Solar Photovoltaic,Solar Generation,0.9239999999999999,40.565,-74.218,NJ,MW,0.001884331062472822,0.2794824398408343
Prologis Logistics Services Incorporated,Solar Photovoltaic,Solar Generation,1.584,37.739193,-121.5369,CA,MW,0.0033338164951442237,0.4043151340830314
Prologis Logistics Services Incorporated,Solar Photovoltaic,Solar Generation,0.99,40.397,-74.45,NJ,MW,0.0020292796057399622,0.28893622872715063
"Sunlight Road Solar, LLC",Solar Photovoltaic,Solar Generation,33,30.781803,-90.21736,LA,MW,0.07232932309030295,0.6430846546424963
Small Mouth Bass Solar Partners LLC,Solar Photovoltaic,Solar Generation,1.6500000000000001,37.906257,-79.40387,VA,MW,0.003478765038411364,0.4082844803877832
Bravo REC Management LLC,Solar Photovoltaic,Solar Generation,0.792,35.972788,-119.3943,CA,MW,0.0015944339759385417,0.25779353676419364
Heimlich Solar Partners LLC,Solar Photovoltaic,Solar Generation,2.97,38.795634,-75.60607,DE,MW,0.006377735903754168,0.4863228265519096
"Forgeview Solar, LLC",Solar Photovoltaic,Solar Generation,132,35.945918,-89.86902,AR,MW,0.2897521379910132,0.8017627624826315
"Flat Fork Solar, LLC",Solar Photovoltaic,Solar Generation,132,34.882829,-91.10409,AR,MW,0.2897521379910132,0.8017627624826315
"BESSP1, LLC.",Solar Photovoltaic,Solar Generation,2.9040000000000004,33.695594,-101.9707,TX,MW,0.006232787360487028,0.4842147282503652
"SR Clarksville, LLC",Solar Photovoltaic,Solar Generation,1.32,36.523317,-87.31664,TN,MW,0.002754022322075663,0.3275439767896132
"SR Clarksville II, LLC",Solar Photovoltaic,Solar Generation,3.168,36.52119,-87.31507,TN,MW,0.0068125815335555884,0.4945325675245881
"SR Byhalia, LLC",Solar Photovoltaic,Solar Generation,3.168,34.860802,-89.66623,MS,MW,0.0068125815335555884,0.4945325675245881
"SR Franklin, LLC",Solar Photovoltaic,Solar Generation,1.6500000000000001,36.713497,-86.54697,KY,MW,0.003478765038411364,0.4082844803877832
"Longbow BESS, LLC",Batteries,Electricity Storage,114.84,29.281605,-95.29553,TX,MW,0.34773909563825534,0.7503299606603243
"Township Road 215 Solar Project 2021, LLC",Solar Photovoltaic,Solar Generation,1.32,41.060477,-83.55444,OH,MW,0.002754022322075663,0.3275439767896132
Belmar Gateway Solar LLC,Solar Photovoltaic,Solar Generation,1.1880000000000002,40.15,-74.05,NJ,MW,0.002464125235541383,0.3143414461503724
"THD NJ Riverview Main Distribution Center Solar Project 2020, LLC",Solar Photovoltaic,Solar Generation,1.6500000000000001,40.55,-74.25,NJ,MW,0.003478765038411364,0.4082844803877832
"Amite Solar, LLC",Solar Photovoltaic,Solar Generation,66,30.797686,-90.53944,LA,MW,0.14480359472387302,0.714646916274308
Interstate Power and Light Co,Solar Photovoltaic,Solar Generation,2.97,41.956215,-91.69363,IA,MW,0.006377735903754168,0.4863228265519096
"Yellow Pine Solar II, LLC",Batteries,Electricity Storage,34.980000000000004,36.075505,-115.7913,NV,MW,0.10564225690276109,0.5718660140302567
"Yellow Pine Solar II, LLC",Solar Photovoltaic,Solar Generation,39.6,36.075505,-115.7913,NV,MW,0.086824177417016965,0.6551263153075775
"Yellow Pine Solar II, LLC",Batteries,Electricity Storage,21.12,36.075505,-115.7913,NV,MW,0.06362545018007203,0.5190148022306739
"Yellow Pine Solar II, LLC",Solar Photovoltaic,Solar Generation,42.9,36.075505,-115.7913,NV,MW,0.09407160458037397,0.6590690859660374
"Crow Creek Solar, LLC",Batteries,Electricity Storage,9.9,37.374065,-121.1352,CA,MW,0.02961184473789516,0.4825737949439924
"Crow Creek Solar, LLC",Solar Photovoltaic,Solar Generation,13.200000000000001,37.374065,-121.1352,CA,MW,0.02884476011016089,0.6114579956437564
Interstate Power and Light Co,Solar Photovoltaic,Solar Generation,0.66,42.063182,-93.85664,IA,MW,0.0013045368894042616,0.14061018220347427
Interstate Power and Light Co,Solar Photovoltaic,Solar Generation,1.518,41.035595,-93.33099,IA,MW,0.0031888679518770834,0.39722094397509977
Interstate Power and Light Co,Solar Photovoltaic,Solar Generation,0.9239999999999999,41.979194,-93.65625,IA,MW,0.001884331062472822,0.2794824398408343
Interstate Power and Light Co,Solar Photovoltaic,Solar Generation,0.66,41.843474,-94.12034,IA,MW,0.0013045368894042616,0.14061018220347427
"Byrne Solar, LLC",Solar Photovoltaic,Solar Generation,3.3000000000000003,43.044306,-85.39025,MI,MW,0.007102478620089869,0.505677771573954
"Lightfoot Solar, LLC",Solar Photovoltaic,Solar Generation,6.6000000000000005,44.636472,-84.17142,MI,MW,0.014349905783446878,0.5924134611575484
"Shipsterns Solar, LLC",Solar Photovoltaic,Solar Generation,13.200000000000001,42.299566,-84.75698,MI,MW,0.02884476011016089,0.6114579956437564
"Willford Solar, LLC",Solar Photovoltaic,Solar Generation,13.200000000000001,43.988483,-84.52226,MI,MW,0.02884476011016089,0.6114579956437564
"Bayou Galion Solar Project, LLC",Solar Photovoltaic,Solar Generation,64.746,32.79754,-91.78413,LA,MW,0.14204957240179736,0.7132059988557065
Reactivate,Solar Photovoltaic,Solar Generation,1.32,41.520824,-87.57228,IL,MW,0.002754022322075663,0.3275439767896132
Reactivate,Solar Photovoltaic,Solar Generation,1.32,41.383165,-87.7751,IL,MW,0.002754022322075663,0.3275439767896132
Reactivate,Solar Photovoltaic,Solar Generation,1.32,38.729,-90.135,IL,MW,0.002754022322075663,0.3275439767896132
"NextGrid Bitterbush, LLC",Solar Photovoltaic,Solar Generation,3.036,44.856462,-68.81839,ME,MW,0.006522684447021308,0.4907453586804188
"NextGrid Corkwood, LLC",Solar Photovoltaic,Solar Generation,3.036,45.258078,-68.66646,ME,MW,0.006522684447021308,0.4907453586804188
Reactivate,Solar Photovoltaic,Solar Generation,3.168,43.470642,-76.47192,NY,MW,0.0068125815335555884,0.4945325675245881
Reactivate,Solar Photovoltaic,Solar Generation,1.32,41.496,-87.56,IL,MW,0.002754022322075663,0.3275439767896132
Reactivate,Solar Photovoltaic,Solar Generation,1.32,41.526376,-87.60076,IL,MW,0.002754022322075663,0.3275439767896132
"GD West Greenwich Nooseneck I, LLC",Solar Photovoltaic,Solar Generation,6.6000000000000005,41.606,-71.647,RI,MW,0.014349905783446878,0.5924134611575484
"GD West Greenwich Nooseneck I, LLC",Solar Photovoltaic,Solar Generation,6.6000000000000005,41.606,-71.647,RI,MW,0.014349905783446878,0.5924134611575484
"Rhode Island Solar Renewable Energy IV, LLC",Solar Photovoltaic,Solar Generation,5.5440000000000005,41.613,-71.156,RI,MW,0.012030729091172636,0.5900910916661061
"Rhode Island Solar Renewable Energy IV, LLC",Solar Photovoltaic,Solar Generation,2.244,41.613,-71.156,RI,MW,0.004783301927815626,0.45463378297690915
Greenbacker Renewable Energy Corporation,Solar Photovoltaic,Solar Generation,1.32,41.975339,-70.78148,MA,MW,0.002754022322075663,0.3275439767896132
Greenbacker Renewable Energy Corporation,Batteries,Electricity Storage,1.32,41.975339,-70.78148,MA,MW,0.003601440576230492,0.2593045002085185
"Hartz Solar, LLC",Solar Photovoltaic,Solar Generation,1.98,40.679815,-74.16546,NJ,MW,0.004203507754747065,0.431451953666995
Omaha Public Power District,Batteries,Electricity Storage,0.66,40.871407,-96.17904,NE,MW,0.001600640256102441,0.16870592774492987
"SR Blount, LLC",Solar Photovoltaic,Solar Generation,0.99,35.76013,-84.00258,TN,MW,0.0020292796057399622,0.28893622872715063
"SR Christiana, LLC",Solar Photovoltaic,Solar Generation,2.178,35.700485,-86.36604,TN,MW,0.004638353384548485,0.4509625919540823
"SR Albany, LLC",Solar Photovoltaic,Solar Generation,2.838,36.243794,-82.90936,TN,MW,0.006087838817219887,0.4818938658030125
"SR Toombs I, LLC",Solar Photovoltaic,Solar Generation,165,32.294555,-82.41625,GA,MW,0.3622264096245833,0.8489242069179086
"SR Lambert I, LLC",Solar Photovoltaic,Solar Generation,66,33.332969,-79.56353,SC,MW,0.14480359472387302,0.714646916274308
"SR Panola II, LLC",Solar Photovoltaic,Solar Generation,3.168,34.340856,-89.91117,MS,MW,0.0068125815335555884,0.4945325675245881
"SR Panola III, LLC",Solar Photovoltaic,Solar Generation,2.31,34.302365,-89.98784,MS,MW,0.004928250471082766,0.4559259507673007
"SR Panola I, LLC",Solar Photovoltaic,Solar Generation,3.168,34.304153,-89.98632,MS,MW,0.0068125815335555884,0.4945325675245881
"SR Monroe, LLC",Solar Photovoltaic,Solar Generation,3.168,36.44055,-85.25356,TN,MW,0.0068125815335555884,0.4945325675245881
"SR West Marshall, LLC",Solar Photovoltaic,Solar Generation,3.168,34.958436,-89.70122,MS,MW,0.0068125815335555884,0.4945325675245881
"EF NY CDG 010, LLC",Solar Photovoltaic,Solar Generation,2.3760000000000003,42.866,-78.257,NY,MW,0.005073199014349906,0.46064927059522975
AES Clean Energy,Solar Photovoltaic,Solar Generation,99,39.9016,-77.8682,PA,MW,0.21727786635744312,0.7589047549619988
Dimension Energy LLC,Solar Photovoltaic,Solar Generation,3.3000000000000003,37.6529,-76.3888,VA,MW,0.007102478620089869,0.505677771573954
Dimension Energy LLC,Solar Photovoltaic,Solar Generation,2.64,37.2259,-78.6877,VA,MW,0.005652993187418466,0.4670569400750495
Interstate Power and Light Co,Solar Photovoltaic,Solar Generation,33,42.104396,-91.78258,IA,MW,0.07232932309030295,0.6430846546424963
"DG Kendall, LLC",Solar Photovoltaic,Solar Generation,3.3000000000000003,43.328613,-78.07082,NY,MW,0.007102478620089869,0.505677771573954
Solar Breakers LLC,Solar Photovoltaic,Solar Generation,0.66,41.57196,-71.28976,RI,MW,0.0013045368894042616,0.14061018220347427
Solar Breakers LLC,Solar Photovoltaic,Solar Generation,6.6000000000000005,41.57196,-71.28976,RI,MW,0.014349905783446878,0.5924134611575484
"DG Moorman Creek, LLC",Solar Photovoltaic,Solar Generation,2.9040000000000004,43.288,-77.865,NY,MW,0.006232787360487028,0.4842147282503652
Citizens Enterprises Corporation,Solar Photovoltaic,Solar Generation,5.412,39.563,-77.183,MD,MW,0.011740832004638354,0.5893966398639293
Southern Power Co,Solar Photovoltaic,Solar Generation,99,41.027211,-104.776,WY,MW,0.21727786635744312,0.7589047549619988
Greenbacker Renewable Energy Corporation,Solar Photovoltaic,Solar Generation,1.32,42.435916,-89.90473,IL,MW,0.002754022322075663,0.3275439767896132
Greenbacker Renewable Energy Corporation,Solar Photovoltaic,Solar Generation,1.32,42.435913,-89.90352,IL,MW,0.002754022322075663,0.3275439767896132
Greenbacker Renewable Energy Corporation,Solar Photovoltaic,Solar Generation,1.7160000000000002,46.516899,-67.8833,ME,MW,0.003623713581678504,0.4190874115973452
Greenbacker Renewable Energy Corporation,Solar Photovoltaic,Solar Generation,3.3000000000000003,45.650357,-68.70798,ME,MW,0.007102478620089869,0.505677771573954
Greenbacker Renewable Energy Corporation,Solar Photovoltaic,Solar Generation,2.178,41.605142,-71.04409,MA,MW,0.004638353384548485,0.4509625919540823
"SR Marion, LLC",Solar Photovoltaic,Solar Generation,0.8580000000000001,35.39048,-85.38391,TN,MW,0.001739382519205682,0.269152128131917
"Liberty County Solar Project, LLC",Solar Photovoltaic,Solar Generation,72.534,29.95888,-94.85048,TX,MW,0.1591535005073199,0.7352256442337746
Oak Solar LLC,Solar Photovoltaic,Solar Generation,79.2,36.526492,-77.77404,NC,MW,0.17379330337730106,0.7384768787707381
Groton BESS 2 LLC,Batteries,Electricity Storage,1.32,42.61566,-71.57778,MA,MW,0.003601440576230492,0.2593045002085185
"Auburn Renewables, LLC",Solar Photovoltaic,Solar Generation,7.260000000000001,41.343,-85.092,IN,MW,0.01579939121611828,0.5994536755956388
"SR Warren, LLC",Solar Photovoltaic,Solar Generation,2.31,36.71168,-86.54856,KY,MW,0.004928250471082766,0.4559259507673007
Geronimo Power,Solar Photovoltaic,Solar Generation,105.60000000000001,37.652,-87.552,KY,MW,0.23177272068415714,0.7827937664605176
Geronimo Power,Solar Photovoltaic,Solar Generation,29.700000000000003,39.383,-83.4,OH,MW,0.06508189592694594,0.6385618350407721
Geronimo Power,Solar Photovoltaic,Solar Generation,33,43.562,-92.683,MN,MW,0.07232932309030295,0.6430846546424963
Geronimo Power,Solar Photovoltaic,Solar Generation,29.700000000000003,43.552,-92.357,MN,MW,0.06508189592694594,0.6385618350407721
"Solar Star Bear Creek, LLC",Solar Photovoltaic,Solar Generation,3.3000000000000003,37.919197,-122.1863,CA,MW,0.007102478620089869,0.505677771573954
Solar Star Prime 4 LLC,Batteries,Electricity Storage,1.584,32.566208,-116.9335,CA,MW,0.004401760704281712,0.2921654184198226
Solar Star Prime 4 LLC,Solar Photovoltaic,Solar Generation,3.036,32.566208,-116.9335,CA,MW,0.006522684447021308,0.4907453586804188
"Foxhound Solar, LLC",Solar Photovoltaic,Solar Generation,54.78,36.875897,-78.74187,VA,MW,0.12016234236845921,0.710001081186171
Colice Hall Solar LLC,Solar Photovoltaic,Solar Generation,11.22,36.323266,-77.01007,NC,MW,0.024496303812146687,0.6073357714945843
El Paso Electric Co,Solar Photovoltaic,Solar Generation,6.6000000000000005,31.560528,-106.2586,TX,MW,0.014349905783446878,0.5924134611575484
"Rodeo Ranch Energy Storage, LLC",Batteries,Electricity Storage,198,31.36,-103.33,TX,MW,0.5998399359743898,0.8825412067479748
El Paso Electric Co,Solar Photovoltaic,Solar Generation,100.98,31.5446,-106.0376,TX,MW,0.22162632265545734,0.7806549070848197
Mohave Energy,Batteries,Electricity Storage,9.9,34.99333,-114.5484,AZ,MW,0.02961184473789516,0.4825737949439924
Mohave Energy,Solar Photovoltaic,Solar Generation,11.616000000000001,34.99333,-114.5484,AZ,MW,0.02536599507174953,0.608785663931401
"Forefront Power, LLC",Solar Photovoltaic,Solar Generation,1.584,36.987452,-121.9224,CA,MW,0.0033338164951442237,0.4043151340830314
Greenbacker Renewable Energy Corporation,Solar Photovoltaic,Solar Generation,1.32,39.193672,-77.11872,MD,MW,0.002754022322075663,0.3275439767896132
"FRP Tupelo Solar, LLC",Solar Photovoltaic,Solar Generation,49.17,29.603731,-81.52725,FL,MW,0.1078417161907523,0.6674270695664446
Idaho Power Co,Batteries,Electricity Storage,39.6,42.192956,-114.6101,ID,MW,0.11964785914365746,0.5769378019295782
Groton BESS 1 LLC,Batteries,Electricity Storage,1.32,42.609132,-71.53915,MA,MW,0.003601440576230492,0.2593045002085185
Holden BESS 1 LLC,Batteries,Electricity Storage,3.3000000000000003,42.338797,-71.83864,MA,MW,0.009603841536614645,0.3509743875366324
Paxton BESS 1 LLC,Batteries,Electricity Storage,1.98,42.291264,-71.94546,MA,MW,0.005602240896358543,0.31815622385713654
Franklin Solar Idaho,Solar Photovoltaic,Solar Generation,66,42.2042,-114.6099,ID,MW,0.14480359472387302,0.714646916274308
"SR White Pine, LLC",Solar Photovoltaic,Solar Generation,1.32,36.12323,-83.28383,TN,MW,0.002754022322075663,0.3275439767896132
"Overlook Solar Partners, LLC",Solar Photovoltaic,Solar Generation,3.3000000000000003,43.965641,-69.51811,ME,MW,0.007102478620089869,0.505677771573954
Madison Gas & Electric Co,Solar Photovoltaic,Solar Generation,3.96,42.987731,-89.378,WI,MW,0.00855196405276127,0.579550138656642
Greenbacker Renewable Energy Corporation,Solar Photovoltaic,Solar Generation,1.32,43.858529,-84.74891,MI,MW,0.002754022322075663,0.3275439767896132
Greenbacker Renewable Energy Corporation,Solar Photovoltaic,Solar Generation,1.32,42.461344,-88.27943,IL,MW,0.002754022322075663,0.3275439767896132
Greenbacker Renewable Energy Corporation,Solar Photovoltaic,Solar Generation,1.32,44.273299,-85.20803,MI,MW,0.002754022322075663,0.3275439767896132
Greenbacker Renewable Energy Corporation,Solar Photovoltaic,Solar Generation,1.32,44.289589,-85.21448,MI,MW,0.002754022322075663,0.3275439767896132
Greenbacker Renewable Energy Corporation,Solar Photovoltaic,Solar Generation,6.468000000000001,39.84666,-104.6643,CO,MW,0.014060008696912598,0.5912508147168416
Tampa Electric Co,Solar Photovoltaic,Solar Generation,49.17,27.660584,-82.29563,FL,MW,0.1078417161907523,0.6674270695664446
Quail Ranch Solar and Battery Energy Storage System,Solar Photovoltaic,Solar Generation,66,35.199081,-106.8566,NM,MW,0.14480359472387302,0.714646916274308
"FRP Gadsden County Solar, LLC",Solar Photovoltaic,Solar Generation,49.17,30.656542,-84.72439,FL,MW,0.1078417161907523,0.6674270695664446
"FRP Columbia County Solar, LLC",Solar Photovoltaic,Solar Generation,49.17,29.882422,-82.73425,FL,MW,0.1078417161907523,0.6674270695664446
"FRP Gilchrist County Solar, LLC",Solar Photovoltaic,Solar Generation,49.17,29.618349,-82.67018,FL,MW,0.1078417161907523,0.6674270695664446
"Harmony Florida Solar II, LLC",Solar Photovoltaic,Solar Generation,49.17,28.16701,-81.08417,FL,MW,0.1078417161907523,0.6674270695664446
"Storey Bend Solar, LLC",Solar Photovoltaic,Solar Generation,49.17,28.282565,-81.08145,FL,MW,0.1078417161907523,0.6674270695664446
"Pleasant Valley Solar, LLC",Solar Photovoltaic,Solar Generation,132,43.30361,-115.9893,ID,MW,0.2897521379910132,0.8017627624826315
Jade Meadow LLC,Solar Photovoltaic,Solar Generation,13.068000000000001,39.598,-78.951,MD,MW,0.02855486302362661,0.610240990767632
"Shifting Sands Solar, LLC",Solar Photovoltaic,Solar Generation,12.408000000000001,36.616243,-79.84936,VA,MW,0.027105377590955212,0.6097552710908758
"Sunny Rock Solar, LLC",Solar Photovoltaic,Solar Generation,13.200000000000001,36.608705,-79.87988,VA,MW,0.02884476011016089,0.6114579956437564
"River Trail Solar, LLC",Solar Photovoltaic,Solar Generation,13.200000000000001,36.709453,-80.88508,VA,MW,0.02884476011016089,0.6114579956437564
"Prairie Solar, LLC (VA)",Solar Photovoltaic,Solar Generation,13.200000000000001,36.880181,-76.60931,VA,MW,0.02884476011016089,0.6114579956437564
Appalachian Power Co,Solar Photovoltaic,Solar Generation,3.2340000000000004,37.553598,-79.0173,VA,MW,0.0069575300768227296,0.4978973555835699
"DG Empire Shine, LLC",Solar Photovoltaic,Solar Generation,1.98,43.281,-78.37,NY,MW,0.004203507754747065,0.431451953666995
Broadway CDG Solar LLC,Solar Photovoltaic,Solar Generation,3.3000000000000003,42.904125,-78.71426,NY,MW,0.007102478620089869,0.505677771573954
ZGlobal Inc,Batteries,Electricity Storage,0.5940000000000001,36.989444,-120.8781,CA,MW,0.0014005602240896356,0.1627153112018465
ZGlobal Inc,Solar Photovoltaic,Solar Generation,0.46199999999999997,36.989444,-120.8781,CA,MW,8.69691259602841e-4,0.11823380610602888
"Arevon Energy, Inc.",Solar Photovoltaic,Solar Generation,3.3000000000000003,37.8893,-78.323,VA,MW,0.007102478620089869,0.505677771573954
"Anemoi Energy Storage, LLC",Batteries,Electricity Storage,132,26.45,-98.48,TX,MW,0.3997599039615847,0.7658985069236155
"Ebony Energy Storage, LLC",Batteries,Electricity Storage,137.214,29.620088,-98.33448,TX,MW,0.41556622649059627,0.8099025379833006
"Autoliv ASP, Inc.",Solar Photovoltaic,Solar Generation,2.0460000000000003,41.730687,-112.1796,UT,MW,0.004348456298014205,0.44771015985185125
"EDF Renewable Asset Holdings, Inc.",Solar Photovoltaic,Solar Generation,380.82,39.777493,-83.36707,OH,MW,0.8362081461081317,0.9656788722256872
Madison Energy Investments LLC,Solar Photovoltaic,Solar Generation,1.98,30.812481,-83.2604,GA,MW,0.004203507754747065,0.431451953666995
Madison Energy Investments LLC,Batteries,Electricity Storage,0.66,42.464,-73.184,MA,MW,0.001600640256102441,0.16870592774492987
Madison Energy Investments LLC,Solar Photovoltaic,Solar Generation,0.33,42.464,-73.184,MA,MW,5.797941730685607e-4,0.09344444016868475
Madison Energy Investments LLC,Batteries,Electricity Storage,1.98,42.021,-71.342,MA,MW,0.005602240896358543,0.31815622385713654
Madison Energy Investments LLC,Solar Photovoltaic,Solar Generation,2.706,42.021,-71.342,MA,MW,0.005797941730685606,0.4791479849903564
Madison Energy Investments LLC,Solar Photovoltaic,Solar Generation,0.66,39.989,-74.173,NJ,MW,0.0013045368894042616,0.14061018220347427
Madison Energy Investments LLC,Solar Photovoltaic,Solar Generation,0.66,40.39,-84.398,OH,MW,0.0013045368894042616,0.14061018220347427
Madison Energy Investments LLC,Solar Photovoltaic,Solar Generation,1.98,31.493821,-83.49665,GA,MW,0.004203507754747065,0.431451953666995
Madison Energy Investments LLC,Solar Photovoltaic,Solar Generation,1.254,31.457562,-83.55885,GA,MW,0.002609073778808523,0.3214937248300043
McCormick NY CSG LLC,Solar Photovoltaic,Solar Generation,3.3000000000000003,42.153,-77.806,NY,MW,0.007102478620089869,0.505677771573954
NJR Clean Energy Ventures Corporation,Solar Photovoltaic,Solar Generation,10.164000000000001,40.8,-75.09,NJ,MW,0.022177127119872447,0.606372141021516
Greenbacker Renewable Energy Corporation,Solar Photovoltaic,Solar Generation,1.32,43.01082,-75.6068,NY,MW,0.002754022322075663,0.3275439767896132
Greenbacker Renewable Energy Corporation,Solar Photovoltaic,Solar Generation,1.32,41.30302,-88.50709,IL,MW,0.002754022322075663,0.3275439767896132
Greenbacker Renewable Energy Corporation,Solar Photovoltaic,Solar Generation,1.32,42.46209,-88.61188,IL,MW,0.002754022322075663,0.3275439767896132
Goose Prairie Solar LLC,Solar Photovoltaic,Solar Generation,52.800000000000004,46.52923,-120.2395,WA,MW,0.115813886070445,0.7020305213276591
"Surbrook Solar, LLC",Solar Photovoltaic,Solar Generation,6.6000000000000005,42.3881,-84.4902,MI,MW,0.014349905783446878,0.5924134611575484
"Distributed Solar Development, LLC",Solar Photovoltaic,Solar Generation,2.31,43.334376,-75.17795,NY,MW,0.004928250471082766,0.4559259507673007
"Distributed Solar Development, LLC",Solar Photovoltaic,Solar Generation,2.7720000000000002,40.025166,-74.24949,NJ,MW,0.005942890273952748,0.48020451222404453
"Distributed Solar Development, LLC",Solar Photovoltaic,Solar Generation,0.66,41.028481,-73.75907,NY,MW,0.0013045368894042616,0.14061018220347427
"Distributed Solar Development, LLC",Solar Photovoltaic,Solar Generation,0.9239999999999999,39.201562,-78.21391,VA,MW,0.001884331062472822,0.2794824398408343
"Distributed Solar Development, LLC",Solar Photovoltaic,Solar Generation,1.056,39.682767,-75.01094,NJ,MW,0.0021742281490071025,0.3043348370062575
"Distributed Solar Development, LLC",Solar Photovoltaic,Solar Generation,0.66,39.682767,-75.01094,NJ,MW,0.0013045368894042616,0.14061018220347427
"Distributed Solar Development, LLC",Solar Photovoltaic,Solar Generation,0.8580000000000001,39.680519,-75.00341,NJ,MW,0.001739382519205682,0.269152128131917
"Distributed Solar Development, LLC",Solar Photovoltaic,Solar Generation,0.33,39.680519,-75.00341,NJ,MW,5.797941730685607e-4,0.09344444016868475
"Distributed Solar Development, LLC",Batteries,Electricity Storage,0.8580000000000001,41.008926,-73.75766,NY,MW,0.0022008803521408565,0.23410149307638453
"Distributed Solar Development, LLC",Solar Photovoltaic,Solar Generation,0.33,41.008926,-73.75766,NY,MW,5.797941730685607e-4,0.09344444016868475
"Distributed Solar Development, LLC",Solar Photovoltaic,Solar Generation,0.99,41.008926,-73.75766,NY,MW,0.0020292796057399622,0.28893622872715063
Greenbacker Renewable Energy Corporation,Solar Photovoltaic,Solar Generation,3.3000000000000003,41.964076,-70.78877,MA,MW,0.007102478620089869,0.505677771573954
Greenbacker Renewable Energy Corporation,Batteries,Electricity Storage,1.518,41.964076,-70.78877,MA,MW,0.0042016806722689065,0.2908457744909249
"Alcosta Boulevard BR 15-DD Solar Project 2020, LLC",Batteries,Electricity Storage,0.33,37.7729,-121.9595,CA,MW,6.002400960384153e-4,0.08197921337086443
"Alcosta Boulevard BR 15-DD Solar Project 2020, LLC",Solar Photovoltaic,Solar Generation,0.264,37.7729,-121.9595,CA,MW,4.348456298014206e-4,0.08624966289044977
"Alcosta Boulevard BR 15-DD Solar Project 2020, LLC",Solar Photovoltaic,Solar Generation,0.132,37.7729,-121.9595,CA,MW,1.4494854326714017e-4,0.06381996872084994
"Camino Ramon BR 2600 Solar Project 2020, LLC",Batteries,Electricity Storage,0.7260000000000001,37.766308,-121.9617,CA,MW,0.0018007202881152463,0.2228126796486022
"Camino Ramon BR 2600 Solar Project 2020, LLC",Solar Photovoltaic,Solar Generation,0.33,37.766308,-121.9617,CA,MW,5.797941730685607e-4,0.09344444016868475
"Camino Ramon BR 2600 Solar Project 2020, LLC",Solar Photovoltaic,Solar Generation,0.792,37.766308,-121.9617,CA,MW,0.0015944339759385417,0.25779353676419364
"Ruggirello Solar, LLC",Solar Photovoltaic,Solar Generation,1.32,41.564307,-74.13999,NY,MW,0.002754022322075663,0.3275439767896132
"FFP NY Goshen Project1, LLC",Solar Photovoltaic,Solar Generation,2.9040000000000004,41.330899,-74.40342,NY,MW,0.006232787360487028,0.4842147282503652
"FFP NY Goshen Project1, LLC",Batteries,Electricity Storage,2.64,41.330899,-74.40342,NY,MW,0.007603041216486594,0.3457800080613508
"FFP NY Goshen Project2, LLC",Solar Photovoltaic,Solar Generation,3.3000000000000003,41.375291,-74.39291,NY,MW,0.007102478620089869,0.505677771573954
"FFP NY Goshen Project2, LLC",Batteries,Electricity Storage,3.3000000000000003,41.375291,-74.39291,NY,MW,0.009603841536614645,0.3509743875366324
"Enel Green Power NA, Inc.",Batteries,Electricity Storage,46.53,29.109147,-96.52876,TX,MW,0.140656262505002,0.5959736730114666
"Enel Green Power NA, Inc.",Solar Photovoltaic,Solar Generation,99.33,29.109147,-96.52876,TX,MW,0.21800260907377883,0.778546234477507
"Sun Streams PVS, LLC",Solar Photovoltaic,Solar Generation,141.9,33.331667,-112.8119,AZ,MW,0.31149441948108425,0.8344931348368804
"Sun Streams PVS, LLC",Batteries,Electricity Storage,141.9,33.331667,-112.8119,AZ,MW,0.4297719087635054,0.8149203137392563
Nautilus Solar Solutions,Solar Photovoltaic,Solar Generation,3.3000000000000003,44.9485,-69.6523,ME,MW,0.007102478620089869,0.505677771573954
Dos Palos Clean Power LLC,Solar Photovoltaic,Solar Generation,1.98,37.002643,-120.6382,CA,MW,0.004203507754747065,0.431451953666995
"Foster Clean Power A, LLC",Batteries,Electricity Storage,0.8580000000000001,40.882295,-124.1012,CA,MW,0.0022008803521408565,0.23410149307638453
"Foster Clean Power A, LLC",Solar Photovoltaic,Solar Generation,1.98,40.882295,-124.1012,CA,MW,0.004203507754747065,0.431451953666995
"MEVS DOT, LLC",Solar Photovoltaic,Solar Generation,1.122,44.311409,-69.81117,ME,MW,0.0023191766922742423,0.30987734936531186
"MEVS DOT, LLC",Solar Photovoltaic,Solar Generation,0.33,44.311409,-69.81117,ME,MW,5.797941730685607e-4,0.09344444016868475
"Sun Streams Expansion, LLC",Solar Photovoltaic,Solar Generation,198,33.361282,-112.7801,AZ,MW,0.4347006812581533,0.8792741632080008
"Sun Streams Expansion, LLC",Batteries,Electricity Storage,198,33.361282,-112.7801,AZ,MW,0.5998399359743898,0.8825412067479748
"Bowser Road Solar Project 2021, LLC",Solar Photovoltaic,Solar Generation,0.99,40.522282,-74.4726,NJ,MW,0.0020292796057399622,0.28893622872715063
"ESNY-RT-ELMSFORD, LLC",Solar Photovoltaic,Solar Generation,1.1880000000000002,41.066468,-73.82251,NY,MW,0.002464125235541383,0.3143414461503724
"ESNY-RT-ELMSFORD, LLC",Solar Photovoltaic,Solar Generation,0.198,41.066468,-73.82251,NY,MW,2.898970865342803e-4,0.07821766520286685
"Dudley Road Solar Project 2021, LLC",Solar Photovoltaic,Solar Generation,0.792,40.479292,-74.43709,NJ,MW,0.0015944339759385417,0.25779353676419364
Locust Solar LLC,Solar Photovoltaic,Solar Generation,3.3000000000000003,42.613905,-76.16685,NY,MW,0.007102478620089869,0.505677771573954
"Freemans Way Solar Project 2019, LLC",Solar Photovoltaic,Solar Generation,0.528,41.732147,-70.01662,MA,MW,0.0010146398028699813,0.12194662962902733
"Freemans Way Solar Project 2019, LLC",Batteries,Electricity Storage,0.264,41.732147,-70.01662,MA,MW,4.0016006402561027e-4,0.07391002619321582
"FFP MD Freeland Project1, LLC",Solar Photovoltaic,Solar Generation,1.32,39.683539,-76.73909,MD,MW,0.002754022322075663,0.3275439767896132
"SR Canadaville, LLC",Solar Photovoltaic,Solar Generation,10.56,35.09961,-89.59874,TN,MW,0.023046818379475288,0.6068536625089174
MN8 Energy LLC,Batteries,Electricity Storage,66,32.94005,-117.0319,CA,MW,0.1996798719487795,0.6262351124790859
Rattlesnake Ridge Energy Storage LLC,Batteries,Electricity Storage,7.788000000000001,40.197388,-104.608,CO,MW,0.023209283713485396,0.47062682600006095
Parkway Energy Storage LLC,Batteries,Electricity Storage,5.148,39.985694,-105.0104,CO,MW,0.015206082432973188,0.38781997349073194
Frederick Energy Storage LLC,Batteries,Electricity Storage,5.148,40.10462,-104.9845,CO,MW,0.015206082432973188,0.38781997349073194
Mead Energy Storage LLC,Batteries,Electricity Storage,5.148,40.219394,-104.9422,CO,MW,0.015206082432973188,0.38781997349073194
Davis UP Energy Storage LLC,Batteries,Electricity Storage,7.788000000000001,40.144366,-104.7451,CO,MW,0.023209283713485396,0.47062682600006095
Bromley Energy Storage LLC,Batteries,Electricity Storage,7.788000000000001,39.978775,-104.7687,CO,MW,0.023209283713485396,0.47062682600006095
Keenesburg Energy Storage LLC,Batteries,Electricity Storage,7.788000000000001,40.146214,-104.5487,CO,MW,0.023209283713485396,0.47062682600006095
Platte Valley Energy Storage LLC,Batteries,Electricity Storage,5.148,39.988332,-104.8451,CO,MW,0.015206082432973188,0.38781997349073194
Sunflower Electric Power Corp,Solar Photovoltaic,Solar Generation,13.200000000000001,38.893806,-98.79419,KS,MW,0.02884476011016089,0.6114579956437564
Invenergy Services LLC,Batteries,Electricity Storage,44.22,32.642434,-114.4292,AZ,MW,0.1336534613845538,0.5915801773241011
Invenergy Services LLC,Solar Photovoltaic,Solar Generation,46.2,32.642434,-114.4292,AZ,MW,0.10131903174373098,0.6622080725299695
AES Clean Energy,Batteries,Electricity Storage,7.3919999999999995,39.5266,-107.698,CO,MW,0.022008803521408563,0.468226639693013
AES Clean Energy,Solar Photovoltaic,Solar Generation,7.3919999999999995,39.5266,-107.698,CO,MW,0.01608928830265256,0.600164035286741
AES Clean Energy,Batteries,Electricity Storage,7.3919999999999995,39.3959,-108.0733,CO,MW,0.022008803521408563,0.468226639693013
AES Clean Energy,Solar Photovoltaic,Solar Generation,7.3919999999999995,39.3959,-108.0733,CO,MW,0.01608928830265256,0.600164035286741
"Pluto Energy Storage, LLC",Batteries,Electricity Storage,49.5,33.409631,-112.4116,AZ,MW,0.14965986394557823,0.6004115935114015
Nautilus Solar Solutions,Solar Photovoltaic,Solar Generation,2.9040000000000004,44.6059,-75.1589,NY,MW,0.006232787360487028,0.4842147282503652
Nautilus Solar Solutions,Solar Photovoltaic,Solar Generation,0.99,44.45085,-69.72615,ME,MW,0.0020292796057399622,0.28893622872715063
Nautilus Solar Solutions,Solar Photovoltaic,Solar Generation,0.66,45.642103,-95.53038,MN,MW,0.0013045368894042616,0.14061018220347427
Nautilus Solar Solutions,Solar Photovoltaic,Solar Generation,0.66,45.31917,-94.555,MN,MW,0.0013045368894042616,0.14061018220347427
Nautilus Solar Solutions,Solar Photovoltaic,Solar Generation,3.3000000000000003,43.7511,-70.5466,ME,MW,0.007102478620089869,0.505677771573954
Nautilus Solar Solutions,Solar Photovoltaic,Solar Generation,1.32,39.2028,-76.9561,MD,MW,0.002754022322075663,0.3275439767896132
Nautilus Solar Solutions,Solar Photovoltaic,Solar Generation,3.3000000000000003,42.58319,-75.47034,NY,MW,0.007102478620089869,0.505677771573954
Nautilus Solar Solutions,Solar Photovoltaic,Solar Generation,3.3000000000000003,44.28,-69.74456,ME,MW,0.007102478620089869,0.505677771573954
Nautilus Solar Solutions,Solar Photovoltaic,Solar Generation,2.64,43.201165,-76.17609,NY,MW,0.005652993187418466,0.4670569400750495
Nautilus Solar Solutions,Solar Photovoltaic,Solar Generation,3.3000000000000003,43.194602,-76.17513,NY,MW,0.007102478620089869,0.505677771573954
Nautilus Solar Solutions,Solar Photovoltaic,Solar Generation,2.64,44.2355,-69.3739,ME,MW,0.005652993187418466,0.4670569400750495
Nautilus Solar Solutions,Solar Photovoltaic,Solar Generation,3.168,43.32736,-70.62898,ME,MW,0.0068125815335555884,0.4945325675245881
"Carvers Creek, LLC",Solar Photovoltaic,Solar Generation,36.234,37.56189,-76.60537,VA,MW,0.07943180171039281,0.6528985214235316
"Carvers Creek, LLC",Solar Photovoltaic,Solar Generation,65.34,37.56189,-76.60537,VA,MW,0.14335410929120163,0.7135652590019975
"Green Mile Solar, LLC",Solar Photovoltaic,Solar Generation,3.3000000000000003,43.93795,-69.78418,ME,MW,0.007102478620089869,0.505677771573954
"Tower Solar Partners, LLC",Solar Photovoltaic,Solar Generation,3.3000000000000003,44.949,-69.87913,ME,MW,0.007102478620089869,0.505677771573954
Ecos Energy LLC,Solar Photovoltaic,Solar Generation,0.66,41.3367,-72.9868,CT,MW,0.0013045368894042616,0.14061018220347427
SunShare Management,Solar Photovoltaic,Solar Generation,3.3000000000000003,40.318,-104.8914,CO,MW,0.007102478620089869,0.505677771573954
SunShare Management,Solar Photovoltaic,Solar Generation,3.3000000000000003,40.311735,-104.7714,CO,MW,0.007102478620089869,0.505677771573954
SunShare Management,Solar Photovoltaic,Solar Generation,3.3000000000000003,40.47111,-104.6514,CO,MW,0.007102478620089869,0.505677771573954
"CTMW Solar, LLC",Solar Photovoltaic,Solar Generation,0.8580000000000001,35.0009,-118.8983,CA,MW,0.001739382519205682,0.269152128131917
AES Clean Energy,Solar Photovoltaic,Solar Generation,3.2340000000000004,44.3123,-68.6586,ME,MW,0.0069575300768227296,0.4978973555835699
Navisun LLC,Solar Photovoltaic,Solar Generation,0.66,41.760554,-70.96785,MA,MW,0.0013045368894042616,0.14061018220347427
Navisun LLC,Solar Photovoltaic,Solar Generation,3.3000000000000003,43.614962,-70.40802,ME,MW,0.007102478620089869,0.505677771573954
Navisun LLC,Solar Photovoltaic,Solar Generation,1.1880000000000002,41.97636,-71.61372,RI,MW,0.002464125235541383,0.3143414461503724
Nautilus Solar Solutions,Solar Photovoltaic,Solar Generation,3.2340000000000004,44.2471,-69.8005,ME,MW,0.0069575300768227296,0.4978973555835699
Nautilus Solar Solutions,Solar Photovoltaic,Solar Generation,3.2340000000000004,44.02099,-70.95782,ME,MW,0.0069575300768227296,0.4978973555835699
Nautilus Solar Solutions,Solar Photovoltaic,Solar Generation,2.64,39.2348,-75.56284,DE,MW,0.005652993187418466,0.4670569400750495
Nautilus Solar Solutions,Solar Photovoltaic,Solar Generation,1.32,39.3273,-76.781,MD,MW,0.002754022322075663,0.3275439767896132
Nautilus Solar Solutions,Solar Photovoltaic,Solar Generation,1.32,38.69686,-76.97816,MD,MW,0.002754022322075663,0.3275439767896132
Nautilus Solar Solutions,Solar Photovoltaic,Solar Generation,1.98,46.6837,-68.0382,ME,MW,0.004203507754747065,0.431451953666995
Nautilus Solar Solutions,Solar Photovoltaic,Solar Generation,1.32,39.70381,-75.94323,MD,MW,0.002754022322075663,0.3275439767896132
Nautilus Solar Solutions,Solar Photovoltaic,Solar Generation,1.98,46.7057,-68.0441,ME,MW,0.004203507754747065,0.431451953666995
Nautilus Solar Solutions,Solar Photovoltaic,Solar Generation,0.99,38.56654,-76.10953,MD,MW,0.0020292796057399622,0.28893622872715063
Nautilus Solar Solutions,Solar Photovoltaic,Solar Generation,3.3000000000000003,44.1012,-70.70577,ME,MW,0.007102478620089869,0.505677771573954
"Bowser Road Solar Project 2021, LLC",Solar Photovoltaic,Solar Generation,0.8580000000000001,40.524806,-74.46719,NJ,MW,0.001739382519205682,0.269152128131917
"Wyman Hill Solar, LLC",Solar Photovoltaic,Solar Generation,2.64,44.517714,-70.51785,ME,MW,0.005652993187418466,0.4670569400750495
Nautilus Solar Solutions,Solar Photovoltaic,Solar Generation,1.518,42.678742,-73.94719,NY,MW,0.0031888679518770834,0.39722094397509977
Nautilus Solar Solutions,Solar Photovoltaic,Solar Generation,1.32,39.70285,-78.08261,MD,MW,0.002754022322075663,0.3275439767896132
Nautilus Solar Solutions,Solar Photovoltaic,Solar Generation,1.98,38.82294,-76.93471,MD,MW,0.004203507754747065,0.431451953666995
Nautilus Solar Solutions,Solar Photovoltaic,Solar Generation,2.64,43.0169,-78.9779,NY,MW,0.005652993187418466,0.4670569400750495
"RPNY Solar 4, LLC",Solar Photovoltaic,Solar Generation,1.8479999999999999,43.063039,-76.01097,NY,MW,0.003913610668212784,0.42474151043915653
"RPNY Solar 6, LLC",Solar Photovoltaic,Solar Generation,1.98,42.96881,-78.21004,NY,MW,0.004203507754747065,0.431451953666995
"RPNY Solar 7, LLC",Solar Photovoltaic,Solar Generation,1.056,42.973941,-78.20607,NY,MW,0.0021742281490071025,0.3043348370062575
Nautilus Solar Solutions,Solar Photovoltaic,Solar Generation,1.8479999999999999,41.58008,-71.56706,RI,MW,0.003913610668212784,0.42474151043915653
Nautilus Solar Solutions,Solar Photovoltaic,Solar Generation,3.3000000000000003,41.53216,-71.5597,RI,MW,0.007102478620089869,0.505677771573954
AES Clean Energy,Solar Photovoltaic,Solar Generation,3.3000000000000003,43.36,-73.563,NY,MW,0.007102478620089869,0.505677771573954
AES Clean Energy,Solar Photovoltaic,Solar Generation,3.3000000000000003,42.78,-74.07,NY,MW,0.007102478620089869,0.505677771573954
AES Clean Energy,Solar Photovoltaic,Solar Generation,3.3000000000000003,42.992,-74.313,NY,MW,0.007102478620089869,0.505677771573954
AES Clean Energy,Solar Photovoltaic,Solar Generation,3.3000000000000003,42.993,-74.311,NY,MW,0.007102478620089869,0.505677771573954
AES Clean Energy,Solar Photovoltaic,Solar Generation,6.6000000000000005,41.58,-71.523,RI,MW,0.014349905783446878,0.5924134611575484
AES Clean Energy,Solar Photovoltaic,Solar Generation,3.3000000000000003,43.356,-73.566,NY,MW,0.007102478620089869,0.505677771573954
"CS Wind America, Inc.",Solar Photovoltaic,Solar Generation,8.118,38.169473000000004,-104.619,CO,MW,0.017683722278591104,0.6018262325120551
AES Clean Energy,Solar Photovoltaic,Solar Generation,102.696,37.018,-76.7358,VA,MW,0.22539498478040296,0.7817204920489275
AES Clean Energy,Solar Photovoltaic,Solar Generation,55.70400000000001,37.018,-76.7358,VA,MW,0.12219162197419918,0.7103546958386626
LSE Pictor LLC,Solar Photovoltaic,Solar Generation,1.32,41.900096,-73.10705,CT,MW,0.002754022322075663,0.3275439767896132
Hopkins Energy LLC,Solar Photovoltaic,Solar Generation,165,33.21732,-95.4621,TX,MW,0.3622264096245833,0.8489242069179086
Nautilus Solar Solutions,Solar Photovoltaic,Solar Generation,3.3000000000000003,43.350259,-75.72924,NY,MW,0.007102478620089869,0.505677771573954
Nautilus Solar Solutions,Solar Photovoltaic,Solar Generation,3.3000000000000003,46.53099,-68.33932,ME,MW,0.007102478620089869,0.505677771573954
Nautilus Solar Solutions,Solar Photovoltaic,Solar Generation,2.178,44.620776,-68.50923,ME,MW,0.004638353384548485,0.4509625919540823
Nautilus Solar Solutions,Solar Photovoltaic,Solar Generation,1.32,44.716375,-69.81124,ME,MW,0.002754022322075663,0.3275439767896132
Nautilus Solar Solutions,Solar Photovoltaic,Solar Generation,1.32,44.851756,-69.91664,ME,MW,0.002754022322075663,0.3275439767896132
Bravo REC Management LLC,Solar Photovoltaic,Solar Generation,2.64,36.362673,-119.426,CA,MW,0.005652993187418466,0.4670569400750495
Nautilus Solar Solutions,Solar Photovoltaic,Solar Generation,3.3000000000000003,44.6177,-75.1622,NY,MW,0.007102478620089869,0.505677771573954
Nautilus Solar Solutions,Solar Photovoltaic,Solar Generation,3.3000000000000003,44.57221,-69.6917,ME,MW,0.007102478620089869,0.505677771573954
Nautilus Solar Solutions,Solar Photovoltaic,Solar Generation,1.32,38.3228,-75.5431,MD,MW,0.002754022322075663,0.3275439767896132
Nautilus Solar Solutions,Solar Photovoltaic,Solar Generation,2.64,43.070743,-75.54529,NY,MW,0.005652993187418466,0.4670569400750495
Nautilus Solar Solutions,Solar Photovoltaic,Solar Generation,1.122,39.72736,-104.7695,CO,MW,0.0023191766922742423,0.30987734936531186
Nautilus Solar Solutions,Solar Photovoltaic,Solar Generation,2.508,42.641661,-79.0173,NY,MW,0.005363096100884186,0.46343031102417204
Nautilus Solar Solutions,Solar Photovoltaic,Solar Generation,1.122,39.72883,-104.7706,CO,MW,0.0023191766922742423,0.30987734936531186
Nautilus Solar Solutions,Solar Photovoltaic,Solar Generation,1.6500000000000001,41.95397,-71.52153,RI,MW,0.003478765038411364,0.4082844803877832
Nautilus Solar Solutions,Solar Photovoltaic,Solar Generation,3.3000000000000003,43.33777,-70.73331,ME,MW,0.007102478620089869,0.505677771573954
Nautilus Solar Solutions,Solar Photovoltaic,Solar Generation,3.3000000000000003,44.179791,-70.51458,ME,MW,0.007102478620089869,0.505677771573954
Nautilus Solar Solutions,Solar Photovoltaic,Solar Generation,3.2340000000000004,44.0651,-70.1021,ME,MW,0.0069575300768227296,0.4978973555835699
Nautilus Solar Solutions,Solar Photovoltaic,Solar Generation,3.3000000000000003,43.43216,-70.71432,ME,MW,0.007102478620089869,0.505677771573954
Nautilus Solar Solutions,Solar Photovoltaic,Solar Generation,3.2340000000000004,43.43461,-70.75387,ME,MW,0.0069575300768227296,0.4978973555835699
Nautilus Solar Solutions,Solar Photovoltaic,Solar Generation,3.3000000000000003,43.89492,-70.34346,ME,MW,0.007102478620089869,0.505677771573954
"Scatter Wash Energy Storage, LLC",Batteries,Electricity Storage,112.2,33.71264,-112.082,AZ,MW,0.3397358943577431,0.7486864987995877
"Scatter Wash Energy Storage, LLC",Batteries,Electricity Storage,56.1,33.712234,-112.082,AZ,MW,0.16966786714685875,0.6158744896587356
Madison Energy Investments LLC,Solar Photovoltaic,Solar Generation,0.7260000000000001,41.849012,-74.08993,NY,MW,0.0014494854326714017,0.24832723510049104
Madison Energy Investments LLC,Batteries,Electricity Storage,0.99,41.77,-70.571,MA,MW,0.0026010404161664665,0.24120340063431392
Madison Energy Investments LLC,Solar Photovoltaic,Solar Generation,2.838,41.77,-70.571,MA,MW,0.006087838817219887,0.4818938658030125
Madison Energy Investments LLC,Solar Photovoltaic,Solar Generation,0.66,39.152794,-77.31136,MD,MW,0.0013045368894042616,0.14061018220347427
Madison Energy Investments LLC,Solar Photovoltaic,Solar Generation,0.8580000000000001,40.946934,-83.16244,OH,MW,0.001739382519205682,0.269152128131917
Madison Energy Investments LLC,Solar Photovoltaic,Solar Generation,0.66,40.13,-74.218,NJ,MW,0.0013045368894042616,0.14061018220347427
Madison Energy Investments LLC,Solar Photovoltaic,Solar Generation,0.66,40.198,-74.633,NJ,MW,0.0013045368894042616,0.14061018220347427
Madison Energy Investments LLC,Solar Photovoltaic,Solar Generation,3.2340000000000004,44.655,-70.151,ME,MW,0.0069575300768227296,0.4978973555835699
Madison Energy Investments LLC,Solar Photovoltaic,Solar Generation,1.98,36.99716,-82.52662,VA,MW,0.004203507754747065,0.431451953666995
Madison Energy Investments LLC,Batteries,Electricity Storage,0.66,42.115,-71.237,MA,MW,0.001600640256102441,0.16870592774492987
Madison Energy Investments LLC,Solar Photovoltaic,Solar Generation,0.33,42.115,-71.237,MA,MW,5.797941730685607e-4,0.09344444016868475
Green Street Power Partners,Solar Photovoltaic,Solar Generation,3.3000000000000003,40.665825,-103.2035,CO,MW,0.007102478620089869,0.505677771573954
Green Street Power Partners,Solar Photovoltaic,Solar Generation,2.64,40.319191000000004,-104.8362,CO,MW,0.005652993187418466,0.4670569400750495
Green Street Power Partners,Solar Photovoltaic,Solar Generation,3.3000000000000003,40.340485,-104.8817,CO,MW,0.007102478620089869,0.505677771573954
Green Street Power Partners,Solar Photovoltaic,Solar Generation,3.3000000000000003,43.200586,-75.25808,NY,MW,0.007102478620089869,0.505677771573954
Green Street Power Partners,Solar Photovoltaic,Solar Generation,0.7260000000000001,41.9267,-71.31772,MA,MW,0.0014494854326714017,0.24832723510049104
Green Street Power Partners,Solar Photovoltaic,Solar Generation,3.1020000000000003,42.841631,-76.44535,NY,MW,0.006667632990288448,0.49306005940152076
Green Street Power Partners,Solar Photovoltaic,Solar Generation,3.168,44.344964,-75.48606,NY,MW,0.0068125815335555884,0.4945325675245881
Green Street Power Partners,Solar Photovoltaic,Solar Generation,3.3000000000000003,44.344964,-75.48606,NY,MW,0.007102478620089869,0.505677771573954
RA Jones,Solar Photovoltaic,Solar Generation,0.8580000000000001,39.04441,-84.58391,KY,MW,0.001739382519205682,0.269152128131917
Copia Power,Batteries,Electricity Storage,198,33.46,-113.11,AZ,MW,0.5998399359743898,0.8825412067479748
Copia Power,Solar Photovoltaic,Solar Generation,198,33.46,-113.11,AZ,MW,0.4347006812581533,0.8792741632080008
Green Street Power Partners,Solar Photovoltaic,Solar Generation,2.31,43.07072,-73.89807,NY,MW,0.004928250471082766,0.4559259507673007
Green Street Power Partners,Solar Photovoltaic,Solar Generation,2.31,43.068154,-73.92014,NY,MW,0.004928250471082766,0.4559259507673007
Solar Planet Power,Solar Photovoltaic,Solar Generation,1.6500000000000001,42.39101,-79.42755,NY,MW,0.003478765038411364,0.4082844803877832
Finchville Tpke LLC,Solar Photovoltaic,Solar Generation,1.1880000000000002,41.449394,-74.55478,NY,MW,0.002464125235541383,0.3143414461503724
"Lower Road II, LLC",Solar Photovoltaic,Solar Generation,1.32,41.338012,-74.48105,NY,MW,0.002754022322075663,0.3275439767896132
"Lower Road III, LLC",Solar Photovoltaic,Solar Generation,1.32,41.333041,-74.48451,NY,MW,0.002754022322075663,0.3275439767896132
NJR Clean Energy Ventures Corporation,Solar Photovoltaic,Solar Generation,2.64,41.981,-73.152,CT,MW,0.005652993187418466,0.4670569400750495
NJR Clean Energy Ventures Corporation,Solar Photovoltaic,Solar Generation,2.64,41.964,-72.561,CT,MW,0.005652993187418466,0.4670569400750495
Standard Solar,Solar Photovoltaic,Solar Generation,1.32,38.708361,-76.74585,MD,MW,0.002754022322075663,0.3275439767896132
City Water and Light Plant,Solar Photovoltaic,Solar Generation,6.6000000000000005,35.814274,-90.57867,AR,MW,0.014349905783446878,0.5924134611575484
"TAI Huntsville Solar, LLC",Solar Photovoltaic,Solar Generation,21.384,34.829551,-86.63035,AL,MW,0.04681837947528627,0.6325465987317245
Cavalry Energy Center LLC,Batteries,Electricity Storage,29.700000000000003,40.895314,-86.81023,IN,MW,0.08963585434173668,0.5422294824267714
Cavalry Energy Center LLC,Solar Photovoltaic,Solar Generation,132,40.895314,-86.81023,IN,MW,0.2897521379910132,0.8017627624826315
Spectrum Solar LLC,Solar Photovoltaic,Solar Generation,1.98,38.95,-76.95,MD,MW,0.004203507754747065,0.431451953666995
Spectrum Solar LLC,Solar Photovoltaic,Solar Generation,1.7160000000000002,38.95,-76.95,MD,MW,0.003623713581678504,0.4190874115973452
Green Street Power Partners,Solar Photovoltaic,Solar Generation,1.3860000000000001,28.815358,-81.68239,FL,MW,0.0028989708653428033,0.3924229524406973
Green Street Power Partners,Solar Photovoltaic,Solar Generation,1.254,28.793954,-81.62314,FL,MW,0.002609073778808523,0.3214937248300043
"HEN Infrastructure, L.L.C.",Batteries,Electricity Storage,6.534000000000001,28.994112,-96.1262,TX,MW,0.019407763105242098,0.394200048734022
"HEN Infrastructure, L.L.C.",Batteries,Electricity Storage,6.534000000000001,29.39521,-95.04077,TX,MW,0.019407763105242098,0.394200048734022
"HEN Infrastructure, L.L.C.",Batteries,Electricity Storage,6.534000000000001,31.183494,-101.4604,TX,MW,0.019407763105242098,0.394200048734022
"HEN Infrastructure, L.L.C.",Batteries,Electricity Storage,6.534000000000001,31.508786,-103.6175,TX,MW,0.019407763105242098,0.394200048734022
"Hornshadow Solar, LLC",Solar Photovoltaic,Solar Generation,66,39.182429,-110.9772,UT,MW,0.14480359472387302,0.714646916274308
AES Clean Energy,Batteries,Electricity Storage,122.10000000000001,32.946009,-113.4916,AZ,MW,0.3697478991596639,0.7605431082966857
Nautilus Solar Solutions,Solar Photovoltaic,Solar Generation,3.3000000000000003,44.7977,-68.7146,ME,MW,0.007102478620089869,0.505677771573954
"Serrano Solar, LLC",Solar Photovoltaic,Solar Generation,112.2,32.502375,-111.3037,AZ,MW,0.24626757501087115,0.7860612308660185
"Serrano Solar, LLC",Batteries,Electricity Storage,141.108,32.502375,-111.3037,AZ,MW,0.4273709483793518,0.8123872102015665
Walnut Bend Solar Station,Solar Photovoltaic,Solar Generation,66,34.860346,-91.08201,AR,MW,0.14480359472387302,0.714646916274308
LSE Indus LLC,Solar Photovoltaic,Solar Generation,1.32,42.021795,-73.31691,CT,MW,0.002754022322075663,0.3275439767896132
"Entegrity Solar ACC, LLC",Solar Photovoltaic,Solar Generation,1.32,33.926859,-93.86014,AR,MW,0.002754022322075663,0.3275439767896132
Greenbacker Renewable Energy Corporation,Solar Photovoltaic,Solar Generation,1.32,39.193589,-77.11872,MD,MW,0.002754022322075663,0.3275439767896132
"Forefront Power, LLC",Solar Photovoltaic,Solar Generation,1.7160000000000002,32.816578,-117.0063,CA,MW,0.003623713581678504,0.4190874115973452
"Hornshadow Solar II, LLC",Solar Photovoltaic,Solar Generation,132,39.182429,-110.9772,UT,MW,0.2897521379910132,0.8017627624826315
Bravo REC Management LLC,Solar Photovoltaic,Solar Generation,1.914,36.270566,-119.5182,CA,MW,0.0040585592114799245,0.4278826698683019
"Entegrity Solar ADC, LLC",Solar Photovoltaic,Solar Generation,3.2340000000000004,34.041298,-91.62795,AR,MW,0.0069575300768227296,0.4978973555835699
"Entegrity Solar Green Forest, LLC",Solar Photovoltaic,Solar Generation,0.792,36.367396,-93.54285,AR,MW,0.0015944339759385417,0.25779353676419364
"Entegrity Solar Crossett SD, LLC",Solar Photovoltaic,Solar Generation,0.66,33.131191,-91.9411,AR,MW,0.0013045368894042616,0.14061018220347427
BluePath Solar Sacramento I LLC,Solar Photovoltaic,Solar Generation,0.8580000000000001,38.553,-121.422,CA,MW,0.001739382519205682,0.269152128131917
"Entegrity Solar El Dorado SD, LLC",Solar Photovoltaic,Solar Generation,1.1880000000000002,33.212935,-92.62154,AR,MW,0.002464125235541383,0.3143414461503724
"Nabholz Solar FPS Ozarks, LLC",Solar Photovoltaic,Solar Generation,0.66,36.004934,-94.02052,AR,MW,0.0013045368894042616,0.14061018220347427
"Nabholz Solar FPS, LLC",Solar Photovoltaic,Solar Generation,2.64,35.147412,-93.87086,AR,MW,0.005652993187418466,0.4670569400750495
"Entegrity Solar LRWRA, LLC",Solar Photovoltaic,Solar Generation,2.64,35.147412,-93.87086,AR,MW,0.005652993187418466,0.4670569400750495
"Entegrity Solar Rivercrest SD, LLC",Solar Photovoltaic,Solar Generation,0.66,35.618068,-90.10492,AR,MW,0.0013045368894042616,0.14061018220347427
"Entegrity Solar Southside SD, LLC",Solar Photovoltaic,Solar Generation,0.66,34.724417,-92.1968,AR,MW,0.0013045368894042616,0.14061018220347427
"Entegrity Solar UA AG, LLC",Solar Photovoltaic,Solar Generation,1.8479999999999999,33.926582,-93.85887,AR,MW,0.003913610668212784,0.42474151043915653
"Entegrity Solar WRMC, LLC",Solar Photovoltaic,Solar Generation,1.914,35.609774,-91.25704,AR,MW,0.0040585592114799245,0.4278826698683019
"Milagro Solar I, LLC",Batteries,Electricity Storage,49.5,31.796,-106.642,NM,MW,0.14965986394557823,0.6004115935114015
"Milagro Solar I, LLC",Solar Photovoltaic,Solar Generation,99,31.796,-106.642,NM,MW,0.21727786635744312,0.7589047549619988
Dimension Energy LLC,Solar Photovoltaic,Solar Generation,1.914,38.100152,-78.96471,VA,MW,0.0040585592114799245,0.4278826698683019
Dimension Energy LLC,Solar Photovoltaic,Solar Generation,3.3000000000000003,38.102168,-78.92343,VA,MW,0.007102478620089869,0.505677771573954
Dimension Energy LLC,Solar Photovoltaic,Solar Generation,2.508,36.68565,-76.763,VA,MW,0.005363096100884186,0.46343031102417204
Dimension Energy LLC,Solar Photovoltaic,Solar Generation,3.3000000000000003,37.878085,-79.39692,VA,MW,0.007102478620089869,0.505677771573954
Dimension Energy LLC,Solar Photovoltaic,Solar Generation,13.134,35.655806,-117.8103,CA,MW,0.02869981156689375,0.6109707272127481
Dimension Energy LLC,Solar Photovoltaic,Solar Generation,7.854000000000001,35.659913,-117.8103,CA,MW,0.01710392810552254,0.6011130515815487
Interstate Power and Light Co,Solar Photovoltaic,Solar Generation,33,41.070705,-94.31849,IA,MW,0.07232932309030295,0.6430846546424963
Interstate Power and Light Co,Solar Photovoltaic,Solar Generation,99,42.104396,-91.78258,IA,MW,0.21727786635744312,0.7589047549619988
Interstate Power and Light Co,Solar Photovoltaic,Solar Generation,99,40.734563,-91.27675,IA,MW,0.21727786635744312,0.7589047549619988
Wisconsin Power & Light Co,Solar Photovoltaic,Solar Generation,1.056,43.736243,-88.86204,WI,MW,0.0021742281490071025,0.3043348370062575
Wisconsin Power & Light Co,Solar Photovoltaic,Solar Generation,1.518,42.95762,-89.29236,WI,MW,0.0031888679518770834,0.39722094397509977
Western Minnesota Mun Pwr Agny,Solar Photovoltaic,Solar Generation,6.6000000000000005,44.469889,-95.7792,MN,MW,0.014349905783446878,0.5924134611575484
Western Minnesota Mun Pwr Agny,Batteries,Electricity Storage,3.3000000000000003,44.469889,-95.7792,MN,MW,0.009603841536614645,0.3509743875366324
United States Solar Corporation,Solar Photovoltaic,Solar Generation,0.66,45.624209,-94.06363,MN,MW,0.0013045368894042616,0.14061018220347427
United States Solar Corporation,Solar Photovoltaic,Solar Generation,0.66,44.974692,-95.71466,MN,MW,0.0013045368894042616,0.14061018220347427
United States Solar Corporation,Solar Photovoltaic,Solar Generation,0.66,43.981733,-95.76578,MN,MW,0.0013045368894042616,0.14061018220347427
"Kuna BESS, LLC",Batteries,Electricity Storage,99,43.49,-116.42,ID,MW,0.29971988795518206,0.7091542255090751
AETS OpCo Holdings LLC,Solar Photovoltaic,Solar Generation,2.9040000000000004,43.070724,-75.4944,NY,MW,0.006232787360487028,0.4842147282503652
Generate Capital,Solar Photovoltaic,Solar Generation,1.32,42.3676,-89.6329,IL,MW,0.002754022322075663,0.3275439767896132
NJR Clean Energy Ventures Corporation,Solar Photovoltaic,Solar Generation,1.518,39.7,-74.98,NJ,MW,0.0031888679518770834,0.39722094397509977
"Solar DG IL 5, LLC",Solar Photovoltaic,Solar Generation,1.122,41.207,-87.925,IL,MW,0.0023191766922742423,0.30987734936531186
"Catalyze Newark Solar Farm 1 Microgrid, LLC",Solar Photovoltaic,Solar Generation,3.3000000000000003,43.03497,-77.14838,NY,MW,0.007102478620089869,0.505677771573954
AstraZeneca Pharmaceuticals,Solar Photovoltaic,Solar Generation,1.056,39.648491,-75.70611,DE,MW,0.0021742281490071025,0.3043348370062575
AstraZeneca Pharmaceuticals,Solar Photovoltaic,Solar Generation,1.056,39.648491,-75.70611,DE,MW,0.0021742281490071025,0.3043348370062575
Idaho Power Co,Batteries,Electricity Storage,54.120000000000005,43.550707,-116.5116,ID,MW,0.16366546618647457,0.6131002067054665
"Solar DG NY Sunnyside 2, LLC",Solar Photovoltaic,Solar Generation,3.3000000000000003,42.836275,-73.94395,NY,MW,0.007102478620089869,0.505677771573954
LSE Lepus LLC,Solar Photovoltaic,Solar Generation,1.32,42.252992,-73.33207,MA,MW,0.002754022322075663,0.3275439767896132
LSE Lepus LLC,Batteries,Electricity Storage,0.66,42.252992,-73.33207,MA,MW,0.001600640256102441,0.16870592774492987
LSE Ophiuchus LLC,Batteries,Electricity Storage,1.32,41.71775,-70.47994,MA,MW,0.003601440576230492,0.2593045002085185
LSE Ophiuchus LLC,Solar Photovoltaic,Solar Generation,1.32,41.71775,-70.47994,MA,MW,0.002754022322075663,0.3275439767896132
AES Clean Energy,Batteries,Electricity Storage,54.120000000000005,33.770287,-118.1,CA,MW,0.16366546618647457,0.6131002067054665
"Markum Solar Farm, LLC",Solar Photovoltaic,Solar Generation,106.26,31.694792,-97.37488,TX,MW,0.23322220611682853,0.7838748784776819
"Azimuth 180 Solar Electric, LLC",Solar Photovoltaic,Solar Generation,3.3000000000000003,43.27,-75.19,NY,MW,0.007102478620089869,0.505677771573954
"Azimuth 180 Solar Electric, LLC",Solar Photovoltaic,Solar Generation,0.8580000000000001,38.91,-76.99,DC,MW,0.001739382519205682,0.269152128131917
"Azimuth 180 Solar Electric, LLC",Solar Photovoltaic,Solar Generation,3.168,43.19,-75.21,NY,MW,0.0068125815335555884,0.4945325675245881
Frankfort Solar Farm LLC,Solar Photovoltaic,Solar Generation,2.64,43.088444,-75.17699,NY,MW,0.005652993187418466,0.4670569400750495
"Catalyze Newark Solar Farm 2 Microgrid, LLC",Solar Photovoltaic,Solar Generation,2.64,43.033056,-77.14639,NY,MW,0.005652993187418466,0.4670569400750495
"SV CSG Afton I, LLC",Solar Photovoltaic,Solar Generation,0.66,44.943,-92.857,MN,MW,0.0013045368894042616,0.14061018220347427
DSI Don Solar LLC,Solar Photovoltaic,Solar Generation,0.66,44.805,-95.2056,MN,MW,0.0013045368894042616,0.14061018220347427
"SL Evans, LLC",Solar Photovoltaic,Solar Generation,2.838,42.680833,-78.9525,NY,MW,0.006087838817219887,0.4818938658030125
"SL Evans, LLC",Solar Photovoltaic,Solar Generation,2.64,42.678611,-78.95417,NY,MW,0.005652993187418466,0.4670569400750495
CHI NV Solar LLC,Solar Photovoltaic,Solar Generation,1.98,36.789704,-114.1375,NV,MW,0.004203507754747065,0.431451953666995
NSF Energy One LLC,Solar Photovoltaic,Solar Generation,3.3000000000000003,42.922110000000004,-76.60788,NY,MW,0.007102478620089869,0.505677771573954
NSF Energy One LLC,Solar Photovoltaic,Solar Generation,3.3000000000000003,42.92269,-76.60255,NY,MW,0.007102478620089869,0.505677771573954
NSF Energy One LLC,Solar Photovoltaic,Solar Generation,3.3000000000000003,42.91942,-76.60775,NY,MW,0.007102478620089869,0.505677771573954
NSF Energy One LLC,Solar Photovoltaic,Solar Generation,3.2340000000000004,42.91947,-76.60423,NY,MW,0.0069575300768227296,0.4978973555835699
Adams PV Plant (WI),Solar Photovoltaic,Solar Generation,5.478000000000001,43.95014,-89.68088,WI,MW,0.011885780547905496,0.5898594933720072
Portage Solar Plant,Solar Photovoltaic,Solar Generation,7.788000000000001,43.60706,-89.24341,WI,MW,0.0169589795622554,0.600875595763969
Desert Willow Energy Storage,Batteries,Electricity Storage,99,32.452281,-97.07263,TX,MW,0.29971988795518206,0.7091542255090751
"Catalyze Pombrio Solar Farm 1 Microgrid, LLC",Solar Photovoltaic,Solar Generation,3.3000000000000003,44.878445,-73.58349,NY,MW,0.007102478620089869,0.505677771573954
"Catalyze Pombrio Solar Farm 2 Microgrid, LLC",Solar Photovoltaic,Solar Generation,3.3000000000000003,44.878445,-73.58349,NY,MW,0.007102478620089869,0.505677771573954
"Renewable Solar, Inc",Solar Photovoltaic,Solar Generation,0.99,36.457362,-119.7636,CA,MW,0.0020292796057399622,0.28893622872715063
"Renewable Solar, Inc",Solar Photovoltaic,Solar Generation,2.64,36.249006,-119.5829,CA,MW,0.005652993187418466,0.4670569400750495
"NSF Torrey Site 3, LLC",Solar Photovoltaic,Solar Generation,3.3000000000000003,42.659,-76.927,NY,MW,0.007102478620089869,0.505677771573954
"NSF Torrey Site 2, LLC",Solar Photovoltaic,Solar Generation,3.3000000000000003,42.659,-76.931,NY,MW,0.007102478620089869,0.505677771573954
"NSF Torrey Site 1, LLC",Solar Photovoltaic,Solar Generation,3.036,42.659,-76.935,NY,MW,0.006522684447021308,0.4907453586804188
NY CDG Genesee 4 LLC,Solar Photovoltaic,Solar Generation,2.838,42.877408,-78.05346,NY,MW,0.006087838817219887,0.4818938658030125
Generate Capital,Solar Photovoltaic,Solar Generation,1.98,41.596415,-74.45664,NY,MW,0.004203507754747065,0.431451953666995
Generate Capital,Solar Photovoltaic,Solar Generation,1.32,42.39271,-89.53531,IL,MW,0.002754022322075663,0.3275439767896132
Generate Capital,Solar Photovoltaic,Solar Generation,3.3000000000000003,42.66627,-73.85647,NY,MW,0.007102478620089869,0.505677771573954
Generate Capital,Solar Photovoltaic,Solar Generation,2.508,42.66627,-73.85647,NY,MW,0.005363096100884186,0.46343031102417204
Generate Capital,Solar Photovoltaic,Solar Generation,3.2340000000000004,42.233962,-76.36963,NY,MW,0.0069575300768227296,0.4978973555835699
Generate Capital,Solar Photovoltaic,Solar Generation,1.518,43.203233,-77.20688,NY,MW,0.0031888679518770834,0.39722094397509977
Generate Capital,Solar Photovoltaic,Solar Generation,1.32,41.409555,-74.58781,NY,MW,0.002754022322075663,0.3275439767896132
Generate Capital,Solar Photovoltaic,Solar Generation,3.3000000000000003,43.189133,-77.74272,NY,MW,0.007102478620089869,0.505677771573954
Generate Capital,Solar Photovoltaic,Solar Generation,3.036,42.50275,-79.281720000000007,NY,MW,0.006522684447021308,0.4907453586804188
Generate Capital,Solar Photovoltaic,Solar Generation,1.32,42.46635,-88.60045,IL,MW,0.002754022322075663,0.3275439767896132
Generate Capital,Solar Photovoltaic,Solar Generation,1.32,42.27654,-88.38677,IL,MW,0.002754022322075663,0.3275439767896132
Generate Capital,Solar Photovoltaic,Solar Generation,1.32,42.288085,-89.58712,IL,MW,0.002754022322075663,0.3275439767896132
Generate Capital,Solar Photovoltaic,Solar Generation,1.32,41.3883,-87.59558,IL,MW,0.002754022322075663,0.3275439767896132
Generate Capital,Solar Photovoltaic,Solar Generation,1.32,38.58227,-89.69124,IL,MW,0.002754022322075663,0.3275439767896132
Generate Capital,Solar Photovoltaic,Solar Generation,1.32,38.582268,-89.70044,IL,MW,0.002754022322075663,0.3275439767896132
Generate Capital,Solar Photovoltaic,Solar Generation,1.32,42.274477,-89.56024,IL,MW,0.002754022322075663,0.3275439767896132
Generate Capital,Solar Photovoltaic,Solar Generation,1.32,41.341142,-87.58613,IL,MW,0.002754022322075663,0.3275439767896132
Generate Capital,Solar Photovoltaic,Solar Generation,1.32,41.341171,-87.57418,IL,MW,0.002754022322075663,0.3275439767896132
Generate Capital,Solar Photovoltaic,Solar Generation,3.2340000000000004,44.939563,-73.67152,NY,MW,0.0069575300768227296,0.4978973555835699
Cypress Creek Renewables,Solar Photovoltaic,Solar Generation,2.838,44.756501,-75.1604,NY,MW,0.006087838817219887,0.4818938658030125
Cypress Creek Renewables,Solar Photovoltaic,Solar Generation,1.32,40.438673,-88.99117,IL,MW,0.002754022322075663,0.3275439767896132
Cypress Creek Renewables,Solar Photovoltaic,Solar Generation,3.3000000000000003,43.282648,-77.96581,NY,MW,0.007102478620089869,0.505677771573954
Cypress Creek Renewables,Solar Photovoltaic,Solar Generation,3.3000000000000003,42.389211,-89.48509,IL,MW,0.007102478620089869,0.505677771573954
Cypress Creek Renewables,Solar Photovoltaic,Solar Generation,3.3000000000000003,41.784441,-89.76102,IL,MW,0.007102478620089869,0.505677771573954
Cypress Creek Renewables,Solar Photovoltaic,Solar Generation,2.706,44.623428,-75.20335,NY,MW,0.005797941730685606,0.4791479849903564
Cypress Creek Renewables,Solar Photovoltaic,Solar Generation,3.3000000000000003,43.068278,-75.94744,NY,MW,0.007102478620089869,0.505677771573954
Cypress Creek Renewables,Solar Photovoltaic,Solar Generation,2.7720000000000002,43.295921,-78.82587,NY,MW,0.005942890273952748,0.48020451222404453
Cypress Creek Renewables,Solar Photovoltaic,Solar Generation,3.3000000000000003,39.563746,-89.27005,IL,MW,0.007102478620089869,0.505677771573954
Dimension Energy LLC,Solar Photovoltaic,Solar Generation,3.3000000000000003,40.434241,-89.06233,IL,MW,0.007102478620089869,0.505677771573954
Cypress Creek Renewables,Solar Photovoltaic,Solar Generation,3.3000000000000003,40.913454,-88.64291,IL,MW,0.007102478620089869,0.505677771573954
"Rio Vista Executive Boat & RV Storage, LLC",Solar Photovoltaic,Solar Generation,1.7820000000000003,38.16492,-121.6847,CA,MW,0.0037686621249456444,0.4229386318793329
PFMD LL Jessup LLC,Solar Photovoltaic,Solar Generation,0.99,39.157496,-76.78725,MD,MW,0.0020292796057399622,0.28893622872715063
PFMD LL Baltimore LLC,Solar Photovoltaic,Solar Generation,1.1880000000000002,39.269522,-76.55351,MD,MW,0.002464125235541383,0.3143414461503724
Florida Power & Light Co,Solar Photovoltaic,Solar Generation,49.17,30.339139,-82.19286,FL,MW,0.1078417161907523,0.6674270695664446
Florida Power & Light Co,Solar Photovoltaic,Solar Generation,49.17,30.92362,-86.23106,FL,MW,0.1078417161907523,0.6674270695664446
"Northumberland Solar, LLC",Solar Photovoltaic,Solar Generation,42.9,40.987206,-76.83401,PA,MW,0.09407160458037397,0.6590690859660374
"White Tail Solar, LLC",Solar Photovoltaic,Solar Generation,92.4,42.125582,-83.65358,MI,MW,0.2027830120307291,0.751672764899509
NY CDG Montgomery 1 LLC,Solar Photovoltaic,Solar Generation,3.3000000000000003,42.965485,-74.37945,NY,MW,0.007102478620089869,0.505677771573954
"Kola Energy Storage, LLC",Batteries,Electricity Storage,181.5,37.709773,-121.5553,CA,MW,0.5498199279711885,0.8734239730687223
"Kola Energy Storage, LLC",Batteries,Electricity Storage,82.5,37.709773,-121.5553,CA,MW,0.24969987995198079,0.6830155635686919
SunVest Solar LLC,Solar Photovoltaic,Solar Generation,1.32,42.480175,-88.59916,IL,MW,0.002754022322075663,0.3275439767896132
SunVest Solar LLC,Solar Photovoltaic,Solar Generation,1.32,42.480175,-88.59916,IL,MW,0.002754022322075663,0.3275439767896132
SunVest Solar LLC,Solar Photovoltaic,Solar Generation,2.838,42.039337,-88.42313,IL,MW,0.006087838817219887,0.4818938658030125
SunVest Solar LLC,Solar Photovoltaic,Solar Generation,1.32,37.79441,-89.04892,IL,MW,0.002754022322075663,0.3275439767896132
SunVest Solar LLC,Solar Photovoltaic,Solar Generation,1.32,38.48756,-89.95162,IL,MW,0.002754022322075663,0.3275439767896132
SunVest Solar LLC,Solar Photovoltaic,Solar Generation,3.2340000000000004,41.934706,-88.71142,IL,MW,0.0069575300768227296,0.4978973555835699
SunVest Solar LLC,Solar Photovoltaic,Solar Generation,1.32,42.215173,-89.48113,IL,MW,0.002754022322075663,0.3275439767896132
SunVest Solar LLC,Solar Photovoltaic,Solar Generation,1.32,38.161252,-89.70291,IL,MW,0.002754022322075663,0.3275439767896132
SunVest Solar LLC,Solar Photovoltaic,Solar Generation,1.32,38.177396,-89.85388,IL,MW,0.002754022322075663,0.3275439767896132
Greenbacker Renewable Energy Corporation,Solar Photovoltaic,Solar Generation,1.32,39.193664,-77.1187,MD,MW,0.002754022322075663,0.3275439767896132
"Duke Energy Florida, LLC",Solar Photovoltaic,Solar Generation,49.434000000000005,30.266826,-83.29554,FL,MW,0.10842151036382086,0.6910907819611026
AES Clean Energy,Solar Photovoltaic,Solar Generation,3.3000000000000003,43.803688,-76.03003,NY,MW,0.007102478620089869,0.505677771573954
Capon Bridge Solar LLC,Solar Photovoltaic,Solar Generation,13.200000000000001,39.28724,-78.64196,WV,MW,0.02884476011016089,0.6114579956437564
Greenbacker Renewable Energy Corporation,Batteries,Electricity Storage,19.8,32.813389,-115.3887,CA,MW,0.05962384953981593,0.515045255806086
Twin Lakes Solar LLC,Solar Photovoltaic,Solar Generation,99,40.71542,-86.77581,IN,MW,0.21727786635744312,0.7589047549619988
Portland General Electric Co,Batteries,Electricity Storage,11.22,45.341676,-122.7815,OR,MW,0.03361344537815126,0.49050290399370056
"Evergy Kansas Central, Inc",Solar Photovoltaic,Solar Generation,1.1880000000000002,38.6512,-95.82813,KS,MW,0.002464125235541383,0.3143414461503724
Interstate Power and Light Co,Solar Photovoltaic,Solar Generation,0.9239999999999999,41.073246,-94.37424,IA,MW,0.001884331062472822,0.2794824398408343
Interstate Power and Light Co,Solar Photovoltaic,Solar Generation,3.3000000000000003,41.74614,-92.740710000000007,IA,MW,0.007102478620089869,0.505677771573954
Wisconsin Power & Light Co,Solar Photovoltaic,Solar Generation,0.9239999999999999,42.72317,-89.02271,WI,MW,0.001884331062472822,0.2794824398408343
Wisconsin Power & Light Co,Solar Photovoltaic,Solar Generation,1.518,42.723717,-89.02271,WI,MW,0.0031888679518770834,0.39722094397509977
MN8 Energy LLC,Solar Photovoltaic,Solar Generation,9.108,40.183449,-79.31957,PA,MW,0.019857950427598206,0.6037340965502954
Standard Solar,Solar Photovoltaic,Solar Generation,1.8479999999999999,38.93526,-77.00252,DC,MW,0.003913610668212784,0.42474151043915653
Standard Solar,Solar Photovoltaic,Solar Generation,1.7160000000000002,40.581825,-75.35727,PA,MW,0.003623713581678504,0.4190874115973452
Standard Solar,Solar Photovoltaic,Solar Generation,1.98,38.93526,-77.00252,DC,MW,0.004203507754747065,0.431451953666995
Exus New Mexico,Batteries,Electricity Storage,33,35.271663,-106.8625,NM,MW,0.09963985594237694,0.5487176518535749
Exus New Mexico,Solar Photovoltaic,Solar Generation,92.4,35.271663,-106.8625,NM,MW,0.2027830120307291,0.751672764899509
Portland General Electric Co,Batteries,Electricity Storage,132,45.615304,-122.7811,OR,MW,0.3997599039615847,0.7658985069236155
Portland General Electric Co,Batteries,Electricity Storage,49.5,45.559046,-122.9437,OR,MW,0.14965986394557823,0.6004115935114015
"Catalyze Joliet 1101 Cherry Hill Road Microgrid, LLC",Solar Photovoltaic,Solar Generation,2.64,41.507951,-88.02602,IL,MW,0.005652993187418466,0.4670569400750495
"Catalyze Rochelle Wiscold Drive Microgrid, LLC",Solar Photovoltaic,Solar Generation,0.99,41.909729,-89.04429,IL,MW,0.0020292796057399622,0.28893622872715063
AES Clean Energy,Solar Photovoltaic,Solar Generation,1.32,40.8563,-88.6015,IL,MW,0.002754022322075663,0.3275439767896132
AES Clean Energy,Solar Photovoltaic,Solar Generation,1.254,40.858134,-88.60202,IL,MW,0.002609073778808523,0.3214937248300043
AES Clean Energy,Solar Photovoltaic,Solar Generation,1.32,39.540291,-87.97652,IL,MW,0.002754022322075663,0.3275439767896132
AES Clean Energy,Solar Photovoltaic,Solar Generation,1.254,42.33787,-89.08264,IL,MW,0.002609073778808523,0.3214937248300043
AES Clean Energy,Solar Photovoltaic,Solar Generation,1.32,42.336378,-89.08286,IL,MW,0.002754022322075663,0.3275439767896132
"Solar DG IL 4, LLC",Solar Photovoltaic,Solar Generation,1.32,41.877,-88.733,IL,MW,0.002754022322075663,0.3275439767896132
Al Pastor BESS LLC,Batteries,Electricity Storage,66.19800000000001,32.7171,-101.9378,TX,MW,0.2002801120448179,0.6573839071353056
Wisconsin Public Service Corp,Solar Photovoltaic,Solar Generation,3.96,45.123935,-89.17536,WI,MW,0.00855196405276127,0.579550138656642
Wisconsin Electric Power Co,Solar Photovoltaic,Solar Generation,3.3000000000000003,43.599344,-88.23868,WI,MW,0.007102478620089869,0.505677771573954
Wisconsin Electric Power Co,Solar Photovoltaic,Solar Generation,4.95,44.731025,-88.37428,WI,MW,0.010726192201768374,0.5859395149640056
Wisconsin Electric Power Co,Solar Photovoltaic,Solar Generation,3.96,42.797719,-87.96506,WI,MW,0.00855196405276127,0.579550138656642
Wisconsin Electric Power Co,Solar Photovoltaic,Solar Generation,3.3000000000000003,42.88773,-88.87717,WI,MW,0.007102478620089869,0.505677771573954
Wisconsin Electric Power Co,Solar Photovoltaic,Solar Generation,4.95,43.309855,-88.09147,WI,MW,0.010726192201768374,0.5859395149640056
Wisconsin Electric Power Co,Solar Photovoltaic,Solar Generation,3.96,42.702133,-88.53314,WI,MW,0.00855196405276127,0.579550138656642
Wisconsin Electric Power Co,Solar Photovoltaic,Solar Generation,3.96,42.762565,-88.05788,WI,MW,0.00855196405276127,0.579550138656642
Wisconsin Electric Power Co,Solar Photovoltaic,Solar Generation,4.95,42.574884,-88.18958,WI,MW,0.010726192201768374,0.5859395149640056
Wisconsin Electric Power Co,Solar Photovoltaic,Solar Generation,4.95,42.678365,-88.33919,WI,MW,0.010726192201768374,0.5859395149640056
"Silver State South Storage, LLC",Batteries,Electricity Storage,132,35.633135,-115.3442,NV,MW,0.3997599039615847,0.7658985069236155
"Sebree Solar, LLC",Solar Photovoltaic,Solar Generation,165,37.693,-87.549,KY,MW,0.3622264096245833,0.8489242069179086
"Silver Peak Solar, LLC",Batteries,Electricity Storage,39.6,35.831084,-114.9924,NV,MW,0.11964785914365746,0.5769378019295782
"Silver Peak Solar, LLC",Batteries,Electricity Storage,71.94,35.831084,-114.9924,NV,MW,0.21768707482993196,0.6649145588771258
"Silver Peak Solar, LLC",Batteries,Electricity Storage,72.60000000000001,35.831084,-114.9924,NV,MW,0.21968787515006002,0.6660082290082544
SMT Ironman BESS LLC,Batteries,Electricity Storage,200.64000000000001,29.45566,-95.31001,TX,MW,0.607843137254902,0.926089973806784
Citadel BESS LLC,Batteries,Electricity Storage,134.64000000000001,29.87404,-95.01824,TX,MW,0.40776310524209686,0.8074639676378578
Wigeon Whistle BESS LLC,Batteries,Electricity Storage,79.2,33.030354,-96.3572,TX,MW,0.2396958783513405,0.6772137211760814
"Anole Energy Storage, LLC",Batteries,Electricity Storage,158.4,32.552083,-96.53993,TX,MW,0.4797919167667067,0.8469011258656849
Bollinger Canyon Road BR 1-X Solar Project 2020,Batteries,Electricity Storage,0.33,37.759761,-121.956,CA,MW,6.002400960384153e-4,0.08197921337086443
Bollinger Canyon Road BR 1-X Solar Project 2020,Solar Photovoltaic,Solar Generation,0.396,37.759761,-121.956,CA,MW,7.247427163357008e-4,0.11567032148684003
Bollinger Canyon Road BR 1-X Solar Project 2020,Solar Photovoltaic,Solar Generation,0.198,37.759761,-121.956,CA,MW,2.898970865342803e-4,0.07821766520286685
Milford Pepes Farm Road Solar LLC,Solar Photovoltaic,Solar Generation,0.99,41.229412,-73.02354,CT,MW,0.0020292796057399622,0.28893622872715063
Shapham Place Solar Project 2020 LLC,Solar Photovoltaic,Solar Generation,0.792,41.021546,-73.75892,NY,MW,0.0015944339759385417,0.25779353676419364
Shapham Place Solar Project 2020 LLC,Batteries,Electricity Storage,3.3000000000000003,41.021546,-73.75892,NY,MW,0.009603841536614645,0.3509743875366324
Standard Solar,Solar Photovoltaic,Solar Generation,1.518,35.528089,-119.311,CA,MW,0.0031888679518770834,0.39722094397509977
Standard Solar,Solar Photovoltaic,Solar Generation,3.036,35.608721,-119.3258,CA,MW,0.006522684447021308,0.4907453586804188
Standard Solar,Solar Photovoltaic,Solar Generation,3.036,35.607804,-119.3288,CA,MW,0.006522684447021308,0.4907453586804188
Standard Solar,Solar Photovoltaic,Solar Generation,1.584,35.220668,-118.9089,CA,MW,0.0033338164951442237,0.4043151340830314
"DG Harlem, LLC",Solar Photovoltaic,Solar Generation,1.32,42.172941,-89.41336,IL,MW,0.002754022322075663,0.3275439767896132
"Fort Duncan BESS,  LLC",Batteries,Electricity Storage,67.716,28.69954,-100.4035,TX,MW,0.20488195278111243,0.6605851859421126
"Solar DG IL 2, LLC",Solar Photovoltaic,Solar Generation,1.32,41.674,-88.682,IL,MW,0.002754022322075663,0.3275439767896132
DTE Electric Company,Solar Photovoltaic,Solar Generation,66,43.207524,-84.52912,MI,MW,0.14480359472387302,0.714646916274308
DTE Electric Company,Batteries,Electricity Storage,9.24,42.123049,-83.18739,MI,MW,0.027611044417767107,0.48019047331110454
"All World Machinery Supply, Inc.",Solar Photovoltaic,Solar Generation,0.99,42.461976,-88.99879,IL,MW,0.0020292796057399622,0.28893622872715063
Stampede Solar Project LLC,Batteries,Electricity Storage,47.652,33.201315,-95.31923,TX,MW,0.14405762304921968,0.597743347041159
Stampede Solar Project LLC,Solar Photovoltaic,Solar Generation,168.894,33.201315,-95.31923,TX,MW,0.37077837367734456,0.8721797883298336
"Golden Fields Solar IV, LLC",Batteries,Electricity Storage,77.22,34.842496,-118.3785,CA,MW,0.23369347739095636,0.6749316977091478
"Golden Fields Solar IV, LLC",Solar Photovoltaic,Solar Generation,92.4,34.842496,-118.3785,CA,MW,0.2027830120307291,0.751672764899509
Valley Sun Solar LLC,Solar Photovoltaic,Solar Generation,2.0460000000000003,47.31,-68.164,ME,MW,0.004348456298014205,0.44771015985185125
Hickory Solar LLC,Solar Photovoltaic,Solar Generation,72.60000000000001,39.133126,-90.36602,IL,MW,0.15929844905058704,0.7356288672308446
Bravo REC Management LLC,Solar Photovoltaic,Solar Generation,1.122,36.46052,-120.0305,CA,MW,0.0023191766922742423,0.30987734936531186
SoCore Energy LLC,Solar Photovoltaic,Solar Generation,0.99,37.274,-120.629,CA,MW,0.0020292796057399622,0.28893622872715063
Randolph Solar Park LLC,Solar Photovoltaic,Solar Generation,132,32.925808,-111.4905,AZ,MW,0.2897521379910132,0.8017627624826315
SoCore Energy LLC,Solar Photovoltaic,Solar Generation,1.6500000000000001,46.637,-68.393,ME,MW,0.003478765038411364,0.4082844803877832
SoCore Energy LLC,Solar Photovoltaic,Solar Generation,1.32,42.366,-89.78,IL,MW,0.002754022322075663,0.3275439767896132
SoCore Energy LLC,Solar Photovoltaic,Solar Generation,1.32,40.766,-90.008,IL,MW,0.002754022322075663,0.3275439767896132
SoCore Energy LLC,Solar Photovoltaic,Solar Generation,1.32,40.454,-90.688,IL,MW,0.002754022322075663,0.3275439767896132
SoCore Energy LLC,Solar Photovoltaic,Solar Generation,2.64,47.343,-68.239,ME,MW,0.005652993187418466,0.4670569400750495
SoCore Energy LLC,Solar Photovoltaic,Solar Generation,0.66,40.684,-74.191,NJ,MW,0.0013045368894042616,0.14061018220347427
SoCore Energy LLC,Solar Photovoltaic,Solar Generation,0.66,40.684,-74.191,NJ,MW,0.0013045368894042616,0.14061018220347427
SoCore Energy LLC,Solar Photovoltaic,Solar Generation,0.66,40.684,-74.191,NJ,MW,0.0013045368894042616,0.14061018220347427
SoCore Energy LLC,Solar Photovoltaic,Solar Generation,0.66,40.684,-74.191,NJ,MW,0.0013045368894042616,0.14061018220347427
SoCore Energy LLC,Solar Photovoltaic,Solar Generation,1.32,42.232,-89.027,IL,MW,0.002754022322075663,0.3275439767896132
SoCore Energy LLC,Solar Photovoltaic,Solar Generation,1.32,40.769,-90.008,IL,MW,0.002754022322075663,0.3275439767896132
"Solar Powered Ag, LLC",Solar Photovoltaic,Solar Generation,2.0460000000000003,36.138287,-119.5643,CA,MW,0.004348456298014205,0.44771015985185125
Bravo REC Management LLC,Solar Photovoltaic,Solar Generation,1.914,36.29907,-119.5002,CA,MW,0.0040585592114799245,0.4278826698683019
SoCore Energy LLC,Solar Photovoltaic,Solar Generation,1.32,42.369,-89.78,IL,MW,0.002754022322075663,0.3275439767896132
Clenera LLC,Solar Photovoltaic,Solar Generation,155.1,32.086149,-109.9353,AZ,MW,0.3404841281345123,0.8393794003292189
SoCore Energy LLC,Solar Photovoltaic,Solar Generation,3.3000000000000003,46.819577,-67.99213,ME,MW,0.007102478620089869,0.505677771573954
SoCore Energy LLC,Solar Photovoltaic,Solar Generation,0.99,31.807733,-106.3378,TX,MW,0.0020292796057399622,0.28893622872715063
Mordor ES1 LLC,Batteries,Electricity Storage,16.5,36.008507,-117.8141,CA,MW,0.04961984793917567,0.5094970960062994
Mordor ES2 LLC,Batteries,Electricity Storage,13.200000000000001,36.0088,-117.8148,CA,MW,0.03961584633853542,0.49683531626299804
SoCore Energy LLC,Solar Photovoltaic,Solar Generation,1.32,41.768,-89.862,IL,MW,0.002754022322075663,0.3275439767896132
SoCore Energy LLC,Solar Photovoltaic,Solar Generation,1.32,41.768,-89.859,IL,MW,0.002754022322075663,0.3275439767896132
Great Bend Solar LLC,Solar Photovoltaic,Solar Generation,31.68,39.003333,-81.77111,OH,MW,0.06943035222496013,0.6404159844770693
"127 CVF, LLC",Solar Photovoltaic,Solar Generation,3.3000000000000003,36.99,-120.308,CA,MW,0.007102478620089869,0.505677771573954
ME Fort Fairfield LLC,Solar Photovoltaic,Solar Generation,1.8479999999999999,46.694517,-67.9695,ME,MW,0.003913610668212784,0.42474151043915653
SBESS TX7 LLC,Batteries,Electricity Storage,6.534000000000001,33.158,-96.402,TX,MW,0.019407763105242098,0.394200048734022
SBESS TX5 LLC,Batteries,Electricity Storage,6.534000000000001,30.516525,-99.76764,TX,MW,0.019407763105242098,0.394200048734022
Rivanna Solar LLC,Solar Photovoltaic,Solar Generation,8.778,37.966,-78.4,VA,MW,0.019133207711262503,0.6032562972554122
"Luna Valley Solar I, LLC",Solar Photovoltaic,Solar Generation,132,36.592419,-120.4031,CA,MW,0.2897521379910132,0.8017627624826315
"BT Signal Ranch, LLC",Solar Photovoltaic,Solar Generation,33,32.986,-96.086,TX,MW,0.07232932309030295,0.6430846546424963
ORNI 30 LLC,Batteries,Electricity Storage,23.1,33.0157,-115.5129,CA,MW,0.06962785114045618,0.5229915497768134
ORNI 30 LLC,Solar Photovoltaic,Solar Generation,27.720000000000002,33.0157,-115.5129,CA,MW,0.060733439628931726,0.6372442784960467
VESI 34 LLC,Batteries,Electricity Storage,13.200000000000001,41.2785,-74.79835,NJ,MW,0.03961584633853542,0.49683531626299804
Hardy Hills Solar LLC,Solar Photovoltaic,Solar Generation,128.70000000000002,40.342819,-86.50197,IN,MW,0.2825047108276562,0.7981184592882803
AES Clean Energy,Batteries,Electricity Storage,77.88000000000001,33.7131,-112.3242,AZ,MW,0.23569427771108442,0.6760700312259069
AES Clean Energy,Batteries,Electricity Storage,54.120000000000005,33.7131,-112.3242,AZ,MW,0.16366546618647457,0.6131002067054665
Foster Clean Power B LLC,Batteries,Electricity Storage,0.792,40.882295,-124.1012,CA,MW,0.0020008003201280513,0.22855957299050336
Foster Clean Power B LLC,Solar Photovoltaic,Solar Generation,2.64,40.882295,-124.1012,CA,MW,0.005652993187418466,0.4670569400750495
Giga Texas Energy LLC,Batteries,Electricity Storage,82.5,30.228276,-97.61883,TX,MW,0.24969987995198079,0.6830155635686919
"BT Connolly Storage, LLC",Batteries,Electricity Storage,82.5,33.210732,-97.41899,TX,MW,0.24969987995198079,0.6830155635686919
Bravo REC Management LLC,Solar Photovoltaic,Solar Generation,0.792,36.122809,-119.4477,CA,MW,0.0015944339759385417,0.25779353676419364
Georgia Power Co,Solar Photovoltaic,Solar Generation,6.6000000000000005,32.350833,-81.17194,GA,MW,0.014349905783446878,0.5924134611575484
Onyx Asset Services Group,Solar Photovoltaic,Solar Generation,1.32,41.936531,-72.50273,CT,MW,0.002754022322075663,0.3275439767896132
Onyx Asset Services Group,Solar Photovoltaic,Solar Generation,1.98,35.679378,-120.6359,CA,MW,0.004203507754747065,0.431451953666995
Liberty 1 Solar LLC,Solar Photovoltaic,Solar Generation,44.352000000000004,30.009659,-95.04083,TX,MW,0.09726047253225106,0.6610623249107951
Harris Farms Inc,Solar Photovoltaic,Solar Generation,0.8580000000000001,36.253184,-120.2293,CA,MW,0.001739382519205682,0.269152128131917
"Troutdale Grid, LLC",Batteries,Electricity Storage,132,45.559753,-122.4201,OR,MW,0.3997599039615847,0.7658985069236155
Ratts 1 Solar LLC,Solar Photovoltaic,Solar Generation,99,38.52543,-87.18622,IN,MW,0.21727786635744312,0.7589047549619988
"Heirloom Solar (Ratts 1 Phase 2 Solar, LLC)",Solar Photovoltaic,Solar Generation,39.6,38.514913,-87.19207,IN,MW,0.086824177417016965,0.6551263153075775
"NineDot Holdings, LLC",Batteries,Electricity Storage,3.3000000000000003,40.556252,-74.21179,NY,MW,0.009603841536614645,0.3509743875366324
"NineDot Holdings, LLC",Batteries,Electricity Storage,3.3000000000000003,40.555339,-74.2149,NY,MW,0.009603841536614645,0.3509743875366324
"NineDot Holdings, LLC",Batteries,Electricity Storage,3.3000000000000003,40.555339,-74.2149,NY,MW,0.009603841536614645,0.3509743875366324
"NineDot Holdings, LLC",Batteries,Electricity Storage,3.3000000000000003,40.552574,-74.15088,NY,MW,0.009603841536614645,0.3509743875366324
"NineDot Holdings, LLC",Batteries,Electricity Storage,1.98,40.552574,-74.15088,NY,MW,0.005602240896358543,0.31815622385713654
"NineDot Holdings, LLC",Batteries,Electricity Storage,0.99,40.86451,-73.83598,NY,MW,0.0026010404161664665,0.24120340063431392
"NineDot Holdings, LLC",Batteries,Electricity Storage,0.99,40.86451,-73.83598,NY,MW,0.0026010404161664665,0.24120340063431392
Dunns Bridge II Solar and Storage Generation LLC,Batteries,Electricity Storage,37.158,41.222135,-86.94648,IN,MW,0.11224489795918366,0.5735515657830758
Dunns Bridge II Solar and Storage Generation LLC,Solar Photovoltaic,Solar Generation,287.1,41.222135,-86.94648,IN,MW,0.6303812146687926,0.9389808852869502
Escape Solar LLC,Solar Photovoltaic,Solar Generation,46.2,36.894378,-114.0885,NV,MW,0.10131903174373098,0.6622080725299695
Escape Solar LLC,Solar Photovoltaic,Solar Generation,75.9,36.894378,-114.0885,NV,MW,0.16654587621394407,0.7376585589240924
Escape Solar LLC,Batteries,Electricity Storage,66,36.894378,-114.0885,NV,MW,0.1996798719487795,0.6262351124790859
Navisun LLC,Solar Photovoltaic,Solar Generation,2.112,42.421787,-73.2925,MA,MW,0.004493404841281345,0.4494463843591777
Navisun LLC,Solar Photovoltaic,Solar Generation,0.792,42.421787,-73.2925,MA,MW,0.0015944339759385417,0.25779353676419364
Navisun LLC,Solar Photovoltaic,Solar Generation,3.3000000000000003,44.75093,-68.84456,ME,MW,0.007102478620089869,0.505677771573954
Navisun LLC,Solar Photovoltaic,Solar Generation,2.64,44.283611,-70.5259,ME,MW,0.005652993187418466,0.4670569400750495
Navisun LLC,Solar Photovoltaic,Solar Generation,3.1020000000000003,42.067202,-72.74594,MA,MW,0.006667632990288448,0.49306005940152076
Tucson Electric Power Co,Batteries,Electricity Storage,132,32.071759,-110.8162,AZ,MW,0.3997599039615847,0.7658985069236155
Madison Gas & Electric Co,Solar Photovoltaic,Solar Generation,3.96,42.971615,-89.39461,WI,MW,0.00855196405276127,0.579550138656642
Solar Planet Power,Solar Photovoltaic,Solar Generation,3.3000000000000003,42.792865,-77.52679,NY,MW,0.007102478620089869,0.505677771573954
Northern States Power Co - Minnesota,Solar Photovoltaic,Solar Generation,147.114,45.407183,-93.9365,MN,MW,0.3229453543991883,0.8352933510183672
"Catskill View Solar, LLC",Solar Photovoltaic,Solar Generation,3.3000000000000003,42.27,-73.748,NY,MW,0.007102478620089869,0.505677771573954
"Claverack Creek Solar, LLC",Solar Photovoltaic,Solar Generation,3.3000000000000003,42.271,-73.75,NY,MW,0.007102478620089869,0.505677771573954
"Cubico USA, LLC",Solar Photovoltaic,Solar Generation,66,33.096086,-91.94791,AR,MW,0.14480359472387302,0.714646916274308
"REA Investments, LLC",Solar Photovoltaic,Solar Generation,2.508,44.012164,-69.94961,ME,MW,0.005363096100884186,0.46343031102417204
"REA Investments, LLC",Solar Photovoltaic,Solar Generation,1.98,44.442985,-70.32001,ME,MW,0.004203507754747065,0.431451953666995
"REA Investments, LLC",Solar Photovoltaic,Solar Generation,2.508,44.370724,-69.70385,ME,MW,0.005363096100884186,0.46343031102417204
"REA Investments, LLC",Solar Photovoltaic,Solar Generation,1.32,46.75638,-67.86867,ME,MW,0.002754022322075663,0.3275439767896132
"REA Investments, LLC",Solar Photovoltaic,Solar Generation,1.584,41.999164,-70.80022,MA,MW,0.0033338164951442237,0.4043151340830314
"REA Investments, LLC",Solar Photovoltaic,Solar Generation,1.056,44.583945,-68.44964,ME,MW,0.0021742281490071025,0.3043348370062575
"REA Investments, LLC",Solar Photovoltaic,Solar Generation,3.3000000000000003,41.972946,-70.80504,MA,MW,0.007102478620089869,0.505677771573954
"REA Investments, LLC",Solar Photovoltaic,Solar Generation,2.178,44.182319,-69.81898,ME,MW,0.004638353384548485,0.4509625919540823
"REA Investments, LLC",Solar Photovoltaic,Solar Generation,2.64,44.070765,-70.54286,ME,MW,0.005652993187418466,0.4670569400750495
"Crossroads Solar, LLC - (IN)",Solar Photovoltaic,Solar Generation,132,40.128928,-87.29279,IN,MW,0.2897521379910132,0.8017627624826315
Daggett Solar Power 1 LLC,Batteries,Electricity Storage,74.91,34.860918,-116.8553,CA,MW,0.22669067627050818,0.6726707686665104
"Bodhi Solar, LLC",Solar Photovoltaic,Solar Generation,3.3000000000000003,43.012,-77.874,NY,MW,0.007102478620089869,0.505677771573954
Dimension Energy LLC,Solar Photovoltaic,Solar Generation,2.0460000000000003,36.679324,-78.93916,VA,MW,0.004348456298014205,0.44771015985185125
"Clearview Solar I, LLC",Solar Photovoltaic,Solar Generation,95.04,40.269236,-83.98409,OH,MW,0.20858095376141472,0.755702040722401
"REA Investments, LLC",Solar Photovoltaic,Solar Generation,2.97,44.40937,-69.53127,ME,MW,0.006377735903754168,0.4863228265519096
"REA Investments, LLC",Solar Photovoltaic,Solar Generation,2.64,44.303762999999996,-69.11344,ME,MW,0.005652993187418466,0.4670569400750495
DTE Electric Company,Solar Photovoltaic,Solar Generation,52.800000000000004,43.431156,-84.68356,MI,MW,0.115813886070445,0.7020305213276591
DTE Electric Company,Solar Photovoltaic,Solar Generation,99,42.06202,-85.10297,MI,MW,0.21727786635744312,0.7589047549619988
"REA Investments, LLC",Solar Photovoltaic,Solar Generation,1.98,46.64401,-68.40787,ME,MW,0.004203507754747065,0.431451953666995
"REA Investments, LLC",Solar Photovoltaic,Solar Generation,1.6500000000000001,47.310336,-68.37718,ME,MW,0.003478765038411364,0.4082844803877832
Corn Belt Power Coop,Batteries,Electricity Storage,1.1880000000000002,42.6872,-93.2321,IA,MW,0.003201280512204882,0.254554006576054
"La Plata Electric Assn, Inc",Solar Photovoltaic,Solar Generation,1.122,37.124087,-107.8602,CO,MW,0.0023191766922742423,0.30987734936531186
DSI Julie Solar LLC,Solar Photovoltaic,Solar Generation,0.66,45.467235,-94.39611,MN,MW,0.0013045368894042616,0.14061018220347427
"HEN Infrastructure, L.L.C.",Batteries,Electricity Storage,6.534000000000001,28.184044,-97.7729,TX,MW,0.019407763105242098,0.394200048734022
Arizona Public Service Co,Solar Photovoltaic,Solar Generation,99,33.32389,-112.8397,AZ,MW,0.21727786635744312,0.7589047549619988
Interstate Power and Light Co,Solar Photovoltaic,Solar Generation,0.8580000000000001,41.82718,-90.22335,IA,MW,0.001739382519205682,0.269152128131917
"Burksol, LLC",Batteries,Electricity Storage,66,33.781511,-100.8775,TX,MW,0.1996798719487795,0.6262351124790859
Sol Systems,Solar Photovoltaic,Solar Generation,99,37.85259,-88.44912,IL,MW,0.21727786635744312,0.7589047549619988
"Leeward Asset Management, LLC",Batteries,Electricity Storage,74.58,32.994167,-113.5098,AZ,MW,0.22569027611044418,0.6715480118785417
AES Clean Energy,Solar Photovoltaic,Solar Generation,1.6500000000000001,43.227156,-78.22898,NY,MW,0.003478765038411364,0.4082844803877832
AES Clean Energy,Solar Photovoltaic,Solar Generation,2.97,43.201203,-78.19452,NY,MW,0.006377735903754168,0.4863228265519096
Brookhaven 1,Solar Photovoltaic,Solar Generation,3.3000000000000003,40.799699,-72.92396,NY,MW,0.007102478620089869,0.505677771573954
Mompano,Solar Photovoltaic,Solar Generation,1.32,45.296464,-122.5114,OR,MW,0.002754022322075663,0.3275439767896132
"Solar DG CA Long Beach, LLC",Solar Photovoltaic,Solar Generation,1.1880000000000002,33.81516,-118.1412,CA,MW,0.002464125235541383,0.3143414461503724
"Catalyze Breesport Road Microgrid, LLC",Solar Photovoltaic,Solar Generation,2.31,42.173889,-76.73806,NY,MW,0.004928250471082766,0.4559259507673007
"NY CDG Ontario 2, LLC",Solar Photovoltaic,Solar Generation,3.3000000000000003,42.964632,-77.1113,NY,MW,0.007102478620089869,0.505677771573954
Above Grid Montour Solar LLC,Solar Photovoltaic,Solar Generation,3.3000000000000003,42.330348,-76.83241,NY,MW,0.007102478620089869,0.505677771573954
Above Grid Binghamton Solar LLC,Solar Photovoltaic,Solar Generation,3.3000000000000003,42.200933,-75.97879,NY,MW,0.007102478620089869,0.505677771573954
Caballero CA Storage LLC,Batteries,Electricity Storage,65.802,35.006356,-120.4537,CA,MW,0.19907963185274108,0.625280311058544
Telyon AMZ Windsor LLC,Solar Photovoltaic,Solar Generation,2.574,41.90376,-72.65809,CT,MW,0.005508044644151326,0.46620459147011584
AETS OpCo Holdings LLC,Solar Photovoltaic,Solar Generation,3.3000000000000003,42.073301,-77.79781,NY,MW,0.007102478620089869,0.505677771573954
BCE Seal Beach,Batteries,Electricity Storage,11.022,33.732761000000004,-118.0445,CA,MW,0.033013205282112844,0.4897108345885341
BCE Seal Beach,Solar Photovoltaic,Solar Generation,7.92,33.732761000000004,-118.0445,CA,MW,0.01724887664878968,0.6013506426679044
"SL Jamestown, LLC",Solar Photovoltaic,Solar Generation,1.98,42.047778,-79.28278,NY,MW,0.004203507754747065,0.431451953666995
"SL Jamestown II, LLC",Solar Photovoltaic,Solar Generation,3.168,42.0475,-79.28417,NY,MW,0.0068125815335555884,0.4945325675245881
Leprino Foods,Solar Photovoltaic,Solar Generation,5.214,36.30018,-119.8214,CA,MW,0.011305986374836935,0.5882414886903263
Valta Energy,Solar Photovoltaic,Solar Generation,6.6000000000000005,36.926,-120.104,CA,MW,0.014349905783446878,0.5924134611575484
Greenbacker Renewable Energy Corporation,Solar Photovoltaic,Solar Generation,7.260000000000001,40.135008,-104.6454,CO,MW,0.01579939121611828,0.5994536755956388
Greenbacker Renewable Energy Corporation,Solar Photovoltaic,Solar Generation,2.64,44.837429,-69.88389,ME,MW,0.005652993187418466,0.4670569400750495
"Lake Wilson Solar, LLC",Solar Photovoltaic,Solar Generation,0.66,43.980417,-95.95489,MN,MW,0.0013045368894042616,0.14061018220347427
"Lake Lilian Solar, LLC",Solar Photovoltaic,Solar Generation,0.66,44.9368,-94.89192,MN,MW,0.0013045368894042616,0.14061018220347427
AES Clean Energy,Solar Photovoltaic,Solar Generation,165,40.1514,-92.5993,MO,MW,0.3622264096245833,0.8489242069179086
Pivot Energy,Solar Photovoltaic,Solar Generation,1.32,38.624571,-89.11444,IL,MW,0.002754022322075663,0.3275439767896132
Pivot Energy,Solar Photovoltaic,Solar Generation,1.32,41.257762,-89.21178,IL,MW,0.002754022322075663,0.3275439767896132
Pivot Energy,Solar Photovoltaic,Solar Generation,1.32,41.25775,-89.2127,IL,MW,0.002754022322075663,0.3275439767896132
Wolf Run Solar LLC,Solar Photovoltaic,Solar Generation,92.4,39.792296,-90.35932,IL,MW,0.2027830120307291,0.751672764899509
Whetstone Power Operations LLC,Batteries,Electricity Storage,23.364,39.930281,-104.7943,CO,MW,0.0704281712685074,0.5253816942178602
Pivot Energy,Solar Photovoltaic,Solar Generation,1.32,41.215073,-87.91979,IL,MW,0.002754022322075663,0.3275439767896132
"Catalina Solar, LLC",Solar Photovoltaic,Solar Generation,49.5,33.902945,-81.60149,SC,MW,0.10856645890708799,0.6966578585280819
EDPRNA DG VA Manassas LLC,Solar Photovoltaic,Solar Generation,1.32,38.786044,-77.55476,VA,MW,0.002754022322075663,0.3275439767896132
EDPRNA DG CA Livermore LLC,Batteries,Electricity Storage,0.792,37.711625,-121.7085,CA,MW,0.0020008003201280513,0.22855957299050336
EDPRNA DG CA Livermore LLC,Solar Photovoltaic,Solar Generation,0.792,37.711625,-121.7085,CA,MW,0.0015944339759385417,0.25779353676419364
"DG Niagara, LLC",Solar Photovoltaic,Solar Generation,3.3000000000000003,43.208,-78.904,NY,MW,0.007102478620089869,0.505677771573954
"Old Frontier Solar III PV, LLC",Solar Photovoltaic,Solar Generation,1.32,42.494046,-72.62251,MA,MW,0.002754022322075663,0.3275439767896132
"Old Frontier Solar III PV, LLC",Batteries,Electricity Storage,1.32,42.494046,-72.62251,MA,MW,0.003601440576230492,0.2593045002085185
Dominion Renewable Energy,Solar Photovoltaic,Solar Generation,13.200000000000001,37.535275,-77.82396,VA,MW,0.02884476011016089,0.6114579956437564
AETS OpCo Holdings LLC,Solar Photovoltaic,Solar Generation,3.3000000000000003,42.089058,-77.82268,NY,MW,0.007102478620089869,0.505677771573954
AETS OpCo Holdings LLC,Solar Photovoltaic,Solar Generation,3.3000000000000003,43.151901,-78.70247,NY,MW,0.007102478620089869,0.505677771573954
"SR Brownsville, LLC",Solar Photovoltaic,Solar Generation,1.98,35.59013,-89.23283,TN,MW,0.004203507754747065,0.431451953666995
"SR Forked Deer, LLC",Solar Photovoltaic,Solar Generation,1.6500000000000001,35.708522,-89.50989,TN,MW,0.003478765038411364,0.4082844803877832
"SR Lambert II, LLC",Solar Photovoltaic,Solar Generation,66,33.332969,-79.56353,SC,MW,0.14480359472387302,0.714646916274308
"SR Lexington, LLC",Solar Photovoltaic,Solar Generation,4.29,35.720616,-88.36943,TN,MW,0.009276706769096971,0.5827347785463112
"SR Maryville East, LLC",Solar Photovoltaic,Solar Generation,4.95,35.77527,-83.91361,TN,MW,0.010726192201768374,0.5859395149640056
"SR Maryville, LLC",Solar Photovoltaic,Solar Generation,0.8580000000000001,35.688025,-84.02035,TN,MW,0.001739382519205682,0.269152128131917
"SR Trenton, LLC",Solar Photovoltaic,Solar Generation,1.518,35.941786,-88.94845,TN,MW,0.0031888679518770834,0.39722094397509977
"SR Trezevant, LLC",Solar Photovoltaic,Solar Generation,4.29,36.001402,-88.61944,TN,MW,0.009276706769096971,0.5827347785463112
"Ticon Solar, LLC",Solar Photovoltaic,Solar Generation,3.3000000000000003,43.868,-73.44,NY,MW,0.007102478620089869,0.505677771573954
Ecos Energy LLC,Solar Photovoltaic,Solar Generation,0.66,41.342637,-73.0615,CT,MW,0.0013045368894042616,0.14061018220347427
Ecos Energy LLC,Solar Photovoltaic,Solar Generation,0.66,41.34357,-73.06077,CT,MW,0.0013045368894042616,0.14061018220347427
Prologis Logistics Services Incorporated,Solar Photovoltaic,Solar Generation,0.9239999999999999,42.018195,-87.9296,IL,MW,0.001884331062472822,0.2794824398408343
Prologis Logistics Services Incorporated,Solar Photovoltaic,Solar Generation,0.792,41.947302,-87.86092,IL,MW,0.0015944339759385417,0.25779353676419364
"Angelo Solar, LLC",Solar Photovoltaic,Solar Generation,128.70000000000002,31.51,-100.58,TX,MW,0.2825047108276562,0.7981184592882803
"Angelo Storage, LLC",Batteries,Electricity Storage,66,31.513643,-100.5836,TX,MW,0.1996798719487795,0.6262351124790859
Vistra Corp,Solar Photovoltaic,Solar Generation,29.172000000000004,39.068994000000004,-89.39336,IL,MW,0.06392230758080882,0.6380341361408708
Vistra Corp,Batteries,Electricity Storage,1.32,39.068994000000004,-89.39336,IL,MW,0.003601440576230492,0.2593045002085185
Vistra Corp,Solar Photovoltaic,Solar Generation,45.144000000000005,38.203536,-89.85394,IL,MW,0.09899985505145675,0.6619211691487806
Vistra Corp,Batteries,Electricity Storage,1.32,38.203536,-89.85394,IL,MW,0.003601440576230492,0.2593045002085185
"Renewable Solar, Inc",Solar Photovoltaic,Solar Generation,0.792,35.259196,-118.8819,CA,MW,0.0015944339759385417,0.25779353676419364
Prologis Logistics Services Incorporated,Solar Photovoltaic,Solar Generation,0.7260000000000001,34.050209,-117.4604,CA,MW,0.0014494854326714017,0.24832723510049104
"Rush Solar Farm 1, LLC",Solar Photovoltaic,Solar Generation,3.3000000000000003,42.947,-77.698,NY,MW,0.007102478620089869,0.505677771573954
Helios Energy New York 13 LLC,Solar Photovoltaic,Solar Generation,3.3000000000000003,42.716554,-74.02264,NY,MW,0.007102478620089869,0.505677771573954
MN CSG 2019-82 LLC,Solar Photovoltaic,Solar Generation,0.66,45.13623,-94.7599,MN,MW,0.0013045368894042616,0.14061018220347427
MN CSG 2019-60 LLC,Solar Photovoltaic,Solar Generation,0.66,44.7328,-94.6044,MN,MW,0.0013045368894042616,0.14061018220347427
"NSF Enfield Site 2, LLC",Solar Photovoltaic,Solar Generation,3.3000000000000003,42.445,-76.608,NY,MW,0.007102478620089869,0.505677771573954
"NSF Enfield Site 3, LLC",Solar Photovoltaic,Solar Generation,3.3000000000000003,42.446,-76.603,NY,MW,0.007102478620089869,0.505677771573954
"NSF Enfield Site 1, LLC",Solar Photovoltaic,Solar Generation,3.3000000000000003,42.448,-76.609,NY,MW,0.007102478620089869,0.505677771573954
Madison Energy Investments LLC,Solar Photovoltaic,Solar Generation,1.584,41.568,-83.695,OH,MW,0.0033338164951442237,0.4043151340830314
"NSF Coventry Site 2, LLC",Solar Photovoltaic,Solar Generation,3.3000000000000003,42.315,-75.671,NY,MW,0.007102478620089869,0.505677771573954
"NSF Coventry Site 3, LLC",Solar Photovoltaic,Solar Generation,3.3000000000000003,42.18,-75.402,NY,MW,0.007102478620089869,0.505677771573954
"Big Elm Solar, LLC",Solar Photovoltaic,Solar Generation,132,31.141051,-97.21698,TX,MW,0.2897521379910132,0.8017627624826315
"Coldwater River Solar, LLC",Solar Photovoltaic,Solar Generation,99,41.89223,-85.03205,MI,MW,0.21727786635744312,0.7589047549619988
Trousdale Solar I,Solar Photovoltaic,Solar Generation,3.3000000000000003,42.97,-78.147,NY,MW,0.007102478620089869,0.505677771573954
"Great Kiskadee Storage, LLC",Batteries,Electricity Storage,66,26.104286,-98.17188,TX,MW,0.1996798719487795,0.6262351124790859
"Trousdale Solar II, LLC",Solar Photovoltaic,Solar Generation,3.3000000000000003,42.966,-78.141,NY,MW,0.007102478620089869,0.505677771573954
"Wheatsborough Solar, LLC",Solar Photovoltaic,Solar Generation,82.5,41.33823,-82.82649,OH,MW,0.18104073054065808,0.7430460351781091
Sequoia 1 Solar Project,Solar Photovoltaic,Solar Generation,264.924,32.438238,-99.15766,TX,MW,0.5816785041310334,0.9309768189033999
AETS OpCo Holdings LLC,Solar Photovoltaic,Solar Generation,3.3000000000000003,43.07487,-76.31272,NY,MW,0.007102478620089869,0.505677771573954
AETS OpCo Holdings LLC,Solar Photovoltaic,Solar Generation,3.3000000000000003,43.073458,-76.31411,NY,MW,0.007102478620089869,0.505677771573954
Madison Energy Investments LLC,Solar Photovoltaic,Solar Generation,1.6500000000000001,35.4678,-119.1536,CA,MW,0.003478765038411364,0.4082844803877832
Madison Energy Investments LLC,Solar Photovoltaic,Solar Generation,1.6500000000000001,35.4691,-119.169,CA,MW,0.003478765038411364,0.4082844803877832
Pivot Energy,Solar Photovoltaic,Solar Generation,1.32,38.62303,-90.08714,IL,MW,0.002754022322075663,0.3275439767896132
Pivot Energy,Solar Photovoltaic,Solar Generation,1.32,41.220911,-87.8814,IL,MW,0.002754022322075663,0.3275439767896132
Prologis Logistics Services Incorporated,Solar Photovoltaic,Solar Generation,0.7260000000000001,41.597,-88.11,IL,MW,0.0014494854326714017,0.24832723510049104
Prologis Logistics Services Incorporated,Solar Photovoltaic,Solar Generation,0.7260000000000001,41.599,-88.111,IL,MW,0.0014494854326714017,0.24832723510049104
DG Green Arrow LLC,Solar Photovoltaic,Solar Generation,0.66,43.994,-96.3327,MN,MW,0.0013045368894042616,0.14061018220347427
"Gransolar Texas One, LLC",Solar Photovoltaic,Solar Generation,33,30.599817,-97.15475,TX,MW,0.07232932309030295,0.6430846546424963
"BT Jungmann, LLC",Solar Photovoltaic,Solar Generation,26.400000000000002,30.903764,-97.05778,TX,MW,0.05783446876358893,0.6351477586980512
NY CDG Oneida 2 LLC,Solar Photovoltaic,Solar Generation,2.178,43.196874,-75.43545,NY,MW,0.004638353384548485,0.4509625919540823
GCC Trident LLC,Solar Photovoltaic,Solar Generation,1.32,45.93728,-111.4637,MT,MW,0.002754022322075663,0.3275439767896132
GCC Trident LLC,Solar Photovoltaic,Solar Generation,1.32,45.93728,-111.4637,MT,MW,0.002754022322075663,0.3275439767896132
Madison Energy Investments LLC,Solar Photovoltaic,Solar Generation,19.8,39.516944,-76.27361,MD,MW,0.04333961443687491,0.630480793017977
"Catalyze Oxnard 2600 Sakioka Drive Microgrid, LLC",Solar Photovoltaic,Solar Generation,1.056,34.2134,-119.1396,CA,MW,0.0021742281490071025,0.3043348370062575
"Catalyze Oxnard 2600 Sakioka Drive Microgrid, LLC",Solar Photovoltaic,Solar Generation,1.056,34.2134,-119.1396,CA,MW,0.0021742281490071025,0.3043348370062575
"Morris Ridge Solar Energy Center, LLC",Solar Photovoltaic,Solar Generation,116.82000000000001,42.663093,-77.89084,NY,MW,0.256413973039571,0.7905350349388746
"BOCA bn, LLC",Solar Photovoltaic,Solar Generation,198,33.160564,-111.3692,AZ,MW,0.4347006812581533,0.8792741632080008
"Green River Solar, LLC",Solar Photovoltaic,Solar Generation,132,37.909944,-86.26013,KY,MW,0.2897521379910132,0.8017627624826315
AES Clean Energy,Solar Photovoltaic,Solar Generation,1.32,38.615,-75.8959,MD,MW,0.002754022322075663,0.3275439767896132
Blackwell Creek Solar LLC,Solar Photovoltaic,Solar Generation,0.9239999999999999,42.404138,-123.0083,OR,MW,0.001884331062472822,0.2794824398408343
Atlas VII LLC,Batteries,Electricity Storage,118.80000000000001,33.582903,-113.5769,AZ,MW,0.35974389755902364,0.755358244471581
Atlas VII LLC,Batteries,Electricity Storage,79.2,33.582903,-113.5769,AZ,MW,0.2396958783513405,0.6772137211760814
Atlas IX LLC,Batteries,Electricity Storage,99,33.582903,-113.5769,AZ,MW,0.29971988795518206,0.7091542255090751
Madison Energy Investments LLC,Solar Photovoltaic,Solar Generation,0.66,45.086,-94.183,MN,MW,0.0013045368894042616,0.14061018220347427
Baltimore Gas & Electric Co,Batteries,Electricity Storage,1.6500000000000001,38.7538,-76.5894,MD,MW,0.004601840736294517,0.29477971031596156
"DG Sand Prairie, LLC",Solar Photovoltaic,Solar Generation,1.32,40.437682,-89.69327,IL,MW,0.002754022322075663,0.3275439767896132
Verde Light Community Solar LLC,Solar Photovoltaic,Solar Generation,1.98,44.03604,-117.0037,OR,MW,0.004203507754747065,0.431451953666995
Consolidated Edison Co-NY Inc,Batteries,Electricity Storage,3.6959999999999997,40.669539,-73.89851,NY,MW,0.010804321728691476,0.3831960691214728
Bronson Solar LLC,Solar Photovoltaic,Solar Generation,49.17,29.464985,-82.6239,FL,MW,0.1078417161907523,0.6674270695664446
MN CSG 2019-105 LLC,Solar Photovoltaic,Solar Generation,0.66,44.3395,-92.00017,MN,MW,0.0013045368894042616,0.14061018220347427
MN CSG 2019-67 LLC,Solar Photovoltaic,Solar Generation,0.66,45.421063,-94.03342,MN,MW,0.0013045368894042616,0.14061018220347427
"Warrior Solar Partners, LLC",Solar Photovoltaic,Solar Generation,3.3000000000000003,43.072972,-75.12689,NY,MW,0.007102478620089869,0.505677771573954
Madison Energy Investments LLC,Solar Photovoltaic,Solar Generation,0.66,41.655,-70.50306,MA,MW,0.0013045368894042616,0.14061018220347427
Madison Energy Investments LLC,Solar Photovoltaic,Solar Generation,0.66,39.956944,-83.02917,OH,MW,0.0013045368894042616,0.14061018220347427
Madison Energy Investments LLC,Solar Photovoltaic,Solar Generation,0.8580000000000001,38.467778,-77.45528,VA,MW,0.001739382519205682,0.269152128131917
Madison Energy Investments LLC,Solar Photovoltaic,Solar Generation,3.2340000000000004,43.591111,-70.71861,ME,MW,0.0069575300768227296,0.4978973555835699
Madison Energy Investments LLC,Solar Photovoltaic,Solar Generation,3.3000000000000003,34.9846,-118.9085,CA,MW,0.007102478620089869,0.505677771573954
Standard Solar,Solar Photovoltaic,Solar Generation,3.3000000000000003,44.899592,-91.38375,WI,MW,0.007102478620089869,0.505677771573954
Dimension Energy LLC,Solar Photovoltaic,Solar Generation,2.574,42.3085,-76.891,NY,MW,0.005508044644151326,0.46620459147011584
Dimension Energy LLC,Solar Photovoltaic,Solar Generation,2.3760000000000003,42.72657,-76.39461,NY,MW,0.005073199014349906,0.46064927059522975
Dimension Energy LLC,Solar Photovoltaic,Solar Generation,3.2340000000000004,44.60128,-75.35402,NY,MW,0.0069575300768227296,0.4978973555835699
Dimension Energy LLC,Solar Photovoltaic,Solar Generation,3.3000000000000003,42.545103,-77.45685,NY,MW,0.007102478620089869,0.505677771573954
Dimension Energy LLC,Solar Photovoltaic,Solar Generation,3.2340000000000004,44.601551,-75.13156,NY,MW,0.0069575300768227296,0.4978973555835699
Dimension Energy LLC,Solar Photovoltaic,Solar Generation,3.1020000000000003,42.830348,-75.8271,NY,MW,0.006667632990288448,0.49306005940152076
Dimension Energy LLC,Solar Photovoltaic,Solar Generation,3.3000000000000003,42.9763,-77.8724,NY,MW,0.007102478620089869,0.505677771573954
Dimension Energy LLC,Solar Photovoltaic,Solar Generation,2.508,43.376709,-70.94155,ME,MW,0.005363096100884186,0.46343031102417204
Dimension Energy LLC,Solar Photovoltaic,Solar Generation,1.4520000000000002,43.7279,-75.4697,NY,MW,0.0030439194086099436,0.39410879697637047
Dimension Energy LLC,Solar Photovoltaic,Solar Generation,1.4520000000000002,40.7296,-74.1467,NJ,MW,0.0030439194086099436,0.39410879697637047
Valta Energy,Solar Photovoltaic,Solar Generation,1.1880000000000002,34.235,-118.579,CA,MW,0.002464125235541383,0.3143414461503724
DIVOCSG 13 LLC,Solar Photovoltaic,Solar Generation,0.66,44.3645,-92.0274,MN,MW,0.0013045368894042616,0.14061018220347427
Greenbacker Renewable Energy Corporation,Solar Photovoltaic,Solar Generation,1.32,42.364842,-88.42436,IL,MW,0.002754022322075663,0.3275439767896132
AETS OpCo Holdings LLC,Solar Photovoltaic,Solar Generation,3.3000000000000003,43.52434,-76.1585,NY,MW,0.007102478620089869,0.505677771573954
AETS OpCo Holdings LLC,Solar Photovoltaic,Solar Generation,3.3000000000000003,43.520882,-76.15718,NY,MW,0.007102478620089869,0.505677771573954
AETS OpCo Holdings LLC,Solar Photovoltaic,Solar Generation,3.3000000000000003,43.798261,-76.08254,NY,MW,0.007102478620089869,0.505677771573954
St Gall Energy Storage II LLC,Batteries,Electricity Storage,66,30.924418,-102.9531,TX,MW,0.1996798719487795,0.6262351124790859
Tibbits Energy Storage LLC,Batteries,Electricity Storage,69.23400000000001,41.960716,-84.97841,MI,MW,0.20948379351740695,0.66382548650409
Fairbanks Solar Energy Center LLC,Solar Photovoltaic,Solar Generation,165,39.193317,-87.52384,IN,MW,0.3622264096245833,0.8489242069179086
"Ellis Creek Solar, LLC",Solar Photovoltaic,Solar Generation,2.64,38.2223,-122.5737,CA,MW,0.005652993187418466,0.4670569400750495
"Antelope Creek Solar, LLC",Solar Photovoltaic,Solar Generation,1.518,42.468,-122.833,OR,MW,0.0031888679518770834,0.39722094397509977
"Gun Club Solar, LLC",Solar Photovoltaic,Solar Generation,1.6500000000000001,45.267312,-123.0141,OR,MW,0.003478765038411364,0.4082844803877832
Canyonland Solar LLC,Solar Photovoltaic,Solar Generation,1.254,45.082793,-122.6673,OR,MW,0.002609073778808523,0.3214937248300043
"Clayfield Solar, LLC",Solar Photovoltaic,Solar Generation,1.7160000000000002,45.262227,-122.3466,OR,MW,0.003623713581678504,0.4190874115973452
"Cork Solar, LLC",Solar Photovoltaic,Solar Generation,0.8580000000000001,45.127552,-122.5574,OR,MW,0.001739382519205682,0.269152128131917
"Dover Solar, LLC",Solar Photovoltaic,Solar Generation,1.32,45.208889,-122.6758,OR,MW,0.002754022322075663,0.3275439767896132
"Belvedere Solar, LLC",Solar Photovoltaic,Solar Generation,1.98,45.055682,-122.8034,OR,MW,0.004203507754747065,0.431451953666995
Walden Solar Maine V LLC,Solar Photovoltaic,Solar Generation,13.200000000000001,44.34475,-70.12961,ME,MW,0.02884476011016089,0.6114579956437564
"Gibson Solar, LLC",Solar Photovoltaic,Solar Generation,132,38.317957,-87.53063,IN,MW,0.2897521379910132,0.8017627624826315
DIVOCSG 14 LLC,Solar Photovoltaic,Solar Generation,0.66,44.3396,-91.9974,MN,MW,0.0013045368894042616,0.14061018220347427
"Roaring Springs, LLC",Solar Photovoltaic,Solar Generation,165,33.877514,-100.8902,TX,MW,0.3622264096245833,0.8489242069179086
Roadrunner Crossing Energy Storage LLC,Batteries,Electricity Storage,99,32.414193,-99.10774,TX,MW,0.29971988795518206,0.7091542255090751
Pine Grove Solar LLC,Solar Photovoltaic,Solar Generation,0.9239999999999999,42.186,-121.687,OR,MW,0.001884331062472822,0.2794824398408343
Orchard Knob Solar LLC,Solar Photovoltaic,Solar Generation,1.518,44.947,-123.31,OR,MW,0.0031888679518770834,0.39722094397509977
Round Lake Solar LLC,Solar Photovoltaic,Solar Generation,0.66,42.128,-121.907,OR,MW,0.0013045368894042616,0.14061018220347427
Solar DG IL 1 LLC,Solar Photovoltaic,Solar Generation,1.122,42.376,-89.003,IL,MW,0.0023191766922742423,0.30987734936531186
Solar DG IL 3 LLC,Solar Photovoltaic,Solar Generation,1.32,40.918,-88.619,IL,MW,0.002754022322075663,0.3275439767896132
Azalea Springs Solar Park LLC,Solar Photovoltaic,Solar Generation,118.80000000000001,31.403914,-94.8719,TX,MW,0.2607624293375852,0.7916755661375013
"Renewable Solar, Inc",Solar Photovoltaic,Solar Generation,1.122,36.459935,-120.0298,CA,MW,0.0023191766922742423,0.30987734936531186
"Lightsource Renewable Energy Asset Management, LLC",Solar Photovoltaic,Solar Generation,99,28.000395,-97.3879,TX,MW,0.21727786635744312,0.7589047549619988
Kearsarge Riverpark I LLC,Batteries,Electricity Storage,3.3000000000000003,42.554017,-71.13597,MA,MW,0.009603841536614645,0.3509743875366324
Kearsarge Riverpark I LLC,Batteries,Electricity Storage,3.3000000000000003,42.554017,-71.13597,MA,MW,0.009603841536614645,0.3509743875366324
Clinton Solar (OH) LLC,Solar Photovoltaic,Solar Generation,32.934,39.34098,-83.76907,OH,MW,0.0721843745470358,0.6417473530222153
"Diver Solar, LLC",Solar Photovoltaic,Solar Generation,148.5,31.25,-96.39,TX,MW,0.32598927380779824,0.8369104694955177
"Mars Hill Road Solar Farm, LLC",Solar Photovoltaic,Solar Generation,1.6500000000000001,46.574069,-67.91107,ME,MW,0.003478765038411364,0.4082844803877832
Garnet Mesa Solar LLC,Solar Photovoltaic,Solar Generation,52.800000000000004,38.740617,-107.9825,CO,MW,0.115813886070445,0.7020305213276591
"Catalyze Bedford Park 7035 W 65th Street Microgrid, LLC",Solar Photovoltaic,Solar Generation,1.32,41.772468,-87.79725,IL,MW,0.002754022322075663,0.3275439767896132
University of Massachusetts Amherst,Batteries,Electricity Storage,1.32,42.390084,-72.53714,MA,MW,0.003601440576230492,0.2593045002085185
VESI 38 LLC,Batteries,Electricity Storage,39.6,26.206944,-98.05889,TX,MW,0.11964785914365746,0.5769378019295782
Pixley Solar Energy LLC,Solar Photovoltaic,Solar Generation,124.74000000000001,37.26609,-98.50019,KS,MW,0.27380779823162776,0.7957412184874257
MN CSG 2019-79 LLC,Solar Photovoltaic,Solar Generation,0.66,44.7825,-95.4795,MN,MW,0.0013045368894042616,0.14061018220347427
MN CSG 2019-22 LLC,Solar Photovoltaic,Solar Generation,0.66,44.7951,-95.1001,MN,MW,0.0013045368894042616,0.14061018220347427
Zena Solar LLC,Solar Photovoltaic,Solar Generation,1.6500000000000001,45.02015,-123.0985,OR,MW,0.003478765038411364,0.4082844803877832
"Wildwood Solar, LLC",Solar Photovoltaic,Solar Generation,66,33.934776,-90.33862,MS,MW,0.14480359472387302,0.714646916274308
Executive Parkway BR8-O Solar Project 2020 LLC,Batteries,Electricity Storage,0.33,37.769011,-121.9668,CA,MW,6.002400960384153e-4,0.08197921337086443
Executive Parkway BR8-O Solar Project 2020 LLC,Solar Photovoltaic,Solar Generation,0.66,37.769011,-121.9668,CA,MW,0.0013045368894042616,0.14061018220347427
Executive Parkway BR8-Q Solar Project 2020 LLC,Batteries,Electricity Storage,0.33,37.768711,-121.9684,CA,MW,6.002400960384153e-4,0.08197921337086443
Executive Parkway BR8-Q Solar Project 2020 LLC,Solar Photovoltaic,Solar Generation,0.46199999999999997,37.768711,-121.9684,CA,MW,8.69691259602841e-4,0.11823380610602888
Alcosta Boulevard BR 15-AA Solar Project 2020 LLC,Batteries,Electricity Storage,0.33,37.77538,-121.9613,CA,MW,6.002400960384153e-4,0.08197921337086443
Alcosta Boulevard BR 15-AA Solar Project 2020 LLC,Solar Photovoltaic,Solar Generation,0.33,37.77538,-121.9613,CA,MW,5.797941730685607e-4,0.09344444016868475
Alcosta Boulevard BR 15-AA Solar Project 2020 LLC,Solar Photovoltaic,Solar Generation,0.132,37.77538,-121.9613,CA,MW,1.4494854326714017e-4,0.06381996872084994
"Alcosta Boulevard BR 15-CC Solar Project 2020, LLC",Batteries,Electricity Storage,0.33,37.773323,-121.9602,CA,MW,6.002400960384153e-4,0.08197921337086443
"Alcosta Boulevard BR 15-CC Solar Project 2020, LLC",Solar Photovoltaic,Solar Generation,0.33,37.773323,-121.9602,CA,MW,5.797941730685607e-4,0.09344444016868475
"Alcosta Boulevard BR 15-CC Solar Project 2020, LLC",Solar Photovoltaic,Solar Generation,0.132,37.773323,-121.9602,CA,MW,1.4494854326714017e-4,0.06381996872084994
Greenbacker Renewable Energy Corporation,Solar Photovoltaic,Solar Generation,1.32,42.48231,-89.99143,IL,MW,0.002754022322075663,0.3275439767896132
Greenbacker Renewable Energy Corporation,Solar Photovoltaic,Solar Generation,1.32,42.482401,-89.98954,IL,MW,0.002754022322075663,0.3275439767896132
Pivot Energy,Solar Photovoltaic,Solar Generation,0.8580000000000001,36.347335,-119.3957,CA,MW,0.001739382519205682,0.269152128131917
Bravo REC Management LLC,Solar Photovoltaic,Solar Generation,0.66,36.028854,-119.4015,CA,MW,0.0013045368894042616,0.14061018220347427
MN CSG 2019-77 LLC,Solar Photovoltaic,Solar Generation,0.66,44.4735,-93.2187,MN,MW,0.0013045368894042616,0.14061018220347427
"Origis Energy USA, Inc",Solar Photovoltaic,Solar Generation,95.7,31.7688,-102.696,TX,MW,0.21003043919408612,0.7561557926406632
"Catalyze University Park Central Ave Microgrid, LLC",Solar Photovoltaic,Solar Generation,1.518,41.453676,-87.75003,IL,MW,0.0031888679518770834,0.39722094397509977
"Catalyze Bolingbrook 279 Marquette Drive Microgrid, LLC",Solar Photovoltaic,Solar Generation,0.66,41.672428,-88.06185,IL,MW,0.0013045368894042616,0.14061018220347427
"Catalyze Bedford Park 6901 W 65th Street Microgrid, LLC",Solar Photovoltaic,Solar Generation,1.32,41.772696,-87.79431,IL,MW,0.002754022322075663,0.3275439767896132
Abundant Solar Power Inc.,Solar Photovoltaic,Solar Generation,2.178,43.065015,-76.2196,NY,MW,0.004638353384548485,0.4509625919540823
Pacifico Power,Batteries,Electricity Storage,0.66,36.050157,-119.3147,CA,MW,0.001600640256102441,0.16870592774492987
Pacifico Power,Solar Photovoltaic,Solar Generation,2.7720000000000002,36.050157,-119.3147,CA,MW,0.005942890273952748,0.48020451222404453
Pacifico Power,Batteries,Electricity Storage,0.46199999999999997,36.050157,-119.3147,CA,MW,0.0010004001600640254,0.1425580173512899
Pacifico Power,Solar Photovoltaic,Solar Generation,1.3860000000000001,36.050157,-119.3147,CA,MW,0.0028989708653428033,0.3924229524406973
"Kelly Creek Solar, LLC",Solar Photovoltaic,Solar Generation,1.518,42.133852,-123.6303,OR,MW,0.0031888679518770834,0.39722094397509977
Tampa Electric Co,Solar Photovoltaic,Solar Generation,49.17,27.654491,-82.29003,FL,MW,0.1078417161907523,0.6674270695664446
"NY Thompson III, LLC",Solar Photovoltaic,Solar Generation,2.64,41.738414,-74.73387,NY,MW,0.005652993187418466,0.4670569400750495
"North Narragansett Avenue Solar Project 2022, LLC",Solar Photovoltaic,Solar Generation,0.66,41.928181,-87.78931,IL,MW,0.0013045368894042616,0.14061018220347427
"Riverside Drive Solar Project 2022, LLC",Solar Photovoltaic,Solar Generation,0.66,40.681036,-89.58474,IL,MW,0.0013045368894042616,0.14061018220347427
United Parcel Service,Batteries,Electricity Storage,0.7260000000000001,36.36139,-119.3926,CA,MW,0.0018007202881152463,0.2228126796486022
United Parcel Service,Solar Photovoltaic,Solar Generation,1.6500000000000001,36.36139,-119.3926,CA,MW,0.003478765038411364,0.4082844803877832
Breckinridge Energy Storage LLC,Batteries,Electricity Storage,42.9,36.4465,-97.6945,OK,MW,0.12965186074429771,0.5863626646977593
"Woodward Energy Storage, LLC",Batteries,Electricity Storage,26.400000000000002,36.57279,-99.3,OK,MW,0.07963185274109644,0.5301727691389413
"Origis Energy USA, Inc",Solar Photovoltaic,Solar Generation,66,31.723088,-102.5196,TX,MW,0.14480359472387302,0.714646916274308
"Origis Energy USA, Inc",Solar Photovoltaic,Solar Generation,66,31.723088,-102.5196,TX,MW,0.14480359472387302,0.714646916274308
AETS OpCo Holdings LLC,Solar Photovoltaic,Solar Generation,1.98,35.93422,-119.8619,CA,MW,0.004203507754747065,0.431451953666995
Hardin Solar Energy III,Solar Photovoltaic,Solar Generation,165,40.682326,-83.79388,OH,MW,0.3622264096245833,0.8489242069179086
"Origis Energy USA, Inc",Solar Photovoltaic,Solar Generation,49.5,29.472222,-82.43088,FL,MW,0.10856645890708799,0.6966578585280819
"Dominguez Grid, LLC",Batteries,Electricity Storage,132,40.762899,-112.005,UT,MW,0.3997599039615847,0.7658985069236155
Madison Energy Investments LLC,Solar Photovoltaic,Solar Generation,3.3000000000000003,35.5768,-119.1536,CA,MW,0.007102478620089869,0.505677771573954
"Westbound Solar 3, LLC",Solar Photovoltaic,Solar Generation,1.914,31.5059,-83.5115,GA,MW,0.0040585592114799245,0.4278826698683019
"Westbound Solar 3, LLC",Solar Photovoltaic,Solar Generation,0.7260000000000001,34.952825,-84.94459,GA,MW,0.0014494854326714017,0.24832723510049104
Chugach Electric Assn Inc,Batteries,Electricity Storage,26.400000000000002,61.169886,-149.9131,AK,MW,0.07963185274109644,0.5301727691389413
"REC CSD, LLC",Solar Photovoltaic,Solar Generation,1.1880000000000002,38.005734,-122.0749,CA,MW,0.002464125235541383,0.3143414461503724
"Guajillo Energy Storage, LLC",Batteries,Electricity Storage,150.942,27.628889,-99.26639,TX,MW,0.4571828731492597,0.8284087822825765
"REC KDO, LLC",Solar Photovoltaic,Solar Generation,0.792,35.297931,-118.9809,CA,MW,0.0015944339759385417,0.25779353676419364
"ADP Boulevard Solar Project 2021, LLC",Solar Photovoltaic,Solar Generation,1.584,40.815661,-74.31015,NJ,MW,0.0033338164951442237,0.4043151340830314
Route 66 Energy Storage,Batteries,Electricity Storage,32.67,35.059366,-107.7092,NM,MW,0.09863945578231292,0.5479040760446244
Sky Ranch Bess II,Batteries,Electricity Storage,66,34.781625,-106.7769,NM,MW,0.1996798719487795,0.6262351124790859
"Westbound Solar 3, LLC",Solar Photovoltaic,Solar Generation,1.98,34.44161,-84.70632,GA,MW,0.004203507754747065,0.431451953666995
"Westbound Solar 3, LLC",Solar Photovoltaic,Solar Generation,1.584,34.046881,-85.2113,GA,MW,0.0033338164951442237,0.4043151340830314
"Westbound Solar 3, LLC",Solar Photovoltaic,Solar Generation,3.2340000000000004,42.567605,-71.9195,MA,MW,0.0069575300768227296,0.4978973555835699
"Westbound Solar 3, LLC",Solar Photovoltaic,Solar Generation,1.254,31.25259,-82.30219,GA,MW,0.002609073778808523,0.3214937248300043
"Westbound Solar 3, LLC",Solar Photovoltaic,Solar Generation,1.914,32.403553,-81.74994,GA,MW,0.0040585592114799245,0.4278826698683019
"Westbound Solar 3, LLC",Solar Photovoltaic,Solar Generation,1.584,33.494749,-112.4311,AZ,MW,0.0033338164951442237,0.4043151340830314
"Westbound Solar 3, LLC",Solar Photovoltaic,Solar Generation,0.7260000000000001,38.193407,-122.2604,CA,MW,0.0014494854326714017,0.24832723510049104
"Westbound Solar 3, LLC",Solar Photovoltaic,Solar Generation,3.3000000000000003,44.75753,-69.63688,ME,MW,0.007102478620089869,0.505677771573954
"Westbound Solar 3, LLC",Solar Photovoltaic,Solar Generation,1.584,34.440235,-84.70455,GA,MW,0.0033338164951442237,0.4043151340830314
"Westbound Solar 3, LLC",Solar Photovoltaic,Solar Generation,1.584,34.497814,-85.45043,GA,MW,0.0033338164951442237,0.4043151340830314
"Dowmont Solar, LLC",Solar Photovoltaic,Solar Generation,3.3000000000000003,43.270625,-73.52408,NY,MW,0.007102478620089869,0.505677771573954
"Hidden Meadows Solar, LLC",Solar Photovoltaic,Solar Generation,3.3000000000000003,43.282021,-73.52267,NY,MW,0.007102478620089869,0.505677771573954
"REC SHW, LLC",Solar Photovoltaic,Solar Generation,0.7260000000000001,35.735606,-120.6853,CA,MW,0.0014494854326714017,0.24832723510049104
"Heuvelton Solar, LLC",Solar Photovoltaic,Solar Generation,3.3000000000000003,44.620618,-75.44491,NY,MW,0.007102478620089869,0.505677771573954
"REC RWD, LLC",Solar Photovoltaic,Solar Generation,3.2340000000000004,44.71022,-67.96419,ME,MW,0.0069575300768227296,0.4978973555835699
"Renewable Solar, Inc",Solar Photovoltaic,Solar Generation,2.0460000000000003,35.716444,-119.4304,CA,MW,0.004348456298014205,0.44771015985185125
Green Street Power Partners,Solar Photovoltaic,Solar Generation,3.3000000000000003,44.734853,-74.64869,NY,MW,0.007102478620089869,0.505677771573954
Green Street Power Partners,Solar Photovoltaic,Solar Generation,2.64,44.755047,-74.65055,NY,MW,0.005652993187418466,0.4670569400750495
Green Street Power Partners,Solar Photovoltaic,Solar Generation,1.6500000000000001,44.751923,-74.65717,NY,MW,0.003478765038411364,0.4082844803877832
Green Street Power Partners,Solar Photovoltaic,Solar Generation,3.3000000000000003,40.34036,-104.8789,CO,MW,0.007102478620089869,0.505677771573954
Green Street Power Partners,Solar Photovoltaic,Solar Generation,2.178,40.481029,-104.7159,CO,MW,0.004638353384548485,0.4509625919540823
Green Street Power Partners,Solar Photovoltaic,Solar Generation,2.244,42.975944,-73.92723,NY,MW,0.004783301927815626,0.45463378297690915
Green Street Power Partners,Solar Photovoltaic,Solar Generation,1.518,42.975947,-73.92719,NY,MW,0.0031888679518770834,0.39722094397509977
Green Street Power Partners,Solar Photovoltaic,Solar Generation,1.8479999999999999,42.895595,-73.95846,NY,MW,0.003913610668212784,0.42474151043915653
Union Electric Co - (MO),Solar Photovoltaic,Solar Generation,132,39.314,-91.543,MO,MW,0.2897521379910132,0.8017627624826315
CVE US EI7 Belair LLC,Solar Photovoltaic,Solar Generation,2.64,42.75382,-73.64631,NY,MW,0.005652993187418466,0.4670569400750495
Kilmer Solar LLC,Solar Photovoltaic,Solar Generation,3.3000000000000003,43.19049,-78.88973,NY,MW,0.007102478620089869,0.505677771573954
CVE US EI5 Manlius East LLC,Solar Photovoltaic,Solar Generation,3.3000000000000003,43.01548,-75.96947,NY,MW,0.007102478620089869,0.505677771573954
CVE US EI4 Manlius North LLC,Solar Photovoltaic,Solar Generation,0.9239999999999999,43.01061,-75.96538,NY,MW,0.001884331062472822,0.2794824398408343
CVE US EI5 Manlius West LLC,Solar Photovoltaic,Solar Generation,3.3000000000000003,43.0112,-75.96874,NY,MW,0.007102478620089869,0.505677771573954
Mantisi Solar LLC,Solar Photovoltaic,Solar Generation,3.3000000000000003,43.19415,-77.98454,NY,MW,0.007102478620089869,0.505677771573954
CVE US EI8 Quaker LLC,Solar Photovoltaic,Solar Generation,3.3000000000000003,43.32288,-73.61235,NY,MW,0.007102478620089869,0.505677771573954
Rak 1 Solar LLC,Solar Photovoltaic,Solar Generation,3.3000000000000003,42.44156,-79.29234,NY,MW,0.007102478620089869,0.505677771573954
Madison Energy Investments LLC,Solar Photovoltaic,Solar Generation,2.64,43.12266,-78.85095,NY,MW,0.005652993187418466,0.4670569400750495
Wolf Solar LLC,Solar Photovoltaic,Solar Generation,2.3760000000000003,43.19827,-77.98811,NY,MW,0.005073199014349906,0.46064927059522975
Green Street Power Partners,Solar Photovoltaic,Solar Generation,3.3000000000000003,42.895595,-73.95846,NY,MW,0.007102478620089869,0.505677771573954
NJR Clean Energy Ventures Corporation,Solar Photovoltaic,Solar Generation,2.64,41.85,-72.55,CT,MW,0.005652993187418466,0.4670569400750495
"Scale Sustainable I, LLC",Solar Photovoltaic,Solar Generation,2.706,42.986,-74.183,NY,MW,0.005797941730685606,0.4791479849903564
"Scale Sustainable I, LLC",Solar Photovoltaic,Solar Generation,2.3760000000000003,42.986,-74.183,NY,MW,0.005073199014349906,0.46064927059522975
"Scale Sustainable I, LLC",Solar Photovoltaic,Solar Generation,3.3000000000000003,42.984025,-74.20083,NY,MW,0.007102478620089869,0.505677771573954
City of Grand Island - (NE),Solar Photovoltaic,Solar Generation,6.534000000000001,40.924939,-98.31058,NE,MW,0.014204957240179738,0.5914831084926135
SoCore Energy LLC,Batteries,Electricity Storage,1.98,42.49,-73.214,MA,MW,0.005602240896358543,0.31815622385713654
SoCore Energy LLC,Solar Photovoltaic,Solar Generation,2.97,42.49,-73.214,MA,MW,0.006377735903754168,0.4863228265519096
SoCore Energy LLC,Batteries,Electricity Storage,1.6500000000000001,42.536,-73.229,MA,MW,0.004601840736294517,0.29477971031596156
SoCore Energy LLC,Solar Photovoltaic,Solar Generation,2.3760000000000003,42.536,-73.229,MA,MW,0.005073199014349906,0.46064927059522975
NJR Clean Energy Ventures Corporation,Solar Photovoltaic,Solar Generation,10.164000000000001,40.768,-74.735,NJ,MW,0.022177127119872447,0.606372141021516
NJR Clean Energy Ventures Corporation,Solar Photovoltaic,Solar Generation,1.98,41.75,-72.55,CT,MW,0.004203507754747065,0.431451953666995
Prologis Logistics Services Incorporated BESS,Batteries,Electricity Storage,6.6000000000000005,29.77682,-95.37989,TX,MW,0.0196078431372549,0.43649167310370846
Prologis Logistics Services Incorporated BESS,Batteries,Electricity Storage,6.6000000000000005,32.68657,-97.08325,TX,MW,0.0196078431372549,0.43649167310370846
Prologis Logistics Services Incorporated BESS,Batteries,Electricity Storage,6.6000000000000005,32.81479,-97.025,TX,MW,0.0196078431372549,0.43649167310370846
Prologis Logistics Services Incorporated BESS,Batteries,Electricity Storage,6.534000000000001,26.32162,-98.35149,TX,MW,0.019407763105242098,0.394200048734022
Prologis Logistics Services Incorporated BESS,Batteries,Electricity Storage,6.534000000000001,26.39279,-98.81941,TX,MW,0.019407763105242098,0.394200048734022
"Today's Power, Inc.",Solar Photovoltaic,Solar Generation,0.66,35.510306,-93.8348,AR,MW,0.0013045368894042616,0.14061018220347427
"Today's Power, Inc.",Solar Photovoltaic,Solar Generation,0.66,37.675278,-98.78258,KS,MW,0.0013045368894042616,0.14061018220347427
"Today's Power, Inc.",Solar Photovoltaic,Solar Generation,0.66,37.120111,-96.21253,KS,MW,0.0013045368894042616,0.14061018220347427
"Today's Power, Inc.",Solar Photovoltaic,Solar Generation,0.66,40.656417,-96.74319,NE,MW,0.0013045368894042616,0.14061018220347427
"Today's Power, Inc.",Solar Photovoltaic,Solar Generation,1.32,37.281355,-99.36441,KS,MW,0.002754022322075663,0.3275439767896132
"Today's Power, Inc.",Solar Photovoltaic,Solar Generation,0.66,40.08675,-97.70786,NE,MW,0.0013045368894042616,0.14061018220347427
"Today's Power, Inc.",Solar Photovoltaic,Solar Generation,1.32,34.741158,-92.18193,AR,MW,0.002754022322075663,0.3275439767896132
"Today's Power, Inc.",Solar Photovoltaic,Solar Generation,3.3000000000000003,34.743456,-92.17993,AR,MW,0.007102478620089869,0.505677771573954
Solar Planet Power,Solar Photovoltaic,Solar Generation,2.97,43.045646,-76.02489,NY,MW,0.006377735903754168,0.4863228265519096
"Today's Power, Inc.",Solar Photovoltaic,Solar Generation,6.6000000000000005,35.467464,-93.51518,AR,MW,0.014349905783446878,0.5924134611575484
"Today's Power, Inc.",Solar Photovoltaic,Solar Generation,3.3000000000000003,36.155318,-93.89012,AR,MW,0.007102478620089869,0.505677771573954
"Today's Power, Inc.",Solar Photovoltaic,Solar Generation,3.3000000000000003,34.680844,-96.76817,OK,MW,0.007102478620089869,0.505677771573954
"Today's Power, Inc.",Solar Photovoltaic,Solar Generation,0.66,35.567708,-92.45698,AR,MW,0.0013045368894042616,0.14061018220347427
"Today's Power, Inc.",Solar Photovoltaic,Solar Generation,0.66,40.82878,-97.0784,NE,MW,0.0013045368894042616,0.14061018220347427
"Today's Power, Inc.",Solar Photovoltaic,Solar Generation,0.66,38.849801,-97.37198,KS,MW,0.0013045368894042616,0.14061018220347427
"Today's Power, Inc.",Solar Photovoltaic,Solar Generation,1.914,36.16529,-94.04947,AR,MW,0.0040585592114799245,0.4278826698683019
"Today's Power, Inc.",Solar Photovoltaic,Solar Generation,0.66,41.213636,-98.44561,NE,MW,0.0013045368894042616,0.14061018220347427
"Today's Power, Inc.",Solar Photovoltaic,Solar Generation,0.66,41.124756,-97.57945,NE,MW,0.0013045368894042616,0.14061018220347427
"Today's Power, Inc.",Solar Photovoltaic,Solar Generation,3.3000000000000003,34.060838,-93.08608,AR,MW,0.007102478620089869,0.505677771573954
"Today's Power, Inc.",Solar Photovoltaic,Solar Generation,1.98,36.263575,-94.30998,AR,MW,0.004203507754747065,0.431451953666995
"Today's Power, Inc.",Solar Photovoltaic,Solar Generation,3.036,34.699096,-92.21184,AR,MW,0.006522684447021308,0.4907453586804188
SoCore Energy LLC,Batteries,Electricity Storage,1.98,42.50277,-73.22821,MA,MW,0.005602240896358543,0.31815622385713654
SoCore Energy LLC,Solar Photovoltaic,Solar Generation,2.97,42.50277,-73.22821,MA,MW,0.006377735903754168,0.4863228265519096
SoCore Energy LLC,Batteries,Electricity Storage,2.178,42.60783,-73.13566,MA,MW,0.006202480992396958,0.337259055769647
SoCore Energy LLC,Solar Photovoltaic,Solar Generation,3.3000000000000003,42.60783,-73.13566,MA,MW,0.007102478620089869,0.505677771573954
Onyx Asset Services Group,Solar Photovoltaic,Solar Generation,2.64,42.775263,-73.6533,NY,MW,0.005652993187418466,0.4670569400750495
Onyx Asset Services Group,Solar Photovoltaic,Solar Generation,0.66,38.291163,-120.9191,CA,MW,0.0013045368894042616,0.14061018220347427
"Renewable Solar, Inc",Solar Photovoltaic,Solar Generation,1.3860000000000001,36.442188,-120.3874,CA,MW,0.0028989708653428033,0.3924229524406973
USS Origami Solar LLC,Solar Photovoltaic,Solar Generation,2.838,41.8344,-90.1452,IL,MW,0.006087838817219887,0.4818938658030125
USS Cattail Solar LLC,Solar Photovoltaic,Solar Generation,1.518,41.854,-90.1171,IL,MW,0.0031888679518770834,0.39722094397509977
USS Ducks Solar LLC,Solar Photovoltaic,Solar Generation,3.3000000000000003,42.0142,-89.351,IL,MW,0.007102478620089869,0.505677771573954
Rak 2 Solar LLC,Solar Photovoltaic,Solar Generation,2.31,42.4367,-79.29715,NY,MW,0.004928250471082766,0.4559259507673007
Union Electric Co - (MO),Solar Photovoltaic,Solar Generation,99,38.1699,-88.1869,IL,MW,0.21727786635744312,0.7589047549619988
Union Electric Co - (MO),Solar Photovoltaic,Solar Generation,99,39.9778,-90.4711,IL,MW,0.21727786635744312,0.7589047549619988
Dominion Energy Inc.,Solar Photovoltaic,Solar Generation,52.800000000000004,36.59,-77.67,VA,MW,0.115813886070445,0.7020305213276591
Dominion Energy Inc.,Solar Photovoltaic,Solar Generation,13.200000000000001,37.36,-76.53,VA,MW,0.02884476011016089,0.6114579956437564
Northern States Power Co - Minnesota,Solar Photovoltaic,Solar Generation,156.486,45.371517,-93.86754,MN,MW,0.3435280475431222,0.84105545843966
MD CDG 001 LLC,Solar Photovoltaic,Solar Generation,1.32,39.373488,-79.39764,MD,MW,0.002754022322075663,0.3275439767896132
MD CDG 002 LLC,Solar Photovoltaic,Solar Generation,1.32,39.375049,-79.40399,MD,MW,0.002754022322075663,0.3275439767896132
ME CDG 004 LLC,Solar Photovoltaic,Solar Generation,1.32,44.849454,-68.80057,ME,MW,0.002754022322075663,0.3275439767896132
ME CDG 005 LLC,Solar Photovoltaic,Solar Generation,1.32,44.842381,-68.70636,ME,MW,0.002754022322075663,0.3275439767896132
NY CDG 010 LLC,Solar Photovoltaic,Solar Generation,0.792,40.78035,-73.90148,NY,MW,0.0015944339759385417,0.25779353676419364
Prologis Logistics Services Incorporated,Solar Photovoltaic,Solar Generation,0.7260000000000001,34.241957,-118.6029,CA,MW,0.0014494854326714017,0.24832723510049104
Prologis Logistics Services Incorporated,Solar Photovoltaic,Solar Generation,0.99,37.753015,-121.3883,CA,MW,0.0020292796057399622,0.28893622872715063
Prologis Logistics Services Incorporated,Solar Photovoltaic,Solar Generation,0.66,34.074119,-117.5296,CA,MW,0.0013045368894042616,0.14061018220347427
Lockheed Martin Corporation,Solar Photovoltaic,Solar Generation,13.200000000000001,34.608,-118.109,CA,MW,0.02884476011016089,0.6114579956437564
Franklin CSG 1 LLC,Solar Photovoltaic,Solar Generation,0.66,44.5393,-94.895,MN,MW,0.0013045368894042616,0.14061018220347427
Kingman Energy Storage LLC,Batteries,Electricity Storage,33,35.08412,-114.0509,AZ,MW,0.09963985594237694,0.5487176518535749
Minco II Energy Storage LLC,Batteries,Electricity Storage,42.9,35.305292,-97.89123,OK,MW,0.12965186074429771,0.5863626646977593
NJR Clean Energy Ventures Corporation,Solar Photovoltaic,Solar Generation,0.99,39.94,-75.534,PA,MW,0.0020292796057399622,0.28893622872715063
Generate Capital,Solar Photovoltaic,Solar Generation,3.036,42.50275,-79.281720000000007,NY,MW,0.006522684447021308,0.4907453586804188
Generate Capital,Solar Photovoltaic,Solar Generation,1.6500000000000001,43.189134,-77.74272,NY,MW,0.003478765038411364,0.4082844803877832
Generate Capital,Solar Photovoltaic,Solar Generation,2.508,42.337823,-75.90345,NY,MW,0.005363096100884186,0.46343031102417204
A2B Development LLC dba Mars Energy Development,Solar Photovoltaic,Solar Generation,0.66,37.083909,-120.6344,CA,MW,0.0013045368894042616,0.14061018220347427
Evelyn Energy Storage LLC,Batteries,Electricity Storage,145.20000000000002,29.488956,-95.03651,TX,MW,0.43977591036414565,0.8175043716457014
"Google, Inc.",Batteries,Electricity Storage,1.7160000000000002,37.626915,-122.4283,CA,MW,0.004801920768307323,0.3158067523459659
"Google, Inc.",Solar Photovoltaic,Solar Generation,0.792,37.626915,-122.4283,CA,MW,0.0015944339759385417,0.25779353676419364
Repsol Renewables NA,Solar Photovoltaic,Solar Generation,339.90000000000003,27.85923,-99.16174,TX,MW,0.7463400492825047,0.960570708134752
A2B Development LLC dba Mars Energy Development,Solar Photovoltaic,Solar Generation,0.66,37.858452,-121.013,CA,MW,0.0013045368894042616,0.14061018220347427
Prologis Logistics Services Incorporated,Solar Photovoltaic,Solar Generation,0.66,33.83783,-118.2312,CA,MW,0.0013045368894042616,0.14061018220347427
Chillingham Storage LLC,Batteries,Electricity Storage,99,31.005302,-97.26319,TX,MW,0.29971988795518206,0.7091542255090751
Bavaria Solar LLC,Solar Photovoltaic,Solar Generation,0.66,43.975,-95.9091,MN,MW,0.0013045368894042616,0.14061018220347427
Terra-Gen Operating Co-Hybrid,Solar Photovoltaic,Solar Generation,30.360000000000003,35.026182,-118.1529,CA,MW,0.06653138135961734,0.6401504133841363
Terra-Gen Operating Co-Hybrid,Solar Photovoltaic,Solar Generation,67.32000000000001,35.026182,-118.1529,CA,MW,0.14770256558921585,0.7324277529405671
"Autoliv ASP, Inc.",Solar Photovoltaic,Solar Generation,2.244,41.207,-112.004,UT,MW,0.004783301927815626,0.45463378297690915
"Tyson Nick Solar Project, LLC",Solar Photovoltaic,Solar Generation,59.730000000000004,33.644897,-95.62704,TX,MW,0.13103348311349472,0.7117753295511887
"DG Richmond, LLC",Solar Photovoltaic,Solar Generation,1.32,42.441266,-88.30367,IL,MW,0.002754022322075663,0.3275439767896132
"Shallow Basket Energy, LLC",Batteries,Electricity Storage,33,36.252111,-107.3107,NM,MW,0.09963985594237694,0.5487176518535749
"Shallow Basket Energy, LLC",Solar Photovoltaic,Solar Generation,92.4,36.252111,-107.3107,NM,MW,0.2027830120307291,0.751672764899509
Inertia Energy Storage LLC,Batteries,Electricity Storage,8.58,33.177277,-99.56774,TX,MW,0.025610244097639057,0.4786001114201164
Wakefield MA BESS 1 LLC,Batteries,Electricity Storage,3.3000000000000003,42.495028,-71.05059,MA,MW,0.009603841536614645,0.3509743875366324
Longhorn Storage LLC,Batteries,Electricity Storage,108.9,32.428686,-99.15911,TX,MW,0.32973189275710285,0.745445993423946
Bocanova Power LLC,Batteries,Electricity Storage,99,29.435422,-95.2511,TX,MW,0.29971988795518206,0.7091542255090751
Pleasantville Solar Park LLC,Solar Photovoltaic,Solar Generation,99,40.354122,-90.34819,IL,MW,0.21727786635744312,0.7589047549619988
"Newark Road Kendall Solar 1, LLC",Solar Photovoltaic,Solar Generation,1.32,41.536831,-88.56694,IL,MW,0.002754022322075663,0.3275439767896132
"SolAmerica Energy, LLC",Solar Photovoltaic,Solar Generation,0.7260000000000001,39.528101,-89.32002,IL,MW,0.0014494854326714017,0.24832723510049104
Dimension Energy LLC,Solar Photovoltaic,Solar Generation,1.98,37.27604,-78.61845,VA,MW,0.004203507754747065,0.431451953666995
Dimension Energy LLC,Solar Photovoltaic,Solar Generation,1.98,37.67491,-76.41144,VA,MW,0.004203507754747065,0.431451953666995
PAC Aviation,Solar Photovoltaic,Solar Generation,1.6500000000000001,34.214543,-118.5006,CA,MW,0.003478765038411364,0.4082844803877832
"Chapman Creek Solar, LLC",Solar Photovoltaic,Solar Generation,1.98,42.153166,-123.6237,OR,MW,0.004203507754747065,0.431451953666995
P66 Rodeo Solar,Solar Photovoltaic,Solar Generation,19.932000000000002,38.035,-122.247,CA,MW,0.04362951152340919,0.6320289048022026
Pacifico Power,Batteries,Electricity Storage,0.66,36.459317,-119.2978,CA,MW,0.001600640256102441,0.16870592774492987
Pacifico Power,Solar Photovoltaic,Solar Generation,2.7720000000000002,36.459317,-119.2978,CA,MW,0.005942890273952748,0.48020451222404453
Prologis Logistics Services Incorporated,Solar Photovoltaic,Solar Generation,0.9239999999999999,39.182941,-76.70536,MD,MW,0.001884331062472822,0.2794824398408343
United States Solar Corporation,Solar Photovoltaic,Solar Generation,1.32,41.4685,-87.7396,IL,MW,0.002754022322075663,0.3275439767896132
Riverstart Solar Park IV LLC,Solar Photovoltaic,Solar Generation,99,40.12115,-85.17476,IN,MW,0.21727786635744312,0.7589047549619988
Libra Storage LLC,Batteries,Electricity Storage,155.95800000000003,29.466592,-98.00284,TX,MW,0.47238895558223293,0.8436033829176174
Sun Valley Storage LLC,Batteries,Electricity Storage,81.378,31.857837,-97.01713,TX,MW,0.2462985194077631,0.6818437761428634
"Buckner Creek Solar, LLC",Solar Photovoltaic,Solar Generation,1.6500000000000001,45.249161,-122.5572,OR,MW,0.003478765038411364,0.4082844803877832
"Shining Solar Partners, LLC",Solar Photovoltaic,Solar Generation,3.3000000000000003,44.451691,-68.99329,ME,MW,0.007102478620089869,0.505677771573954
"Pine Forest Solar I, LLC",Batteries,Electricity Storage,132,33.100779,-95.39229,TX,MW,0.3997599039615847,0.7658985069236155
"Pine Forest Solar I, LLC",Solar Photovoltaic,Solar Generation,198,33.100779,-95.39229,TX,MW,0.4347006812581533,0.8792741632080008
Padua 1,Batteries,Electricity Storage,33,29.325064,-98.32562,TX,MW,0.09963985594237694,0.5487176518535749
"SolAmerica Energy, LLC",Solar Photovoltaic,Solar Generation,1.32,39.605645,-87.71992,IL,MW,0.002754022322075663,0.3275439767896132
"SolAmerica Energy, LLC",Solar Photovoltaic,Solar Generation,1.32,39.91707,-88.89615,IL,MW,0.002754022322075663,0.3275439767896132
"SolAmerica Energy, LLC",Solar Photovoltaic,Solar Generation,1.32,40.622194,-89.67884,IL,MW,0.002754022322075663,0.3275439767896132
"SolAmerica Energy, LLC",Solar Photovoltaic,Solar Generation,1.32,40.378299,-89.5225,IL,MW,0.002754022322075663,0.3275439767896132
"Anthony Vineyards, Inc.",Solar Photovoltaic,Solar Generation,1.4520000000000002,35.076494,-118.9306,CA,MW,0.0030439194086099436,0.39410879697637047
"Birch Creek Power, LLC",Solar Photovoltaic,Solar Generation,7.128000000000001,40.94425,-89.26966,IL,MW,0.015509494129584,0.5987445043452951
"Renewable Solar, Inc",Solar Photovoltaic,Solar Generation,0.66,36.430127,-120.0129,CA,MW,0.0013045368894042616,0.14061018220347427
Pivot Energy,Solar Photovoltaic,Solar Generation,0.99,37.983521,-103.5762,CO,MW,0.0020292796057399622,0.28893622872715063
Pivot Energy,Solar Photovoltaic,Solar Generation,1.32,39.316996,-77.00585,MD,MW,0.002754022322075663,0.3275439767896132
Pivot Energy,Solar Photovoltaic,Solar Generation,3.3000000000000003,40.31766,-104.9309,CO,MW,0.007102478620089869,0.505677771573954
Pivot Energy,Solar Photovoltaic,Solar Generation,3.3000000000000003,39.728452,-104.769,CO,MW,0.007102478620089869,0.505677771573954
Pivot Energy,Solar Photovoltaic,Solar Generation,1.6500000000000001,40.620759,-103.2344,CO,MW,0.003478765038411364,0.4082844803877832
Pivot Energy,Solar Photovoltaic,Solar Generation,3.3000000000000003,43.861617,-73.4459,NY,MW,0.007102478620089869,0.505677771573954
Pivot Energy,Solar Photovoltaic,Solar Generation,1.518,42.485672,-78.49916,NY,MW,0.0031888679518770834,0.39722094397509977
Pivot Energy,Solar Photovoltaic,Solar Generation,3.3000000000000003,43.856722,-73.4494,NY,MW,0.007102478620089869,0.505677771573954
Pivot Energy,Solar Photovoltaic,Solar Generation,3.3000000000000003,43.878473,-73.44854,NY,MW,0.007102478620089869,0.505677771573954
SoCore Energy LLC,Solar Photovoltaic,Solar Generation,1.32,40.922989,-90.39972,IL,MW,0.002754022322075663,0.3275439767896132
SoCore Energy LLC,Solar Photovoltaic,Solar Generation,1.32,40.922989,-90.39972,IL,MW,0.002754022322075663,0.3275439767896132
Pivot Energy,Solar Photovoltaic,Solar Generation,1.32,38.506899,-89.14826,IL,MW,0.002754022322075663,0.3275439767896132
Pivot Energy,Solar Photovoltaic,Solar Generation,0.66,38.637126,-89.11153,IL,MW,0.0013045368894042616,0.14061018220347427
Pivot Energy,Solar Photovoltaic,Solar Generation,3.3000000000000003,40.434751,-104.6459,CO,MW,0.007102478620089869,0.505677771573954
Pivot Energy,Solar Photovoltaic,Solar Generation,2.64,39.575155,-87.69508,IL,MW,0.005652993187418466,0.4670569400750495
Pivot Energy,Solar Photovoltaic,Solar Generation,1.254,41.138879,-87.83753,IL,MW,0.002609073778808523,0.3214937248300043
Pivot Energy,Solar Photovoltaic,Solar Generation,1.32,41.166034,-88.63338,IL,MW,0.002754022322075663,0.3275439767896132
Pivot Energy,Solar Photovoltaic,Solar Generation,1.32,38.595728,-89.27324,IL,MW,0.002754022322075663,0.3275439767896132
Pivot Energy,Solar Photovoltaic,Solar Generation,1.584,43.140915,-75.55668,NY,MW,0.0033338164951442237,0.4043151340830314
Pivot Energy,Solar Photovoltaic,Solar Generation,1.32,38.506385,-89.14826,IL,MW,0.002754022322075663,0.3275439767896132
Pivot Energy,Solar Photovoltaic,Solar Generation,2.574,40.32734,-104.7518,CO,MW,0.005508044644151326,0.46620459147011584
Pivot Energy,Solar Photovoltaic,Solar Generation,1.6500000000000001,43.897977,-73.42136,NY,MW,0.003478765038411364,0.4082844803877832
GD Richmond Beaver River I LLC,Solar Photovoltaic,Solar Generation,3.498,41.47111,-71.62651,RI,MW,0.007537324249891289,0.5761591915473768
White Brook Renewables LLC,Solar Photovoltaic,Solar Generation,2.64,41.610968,-71.674,RI,MW,0.005652993187418466,0.4670569400750495
Sunset Ridge Solar LLC,Solar Photovoltaic,Solar Generation,1.518,42.281127,-121.8124,OR,MW,0.0031888679518770834,0.39722094397509977
Hanover II PV LLC,Solar Photovoltaic,Solar Generation,3.168,42.485899,-79.10273,NY,MW,0.0068125815335555884,0.4945325675245881
Kaiser Permanente South Sacramento Medical Center,Solar Photovoltaic,Solar Generation,1.122,38.46,-121.42,CA,MW,0.0023191766922742423,0.30987734936531186
Pivot Energy,Solar Photovoltaic,Solar Generation,1.32,39.14942,-76.93162,MD,MW,0.002754022322075663,0.3275439767896132
Pivot Energy,Solar Photovoltaic,Solar Generation,1.32,39.349558,-76.85848,MD,MW,0.002754022322075663,0.3275439767896132
Pivot Energy,Solar Photovoltaic,Solar Generation,3.3000000000000003,40.27482,-103.6344,CO,MW,0.007102478620089869,0.505677771573954
Pivot Energy,Solar Photovoltaic,Solar Generation,1.32,39.185645,-76.92383,MD,MW,0.002754022322075663,0.3275439767896132
"Ohio Solar, LLC",Solar Photovoltaic,Solar Generation,3.3000000000000003,41.563936,-89.49413,IL,MW,0.007102478620089869,0.505677771573954
TotalEnergies Renewables USA LLC,Batteries,Electricity Storage,0.46199999999999997,37.645164,-121.8842,CA,MW,0.0010004001600640254,0.1425580173512899
TotalEnergies Renewables USA LLC,Solar Photovoltaic,Solar Generation,1.254,37.645164,-121.8842,CA,MW,0.002609073778808523,0.3214937248300043
MN8 Energy LLC,Solar Photovoltaic,Solar Generation,79.2,29.244,-95.676,TX,MW,0.17379330337730106,0.7384768787707381
Greenbacker Renewable Energy Corporation,Solar Photovoltaic,Solar Generation,1.32,42.461345,-88.27943,IL,MW,0.002754022322075663,0.3275439767896132
Pivot Energy,Solar Photovoltaic,Solar Generation,1.32,38.389578,-75.41813,MD,MW,0.002754022322075663,0.3275439767896132
Pivot Energy,Solar Photovoltaic,Solar Generation,3.3000000000000003,38.587326,-89.80984,IL,MW,0.007102478620089869,0.505677771573954
Pivot Energy,Solar Photovoltaic,Solar Generation,1.32,39.379117,-79.36778,MD,MW,0.002754022322075663,0.3275439767896132
Pivot Energy,Solar Photovoltaic,Solar Generation,1.32,39.386859,-79.38745,MD,MW,0.002754022322075663,0.3275439767896132
"MMPS1, LLC",Solar Photovoltaic,Solar Generation,1.32,41.847718,-97.4452,NE,MW,0.002754022322075663,0.3275439767896132
TotalEnergies Renewables USA LLC,Solar Photovoltaic,Solar Generation,1.32,41.517746,-72.89777,CT,MW,0.002754022322075663,0.3275439767896132
TotalEnergies Renewables USA LLC,Solar Photovoltaic,Solar Generation,1.1880000000000002,42.032931,-72.4992,CT,MW,0.002464125235541383,0.3143414461503724
TotalEnergies Renewables USA LLC,Solar Photovoltaic,Solar Generation,1.32,41.517746,-72.89777,CT,MW,0.002754022322075663,0.3275439767896132
Pivot Energy,Solar Photovoltaic,Solar Generation,3.3000000000000003,41.442306,-89.48587,IL,MW,0.007102478620089869,0.505677771573954
Pivot Energy,Solar Photovoltaic,Solar Generation,2.97,40.082241,-105.1669,CO,MW,0.006377735903754168,0.4863228265519096
Pivot Energy,Solar Photovoltaic,Solar Generation,2.442,40.2728,-103.6341,CO,MW,0.0052181475576170465,0.46257535158733415
"Hayworth Solar Partners, LLC",Solar Photovoltaic,Solar Generation,3.3000000000000003,44.074467,-70.13778,ME,MW,0.007102478620089869,0.505677771573954
Waterford Solar LLC,Solar Photovoltaic,Solar Generation,1.7160000000000002,45.061196,-123.5538,OR,MW,0.003623713581678504,0.4190874115973452
Duke Energy Progress - (NC),Batteries,Electricity Storage,66,35.782,-78.4535,NC,MW,0.1996798719487795,0.6262351124790859
Tanzanite Energy Storage LLC,Batteries,Electricity Storage,186.912,32.230844,-95.8376,TX,MW,0.5662264905962385,0.8778693509681064
RWE Clean Energy,Solar Photovoltaic,Solar Generation,66,30.569447,-97.11043,TX,MW,0.14480359472387302,0.714646916274308
Dominion Renewable Energy,Solar Photovoltaic,Solar Generation,66,39.6,-83.156,OH,MW,0.14480359472387302,0.714646916274308
Dominion Renewable Energy,Solar Photovoltaic,Solar Generation,66,39.56,-83.176,OH,MW,0.14480359472387302,0.714646916274308
Dimension Energy LLC,Solar Photovoltaic,Solar Generation,1.32,36.884447,-76.69121,VA,MW,0.002754022322075663,0.3275439767896132
Pivot Energy,Solar Photovoltaic,Solar Generation,2.3760000000000003,41.41779,-88.83754,IL,MW,0.005073199014349906,0.46064927059522975
Pivot Energy,Solar Photovoltaic,Solar Generation,3.2340000000000004,40.811998,-89.69964,IL,MW,0.0069575300768227296,0.4978973555835699
Onyx Asset Services Group,Solar Photovoltaic,Solar Generation,1.3860000000000001,39.082862,-96.8228,KS,MW,0.0028989708653428033,0.3924229524406973
Onyx Asset Services Group,Solar Photovoltaic,Solar Generation,0.66,39.086479,-96.79936,KS,MW,0.0013045368894042616,0.14061018220347427
"REC SHW, LLC",Solar Photovoltaic,Solar Generation,1.518,38.152145,-121.4022,CA,MW,0.0031888679518770834,0.39722094397509977
"Solar DG NM Amalia, LLC",Solar Photovoltaic,Solar Generation,7.128000000000001,36.969882,-105.4369,NM,MW,0.015509494129584,0.5987445043452951
"Solar DG NM Amalia, LLC",Batteries,Electricity Storage,8.514000000000001,36.969882,-105.4369,NM,MW,0.025410164065626253,0.4778044494017149
"Sealy Power, LLC",Batteries,Electricity Storage,132,29.847993,-96.19868,TX,MW,0.3997599039615847,0.7658985069236155
Generate Capital,Solar Photovoltaic,Solar Generation,1.32,42.25282,-88.67917,IL,MW,0.002754022322075663,0.3275439767896132
Generate Capital,Solar Photovoltaic,Solar Generation,1.32,41.66793,-89.90749,IL,MW,0.002754022322075663,0.3275439767896132
MN CSG 2019-113 LLC,Solar Photovoltaic,Solar Generation,0.66,44.9834,-95.7118,MN,MW,0.0013045368894042616,0.14061018220347427
"Solar DG MD Appleton, LLC",Solar Photovoltaic,Solar Generation,0.7260000000000001,39.64352,-75.80562,MD,MW,0.0014494854326714017,0.24832723510049104
"Solar DG MD Cherry Hill, LLC",Solar Photovoltaic,Solar Generation,2.64,39.67039,-75.85812,MD,MW,0.005652993187418466,0.4670569400750495
Pivot Energy,Solar Photovoltaic,Solar Generation,1.98,39.066233,-75.47778,DE,MW,0.004203507754747065,0.431451953666995
"Affordable Solar Silver City, LLC",Solar Photovoltaic,Solar Generation,3.3000000000000003,34.609944,-106.8156,NM,MW,0.007102478620089869,0.505677771573954
"Affordable Solar Silver City, LLC",Solar Photovoltaic,Solar Generation,3.3000000000000003,34.656861,-106.8152,NM,MW,0.007102478620089869,0.505677771573954
"Appleseed Solar, LLC",Solar Photovoltaic,Solar Generation,132,40.70551,-86.249,IN,MW,0.2897521379910132,0.8017627624826315
Pivot Energy,Solar Photovoltaic,Solar Generation,2.112,42.668272,-79.00245,NY,MW,0.004493404841281345,0.4494463843591777
Generate Capital,Solar Photovoltaic,Solar Generation,3.3000000000000003,41.20946,-90.586429999999993,IL,MW,0.007102478620089869,0.505677771573954
Pivot Energy,Solar Photovoltaic,Solar Generation,1.98,43.132801,-79.03545,NY,MW,0.004203507754747065,0.431451953666995
"Forefront Power, LLC",Solar Photovoltaic,Solar Generation,1.98,36.75,-119.65,CA,MW,0.004203507754747065,0.431451953666995
Solar DG MD Ten Oaks LLC,Solar Photovoltaic,Solar Generation,1.32,39.261126,-76.98617,MD,MW,0.002754022322075663,0.3275439767896132
Generate Capital,Solar Photovoltaic,Solar Generation,3.3000000000000003,39.14763,-89.4496,IL,MW,0.007102478620089869,0.505677771573954
"Forefront Power, LLC",Solar Photovoltaic,Solar Generation,11.418000000000001,36.70318,-119.8921,CA,MW,0.02493114944194811,0.6083017681296595
Madison Energy Investments LLC,Batteries,Electricity Storage,0.66,41.952778,-70.97111,MA,MW,0.001600640256102441,0.16870592774492987
Madison Energy Investments LLC,Solar Photovoltaic,Solar Generation,0.33,41.952778,-70.97111,MA,MW,5.797941730685607e-4,0.09344444016868475
Madison Energy Investments LLC,Solar Photovoltaic,Solar Generation,3.2340000000000004,44.794167,-68.56472,ME,MW,0.0069575300768227296,0.4978973555835699
Madison Energy Investments LLC,Batteries,Electricity Storage,0.33,41.665,-70.93611,MA,MW,6.002400960384153e-4,0.08197921337086443
Madison Energy Investments LLC,Solar Photovoltaic,Solar Generation,0.33,41.665,-70.93611,MA,MW,5.797941730685607e-4,0.09344444016868475
Madison Energy Investments LLC,Batteries,Electricity Storage,0.66,42.109444,-70.86583,MA,MW,0.001600640256102441,0.16870592774492987
Madison Energy Investments LLC,Solar Photovoltaic,Solar Generation,0.66,42.109444,-70.86583,MA,MW,0.0013045368894042616,0.14061018220347427
Madison Energy Investments LLC,Solar Photovoltaic,Solar Generation,3.3000000000000003,36.782222,-79.94778,VA,MW,0.007102478620089869,0.505677771573954
Madison Energy Investments LLC,Solar Photovoltaic,Solar Generation,1.056,38.880556,-76.7075,MD,MW,0.0021742281490071025,0.3043348370062575
Madison Energy Investments LLC,Solar Photovoltaic,Solar Generation,1.1880000000000002,39.925278,-75.05361,NJ,MW,0.002464125235541383,0.3143414461503724
Madison Energy Investments LLC,Solar Photovoltaic,Solar Generation,0.66,43.855833,-70.45861,ME,MW,0.0013045368894042616,0.14061018220347427
Madison Energy Investments LLC,Solar Photovoltaic,Solar Generation,3.3000000000000003,42.84676,-76.67594,NY,MW,0.007102478620089869,0.505677771573954
Madison Energy Investments LLC,Solar Photovoltaic,Solar Generation,0.66,44.105278,-70.36944,ME,MW,0.0013045368894042616,0.14061018220347427
Madison Energy Investments LLC,Solar Photovoltaic,Solar Generation,1.4520000000000002,40.651152,-75.60024,PA,MW,0.0030439194086099436,0.39410879697637047
Madison Energy Investments LLC,Solar Photovoltaic,Solar Generation,3.3000000000000003,43.09582,-76.38432,NY,MW,0.007102478620089869,0.505677771573954
Madison Energy Investments LLC,Solar Photovoltaic,Solar Generation,1.8479999999999999,40.5672,-75.60038,PA,MW,0.003913610668212784,0.42474151043915653
Madison Energy Investments LLC,Solar Photovoltaic,Solar Generation,1.1880000000000002,39.172222,-76.63194,MD,MW,0.002464125235541383,0.3143414461503724
Bullrock-NxtGenREA,Solar Photovoltaic,Solar Generation,1.4520000000000002,42.5226,-79.1345,NY,MW,0.0030439194086099436,0.39410879697637047
Bullrock-NxtGenREA,Solar Photovoltaic,Solar Generation,1.7820000000000003,42.5315,-79.1477,NY,MW,0.0037686621249456444,0.4229386318793329
Bullrock-NxtGenREA,Solar Photovoltaic,Solar Generation,2.7720000000000002,43.0591,-73.3738,NY,MW,0.005942890273952748,0.48020451222404453
Bullrock-NxtGenREA,Solar Photovoltaic,Solar Generation,1.98,43.1519,-77.08037,NY,MW,0.004203507754747065,0.431451953666995
Bullrock-NxtGenREA,Solar Photovoltaic,Solar Generation,1.32,41.77168,-74.73596,NY,MW,0.002754022322075663,0.3275439767896132
Bullrock-NxtGenREA,Solar Photovoltaic,Solar Generation,3.3000000000000003,42.06674,-76.33938,NY,MW,0.007102478620089869,0.505677771573954
Bullrock-NxtGenREA,Solar Photovoltaic,Solar Generation,3.3000000000000003,42.1129,-76.17569,NY,MW,0.007102478620089869,0.505677771573954
Bullrock-NxtGenREA,Solar Photovoltaic,Solar Generation,3.3000000000000003,42.24172,-77.78193,NY,MW,0.007102478620089869,0.505677771573954
"Eagles Solar I, LLC",Solar Photovoltaic,Solar Generation,2.64,39.9051,-74.23512,NJ,MW,0.005652993187418466,0.4670569400750495
"Eagles Solar II, LLC",Solar Photovoltaic,Solar Generation,2.64,39.9051,-74.23512,NJ,MW,0.005652993187418466,0.4670569400750495
Public Service Co of Colorado,Solar Photovoltaic,Solar Generation,214.5,38.15319,-104.5763,CO,MW,0.47093781707493837,0.9118824238881484
"Affordable Solar Silver City, LLC",Solar Photovoltaic,Solar Generation,3.3000000000000003,35.24175,-106.8145,NM,MW,0.007102478620089869,0.505677771573954
"Affordable Solar Silver City, LLC",Solar Photovoltaic,Solar Generation,3.3000000000000003,34.784861,-106.654,NM,MW,0.007102478620089869,0.505677771573954
"Affordable Solar Silver City, LLC",Solar Photovoltaic,Solar Generation,3.3000000000000003,32.433,-106.6862,NM,MW,0.007102478620089869,0.505677771573954
53 SP Solar Trust,Solar Photovoltaic,Solar Generation,0.8580000000000001,39.8161,-75.1282,NJ,MW,0.001739382519205682,0.269152128131917
53 SP Solar Trust,Solar Photovoltaic,Solar Generation,1.7820000000000003,40.7,-75.2,NJ,MW,0.0037686621249456444,0.4229386318793329
Madison Energy Investments LLC,Solar Photovoltaic,Solar Generation,2.31,36.35914,-119.3869,CA,MW,0.004928250471082766,0.4559259507673007
Madison Energy Investments LLC,Solar Photovoltaic,Solar Generation,0.66,45.404645,-93.96943,MN,MW,0.0013045368894042616,0.14061018220347427
Madison Energy Investments LLC,Solar Photovoltaic,Solar Generation,1.6500000000000001,41.232116,-76.75509,PA,MW,0.003478765038411364,0.4082844803877832
Madison Energy Investments LLC,Solar Photovoltaic,Solar Generation,0.66,41.232594,-76.75304,PA,MW,0.0013045368894042616,0.14061018220347427
Madison Energy Investments LLC,Solar Photovoltaic,Solar Generation,0.7260000000000001,41.399167,-75.67194,PA,MW,0.0014494854326714017,0.24832723510049104
"Jackson Fuller Energy Storage, LLC",Batteries,Electricity Storage,66,38.938287,-104.6285,CO,MW,0.1996798719487795,0.6262351124790859
Chesapeake Beach BESS LLC,Batteries,Electricity Storage,0.7260000000000001,38.649894,-76.53025,MD,MW,0.0018007202881152463,0.2228126796486022
Dudley Landfill Solar LLC,Solar Photovoltaic,Solar Generation,0.8580000000000001,42.036241,-71.91281,MA,MW,0.001739382519205682,0.269152128131917
Dudley Landfill Solar LLC,Batteries,Electricity Storage,0.8580000000000001,42.036241,-71.91281,MA,MW,0.0022008803521408565,0.23410149307638453
"ESNY-Yorktown, LLC",Solar Photovoltaic,Solar Generation,2.64,41.21595,-73.80604,NY,MW,0.005652993187418466,0.4670569400750495
Hampden Landfill Solar LLC,Solar Photovoltaic,Solar Generation,1.254,42.064097,-72.39751,MA,MW,0.002609073778808523,0.3214937248300043
Hampden Landfill Solar LLC,Batteries,Electricity Storage,1.254,42.064097,-72.39751,MA,MW,0.003401360544217687,0.25773521499656926
KP Ontario Vineyard O.P. Surgicenter B Solar LLC,Solar Photovoltaic,Solar Generation,1.122,34.032177,-117.6088,CA,MW,0.0023191766922742423,0.30987734936531186
Penobscot Narrows Solar I LLC,Solar Photovoltaic,Solar Generation,3.3000000000000003,44.590083,-68.80834,ME,MW,0.007102478620089869,0.505677771573954
Reston Town Center Solar 1 LLC,Solar Photovoltaic,Solar Generation,0.66,38.959906,-77.35767,VA,MW,0.0013045368894042616,0.14061018220347427
53 BR Solar Trust,Solar Photovoltaic,Solar Generation,0.8580000000000001,39.8161,-75.1282,NJ,MW,0.001739382519205682,0.269152128131917
53 BR Solar Trust,Solar Photovoltaic,Solar Generation,1.7820000000000003,40.695117,-75.16341,NJ,MW,0.0037686621249456444,0.4229386318793329
"Solar DG NJ Building 7, LLC",Solar Photovoltaic,Solar Generation,0.8580000000000001,40.695378,-75.16338,NJ,MW,0.001739382519205682,0.269152128131917
Hartly Community Energy Initiative LLC,Solar Photovoltaic,Solar Generation,2.64,39.186235,-75.73084,DE,MW,0.005652993187418466,0.4670569400750495
Novel Stumpf 1 Solar LLC,Solar Photovoltaic,Solar Generation,0.66,44.517319,-92.51089,MN,MW,0.0013045368894042616,0.14061018220347427
Sol Systems,Solar Photovoltaic,Solar Generation,79.2,37.8688,-88.4259,IL,MW,0.17379330337730106,0.7384768787707381
NSF Energy Three LLC,Solar Photovoltaic,Solar Generation,3.3000000000000003,42.67956,-75.31425,NY,MW,0.007102478620089869,0.505677771573954
NSF Energy Three LLC,Solar Photovoltaic,Solar Generation,3.1020000000000003,42.679736,-75.31302,NY,MW,0.006667632990288448,0.49306005940152076
"SV CSG Gander Farms 1 A, LLC",Solar Photovoltaic,Solar Generation,1.32,37.75086,-89.03886,IL,MW,0.002754022322075663,0.3275439767896132
"SV CSG Prophetstown 1, LLC",Solar Photovoltaic,Solar Generation,2.64,41.66515,-89.95645,IL,MW,0.005652993187418466,0.4670569400750495
"10601 Seymour Ave East, LLC",Solar Photovoltaic,Solar Generation,1.32,41.949194,-87.893,IL,MW,0.002754022322075663,0.3275439767896132
Sol Systems,Solar Photovoltaic,Solar Generation,99,38.190651,-89.68408,IL,MW,0.21727786635744312,0.7589047549619988
"New Madrid Solar, LLC",Solar Photovoltaic,Solar Generation,132,36.5004,-89.6357,MO,MW,0.2897521379910132,0.8017627624826315
"Duke Energy Carolinas, LLC",Batteries,Electricity Storage,33,35.189949,-81.02748,NC,MW,0.09963985594237694,0.5487176518535749
"Duke Energy Carolinas, LLC",Solar Photovoltaic,Solar Generation,52.800000000000004,36.077414,-78.02241,NC,MW,0.115813886070445,0.7020305213276591
"SolAmerica Energy, LLC",Solar Photovoltaic,Solar Generation,1.32,41.335883,-88.86978,IL,MW,0.002754022322075663,0.3275439767896132
"10701 Seymour Ave East, LLC",Solar Photovoltaic,Solar Generation,1.914,41.949124,-87.89545,IL,MW,0.0040585592114799245,0.4278826698683019
ClearGen LLC,Batteries,Electricity Storage,0.132,34.007486,-118.12,CA,MW,0,0
ClearGen LLC,Solar Photovoltaic,Solar Generation,1.056,34.007486,-118.12,CA,MW,0.0021742281490071025,0.3043348370062575
ClearGen LLC,Batteries,Electricity Storage,0.132,33.861063,-118.2333,CA,MW,0,0
AETS Development Holdings LLC,Solar Photovoltaic,Solar Generation,6.6000000000000005,31.826508,-104.2103,TX,MW,0.014349905783446878,0.5924134611575484
Dimension Energy LLC,Solar Photovoltaic,Solar Generation,1.6500000000000001,41.893158,-88.55198,IL,MW,0.003478765038411364,0.4082844803877832
Lineage Logistics Solar PV - Salem OR,Solar Photovoltaic,Solar Generation,0.7260000000000001,44.890515,-122.972,OR,MW,0.0014494854326714017,0.24832723510049104
Lineage Logistics Solar PV - Salem OR,Batteries,Electricity Storage,0.66,44.890515,-122.972,OR,MW,0.001600640256102441,0.16870592774492987
Generate Capital,Solar Photovoltaic,Solar Generation,3.3000000000000003,42.174955,-75.92147,NY,MW,0.007102478620089869,0.505677771573954
Generate Capital,Solar Photovoltaic,Solar Generation,3.3000000000000003,41.78285,-89.95483,IL,MW,0.007102478620089869,0.505677771573954
Generate Capital,Solar Photovoltaic,Solar Generation,3.3000000000000003,41.476229,-74.50891,NY,MW,0.007102478620089869,0.505677771573954
Generate Capital,Solar Photovoltaic,Solar Generation,3.3000000000000003,41.548989,-74.74971,NY,MW,0.007102478620089869,0.505677771573954
Generate Capital,Solar Photovoltaic,Solar Generation,1.98,42.206071,-76.77013,NY,MW,0.004203507754747065,0.431451953666995
Prologis Logistics Services Incorporated,Solar Photovoltaic,Solar Generation,0.792,40.522685,-74.4184,NJ,MW,0.0015944339759385417,0.25779353676419364
MEVS Clark LLC,Solar Photovoltaic,Solar Generation,3.3000000000000003,45.06377,-69.88589,ME,MW,0.007102478620089869,0.505677771573954
Mound City Solar PV,Solar Photovoltaic,Solar Generation,3.3000000000000003,37.090121,-89.17606,IL,MW,0.007102478620089869,0.505677771573954
"Pope Creek Solar, LLC",Solar Photovoltaic,Solar Generation,3.3000000000000003,41.204012,-90.73258,IL,MW,0.007102478620089869,0.505677771573954
"USF McClellan, LLC",Solar Photovoltaic,Solar Generation,0.66,38.649095,-121.4122,CA,MW,0.0013045368894042616,0.14061018220347427
CleanChoice Energy,Solar Photovoltaic,Solar Generation,13.200000000000001,39.8034,-77.9216,PA,MW,0.02884476011016089,0.6114579956437564
Union Electric Co - (MO),Solar Photovoltaic,Solar Generation,33,39.27,-91.506,MO,MW,0.07232932309030295,0.6430846546424963
"Rocky Mountain Elk Solar, LLC",Solar Photovoltaic,Solar Generation,3.3000000000000003,41.364,-89.685,IL,MW,0.007102478620089869,0.505677771573954
"Buckheart Creek Solar 1, LLC",Solar Photovoltaic,Solar Generation,2.97,40.53985,-90.02651,IL,MW,0.006377735903754168,0.4863228265519096
"REG Mason City, LLC",Solar Photovoltaic,Solar Generation,1.7160000000000002,43.136174,-93.26386,IA,MW,0.003623713581678504,0.4190874115973452
"Energy Vault, Inc.",Batteries,Electricity Storage,38.478,32.745,-100.757,TX,MW,0.11624649859943977,0.5743962062877231
Prologis Logistics Services Incorporated,Solar Photovoltaic,Solar Generation,0.8580000000000001,40.838076,-74.06259,NJ,MW,0.001739382519205682,0.269152128131917
Prologis Logistics Services Incorporated,Solar Photovoltaic,Solar Generation,0.66,36.201946,-115.1202,NV,MW,0.0013045368894042616,0.14061018220347427
"Duke Energy Florida, LLC",Batteries,Electricity Storage,3.3000000000000003,30.37651,-83.18066,FL,MW,0.009603841536614645,0.3509743875366324
Ellomay USA Inc,Solar Photovoltaic,Solar Generation,3.3000000000000003,32.183314,-96.01754,TX,MW,0.007102478620089869,0.505677771573954
Ellomay USA Inc,Solar Photovoltaic,Solar Generation,3.3000000000000003,32.183314,-96.01754,TX,MW,0.007102478620089869,0.505677771573954
Ellomay USA Inc,Solar Photovoltaic,Solar Generation,6.6000000000000005,31.714249,-96.18668,TX,MW,0.014349905783446878,0.5924134611575484
California Family Foods,Solar Photovoltaic,Solar Generation,2.31,39.04162,-122.0666,CA,MW,0.004928250471082766,0.4559259507673007
Ellomay USA Inc,Solar Photovoltaic,Solar Generation,4.95,33.3516,-95.1732,TX,MW,0.010726192201768374,0.5859395149640056
NY 5 King LLC,Solar Photovoltaic,Solar Generation,3.3000000000000003,43.140227,-73.68773,NY,MW,0.007102478620089869,0.505677771573954
NY 24 Sherman LLC,Solar Photovoltaic,Solar Generation,3.3000000000000003,43.14137,-73.69206,NY,MW,0.007102478620089869,0.505677771573954
NY 262 Libertyville LLC,Solar Photovoltaic,Solar Generation,1.914,41.724601,-74.12949,NY,MW,0.0040585592114799245,0.4278826698683019
NY Country Road 67 and Majorana,Solar Photovoltaic,Solar Generation,1.8479999999999999,42.35322,-74.02442,NY,MW,0.003913610668212784,0.42474151043915653
Standard Solar,Solar Photovoltaic,Solar Generation,6.534000000000001,39.48234,-108.1005,CO,MW,0.014204957240179738,0.5914831084926135
Palm Springs USD,Batteries,Electricity Storage,0.198,33.825324,-116.4847,CA,MW,2.0008003201280508e-4,0.05333834187674792
"Texas Bluebonnet Solar Partners, LLC",Solar Photovoltaic,Solar Generation,6.534000000000001,31.411854,-97.42367,TX,MW,0.014204957240179738,0.5914831084926135
"Renewable Solar, Inc",Solar Photovoltaic,Solar Generation,0.7260000000000001,36.123553,-119.4896,CA,MW,0.0014494854326714017,0.24832723510049104
PP Jaguar BESS LLC,Batteries,Electricity Storage,99,31.59992,-96.97054,TX,MW,0.29971988795518206,0.7091542255090751
PP Jaguar BESS LLC,Batteries,Electricity Storage,99,31.59992,-96.97054,TX,MW,0.29971988795518206,0.7091542255090751
Regis Continental LLC,Batteries,Electricity Storage,6.534000000000001,26.514848,-98.6094,TX,MW,0.019407763105242098,0.394200048734022
Regis Gregory LLC,Batteries,Electricity Storage,6.534000000000001,27.921403,-97.30941,TX,MW,0.019407763105242098,0.394200048734022
Regis Palacios LLC,Batteries,Electricity Storage,6.534000000000001,28.757031,-96.21178,TX,MW,0.019407763105242098,0.394200048734022
Standard Solar,Solar Photovoltaic,Solar Generation,0.66,44.12187,-93.26694,MN,MW,0.0013045368894042616,0.14061018220347427
Standard Solar,Solar Photovoltaic,Solar Generation,0.66,45.389816,-94.71178,MN,MW,0.0013045368894042616,0.14061018220347427
Costen Solar LLC,Solar Photovoltaic,Solar Generation,5.808000000000001,38.0978,-75.6108,MD,MW,0.012610523264241197,0.5905546333525782
Standard Solar,Solar Photovoltaic,Solar Generation,0.66,44.417036,-93.15033,MN,MW,0.0013045368894042616,0.14061018220347427
Standard Solar,Solar Photovoltaic,Solar Generation,1.32,42.46445,-87.84902,IL,MW,0.002754022322075663,0.3275439767896132
Standard Solar,Solar Photovoltaic,Solar Generation,3.3000000000000003,41.289917,-87.8115,IL,MW,0.007102478620089869,0.505677771573954
Standard Solar,Solar Photovoltaic,Solar Generation,3.3000000000000003,40.894923,-88.65766,IL,MW,0.007102478620089869,0.505677771573954
Standard Solar,Solar Photovoltaic,Solar Generation,3.3000000000000003,41.149011,-87.78951,IL,MW,0.007102478620089869,0.505677771573954
"Kelso Solar, LLC",Solar Photovoltaic,Solar Generation,132,37.05,-89.52,MO,MW,0.2897521379910132,0.8017627624826315
"Parliament Solar, LLC",Solar Photovoltaic,Solar Generation,159.06,29.979,-95.943,TX,MW,0.3491810407305407,0.8462387069365497
"Parliament Solar, LLC",Solar Photovoltaic,Solar Generation,157.74,29.979,-95.943,TX,MW,0.3462820698651979,0.8427566860831508
Standard Solar,Solar Photovoltaic,Solar Generation,1.32,40.118044,-88.67347,IL,MW,0.002754022322075663,0.3275439767896132
Standard Solar,Solar Photovoltaic,Solar Generation,1.32,40.118044,-88.67347,IL,MW,0.002754022322075663,0.3275439767896132
"V Street Solar, LLC",Solar Photovoltaic,Solar Generation,1.8479999999999999,38.917755,-76.99072,DC,MW,0.003913610668212784,0.42474151043915653
"V Street Solar, LLC",Solar Photovoltaic,Solar Generation,0.8580000000000001,38.917755,-76.99072,DC,MW,0.001739382519205682,0.269152128131917
Standard Solar,Solar Photovoltaic,Solar Generation,3.3000000000000003,41.126242,-87.98852,IL,MW,0.007102478620089869,0.505677771573954
Regis Carrizo Springs LLC,Batteries,Electricity Storage,6.534000000000001,28.517736,-99.83378,TX,MW,0.019407763105242098,0.394200048734022
Regis Goodwin LLC,Batteries,Electricity Storage,6.534000000000001,26.247029,-98.45167,TX,MW,0.019407763105242098,0.394200048734022
Regis Hearn LLC,Batteries,Electricity Storage,6.534000000000001,27.849367,-97.61106,TX,MW,0.019407763105242098,0.394200048734022
Regis Mason LLC,Batteries,Electricity Storage,6.534000000000001,30.738452,-99.23248,TX,MW,0.019407763105242098,0.394200048734022
Regis Monte Cristo LLC,Batteries,Electricity Storage,6.534000000000001,26.36037,-98.31517,TX,MW,0.019407763105242098,0.394200048734022
Regis Muenster LLC,Batteries,Electricity Storage,6.534000000000001,33.641097,-97.33259,TX,MW,0.019407763105242098,0.394200048734022
Regis Sinton-Pirate LLC,Batteries,Electricity Storage,6.534000000000001,28.028576,-97.52049,TX,MW,0.019407763105242098,0.394200048734022
Regis Falfurrias LLC,Batteries,Electricity Storage,6.534000000000001,27.241365,-98.14048,TX,MW,0.019407763105242098,0.394200048734022
Matta Power Station LLC,Batteries,Electricity Storage,6.6000000000000005,31.040031,-103.6526,TX,MW,0.0196078431372549,0.43649167310370846
"Duke Energy Florida, LLC",Solar Photovoltaic,Solar Generation,49.434000000000005,28.634293,-82.2887,FL,MW,0.10842151036382086,0.6910907819611026
"Duke Energy Florida, LLC",Solar Photovoltaic,Solar Generation,49.434000000000005,28.955619,-82.15959,FL,MW,0.10842151036382086,0.6910907819611026
"Calistoga Resiliency Center, LLC",Batteries,Electricity Storage,7.458000000000001,38.577,-122.57,CA,MW,0.02220888355342137,0.4698272308610587
SMT Dallas LLC,Batteries,Electricity Storage,6.6000000000000005,32.777246,-96.66501,TX,MW,0.0196078431372549,0.43649167310370846
SMT Mission II LLC,Batteries,Electricity Storage,6.6000000000000005,26.168115,-98.32448,TX,MW,0.0196078431372549,0.43649167310370846
Tinta Wita Energy LLC,Solar Photovoltaic,Solar Generation,2.97,44.632,-92.643,MN,MW,0.006377735903754168,0.4863228265519096
Liverpool Solar Partners,Solar Photovoltaic,Solar Generation,0.99,40.582768,-76.98408,PA,MW,0.0020292796057399622,0.28893622872715063
RP SCG Texas Solar LLC,Solar Photovoltaic,Solar Generation,0.99,30.427708,-97.74735,TX,MW,0.0020292796057399622,0.28893622872715063
NSF Chateaugay Site 1 LLC,Solar Photovoltaic,Solar Generation,3.3000000000000003,44.93,-74.032,NY,MW,0.007102478620089869,0.505677771573954
NSF Chateaugay Site 2 LLC,Solar Photovoltaic,Solar Generation,2.9040000000000004,44.95,-74.05,NY,MW,0.006232787360487028,0.4842147282503652
Kelso Community Solar I LLC,Solar Photovoltaic,Solar Generation,1.056,39.32652,-76.48507,MD,MW,0.0021742281490071025,0.3043348370062575
Kelso Community Solar II LLC,Solar Photovoltaic,Solar Generation,0.9239999999999999,39.32681,-76.48878,MD,MW,0.001884331062472822,0.2794824398408343
Standard Solar,Solar Photovoltaic,Solar Generation,3.3000000000000003,41.772597,-71.07385,MA,MW,0.007102478620089869,0.505677771573954
Generate Capital,Solar Photovoltaic,Solar Generation,3.3000000000000003,41.340311,-87.68268,IL,MW,0.007102478620089869,0.505677771573954
Geronimo Power,Solar Photovoltaic,Solar Generation,66,45.381166,-92.30209,WI,MW,0.14480359472387302,0.714646916274308
Generate Capital,Solar Photovoltaic,Solar Generation,3.3000000000000003,42.410513,-76.2185,NY,MW,0.007102478620089869,0.505677771573954
Generate Capital,Solar Photovoltaic,Solar Generation,3.3000000000000003,42.410513,-76.2185,NY,MW,0.007102478620089869,0.505677771573954
Generate Capital,Solar Photovoltaic,Solar Generation,3.2340000000000004,41.382356,-74.28659,NY,MW,0.0069575300768227296,0.4978973555835699
Generate Capital,Solar Photovoltaic,Solar Generation,1.518,42.891,-73.886,NY,MW,0.0031888679518770834,0.39722094397509977
Generate Capital,Solar Photovoltaic,Solar Generation,1.584,42.08547,-77.81913,NY,MW,0.0033338164951442237,0.4043151340830314
Generate Capital,Solar Photovoltaic,Solar Generation,1.32,41.3864,-87.99722,IL,MW,0.002754022322075663,0.3275439767896132
Generate Capital,Solar Photovoltaic,Solar Generation,2.112,41.579885,-73.7108,NY,MW,0.004493404841281345,0.4494463843591777
Generate Capital,Solar Photovoltaic,Solar Generation,2.31,42.894497,-73.89087,NY,MW,0.004928250471082766,0.4559259507673007
Generate Capital,Solar Photovoltaic,Solar Generation,3.3000000000000003,42.07463,-77.79626,NY,MW,0.007102478620089869,0.505677771573954
Generate Capital,Solar Photovoltaic,Solar Generation,3.3000000000000003,41.092129,-87.9844,IL,MW,0.007102478620089869,0.505677771573954
Generate Capital,Solar Photovoltaic,Solar Generation,3.3000000000000003,40.712749,-74.00599,NY,MW,0.007102478620089869,0.505677771573954
"NSF Marshall Site 2, LLC",Solar Photovoltaic,Solar Generation,3.3000000000000003,42.936,-75.419,NY,MW,0.007102478620089869,0.505677771573954
"NSF Marshall Site 1, LLC",Solar Photovoltaic,Solar Generation,3.3000000000000003,42.938,-75.426,NY,MW,0.007102478620089869,0.505677771573954
"Dogfish ESS Assets, LLC",Batteries,Electricity Storage,49.5,30.918661,-102.85,TX,MW,0.14965986394557823,0.6004115935114015
"Burlingame Solar, LLC",Solar Photovoltaic,Solar Generation,1.3860000000000001,44.387836,-123.0126,OR,MW,0.0028989708653428033,0.3924229524406973
"NSF Energy Two, LLC",Solar Photovoltaic,Solar Generation,3.3000000000000003,42.35211,-76.49782,NY,MW,0.007102478620089869,0.505677771573954
"NSF Energy Two, LLC",Solar Photovoltaic,Solar Generation,3.3000000000000003,42.35311,-76.49364,NY,MW,0.007102478620089869,0.505677771573954
"NSF Energy Two, LLC",Solar Photovoltaic,Solar Generation,1.98,42.35308,-76.49364,NY,MW,0.004203507754747065,0.431451953666995
Geronimo Power,Batteries,Electricity Storage,118.80000000000001,31.211152,-97.18508,TX,MW,0.35974389755902364,0.755358244471581
Geronimo Power,Solar Photovoltaic,Solar Generation,87.12,31.211152,-97.18508,TX,MW,0.1911871285693579,0.7473054587885021
Geronimo Power,Solar Photovoltaic,Solar Generation,91.08,31.211152,-97.18508,TX,MW,0.1998840411653863,0.7507903090986855
Standard Solar,Solar Photovoltaic,Solar Generation,3.3000000000000003,40.94816,-88.67369,IL,MW,0.007102478620089869,0.505677771573954
Standard Solar,Solar Photovoltaic,Solar Generation,1.32,38.090082,-89.32463,IL,MW,0.002754022322075663,0.3275439767896132
Dimension Energy LLC,Solar Photovoltaic,Solar Generation,3.3000000000000003,38.481308,-89.98829,IL,MW,0.007102478620089869,0.505677771573954
"NSF Marshall Site 3, LLC",Solar Photovoltaic,Solar Generation,1.98,42.937,-75.419,NY,MW,0.004203507754747065,0.431451953666995
Wisconsin Electric Power Co,Solar Photovoltaic,Solar Generation,3.96,42.786466,-88.7536,WI,MW,0.00855196405276127,0.579550138656642
Wisconsin Electric Power Co,Solar Photovoltaic,Solar Generation,3.3000000000000003,43.113153,-88.97524,WI,MW,0.007102478620089869,0.505677771573954
Wisconsin Electric Power Co,Solar Photovoltaic,Solar Generation,3.96,45.152419,-89.16997,WI,MW,0.00855196405276127,0.579550138656642
Wisconsin Electric Power Co,Solar Photovoltaic,Solar Generation,3.96,42.79717,-88.58368,WI,MW,0.00855196405276127,0.579550138656642
Dimension Energy LLC,Solar Photovoltaic,Solar Generation,3.3000000000000003,40.041163,-87.95006,IL,MW,0.007102478620089869,0.505677771573954
Dimension Energy LLC,Solar Photovoltaic,Solar Generation,3.3000000000000003,40.448185,-88.37912,IL,MW,0.007102478620089869,0.505677771573954
Dimension Energy LLC,Solar Photovoltaic,Solar Generation,1.7160000000000002,41.485723,-88.26931,IL,MW,0.003623713581678504,0.4190874115973452
Dimension Energy LLC,Solar Photovoltaic,Solar Generation,3.3000000000000003,41.029463,-88.49735,IL,MW,0.007102478620089869,0.505677771573954
Dimension Energy LLC,Solar Photovoltaic,Solar Generation,1.518,40.707921,-74.24851,NJ,MW,0.0031888679518770834,0.39722094397509977
Ecos Energy LLC,Solar Photovoltaic,Solar Generation,1.32,42.034,-72.5051,CT,MW,0.002754022322075663,0.3275439767896132
Ecos Energy LLC,Solar Photovoltaic,Solar Generation,2.64,42.2657,-72.3151,MA,MW,0.005652993187418466,0.4670569400750495
On Energy Storage,Batteries,Electricity Storage,7.92,29.872984,-95.01603,TX,MW,0.023609443777511004,0.47382083383399404
On Energy Storage,Batteries,Electricity Storage,7.92,29.364519,-95.20221,TX,MW,0.023609443777511004,0.47382083383399404
"OneEnergy, Inc.",Solar Photovoltaic,Solar Generation,1.98,43.689214,-93.38914,MN,MW,0.004203507754747065,0.431451953666995
"OneEnergy, Inc.",Solar Photovoltaic,Solar Generation,1.6500000000000001,44.723711,-91.158,WI,MW,0.003478765038411364,0.4082844803877832
"OneEnergy, Inc.",Solar Photovoltaic,Solar Generation,1.6500000000000001,44.961373,-92.44342,WI,MW,0.003478765038411364,0.4082844803877832
"OneEnergy, Inc.",Solar Photovoltaic,Solar Generation,1.6500000000000001,43.357753,-92.59386,IA,MW,0.003478765038411364,0.4082844803877832
"OneEnergy, Inc.",Solar Photovoltaic,Solar Generation,1.6500000000000001,44.901566,-91.61363,WI,MW,0.003478765038411364,0.4082844803877832
"OneEnergy, Inc.",Solar Photovoltaic,Solar Generation,1.98,43.659418,-92.57697,MN,MW,0.004203507754747065,0.431451953666995
"OneEnergy, Inc.",Solar Photovoltaic,Solar Generation,1.6500000000000001,43.730622,-91.09268,WI,MW,0.003478765038411364,0.4082844803877832
"OneEnergy, Inc.",Solar Photovoltaic,Solar Generation,1.6500000000000001,45.257985,-90.7749,WI,MW,0.003478765038411364,0.4082844803877832
"OneEnergy, Inc.",Solar Photovoltaic,Solar Generation,1.6500000000000001,43.382652,-92.73294,IA,MW,0.003478765038411364,0.4082844803877832
"OneEnergy, Inc.",Solar Photovoltaic,Solar Generation,1.6500000000000001,45.612524,-92.48349,WI,MW,0.003478765038411364,0.4082844803877832
"OneEnergy, Inc.",Solar Photovoltaic,Solar Generation,1.6500000000000001,44.910349,-92.31375,WI,MW,0.003478765038411364,0.4082844803877832
"OneEnergy, Inc.",Solar Photovoltaic,Solar Generation,1.6500000000000001,45.825848,-92.26411,WI,MW,0.003478765038411364,0.4082844803877832
NJR Clean Energy Ventures Corporation,Solar Photovoltaic,Solar Generation,5.808000000000001,40.523,-74.938,NJ,MW,0.012610523264241197,0.5905546333525782
Walden Renewables Development LLC,Solar Photovoltaic,Solar Generation,13.200000000000001,43.432236,-70.72726,ME,MW,0.02884476011016089,0.6114579956437564
Dimension Energy LLC,Solar Photovoltaic,Solar Generation,2.508,36.857981,-79.39841,VA,MW,0.005363096100884186,0.46343031102417204
Wisconsin Electric Power Co,Solar Photovoltaic,Solar Generation,3.96,42.526689,-87.99353,WI,MW,0.00855196405276127,0.579550138656642
Wisconsin Electric Power Co,Solar Photovoltaic,Solar Generation,2.64,42.774153,-87.91919,WI,MW,0.005652993187418466,0.4670569400750495
NJR Clean Energy Ventures Corporation,Solar Photovoltaic,Solar Generation,3.3000000000000003,42.13,-76.076,NY,MW,0.007102478620089869,0.505677771573954
NJR Clean Energy Ventures Corporation,Solar Photovoltaic,Solar Generation,3.3000000000000003,42.13,-76.076,NY,MW,0.007102478620089869,0.505677771573954
NJR Clean Energy Ventures Corporation,Solar Photovoltaic,Solar Generation,3.168,42.13,-76.076,NY,MW,0.0068125815335555884,0.4945325675245881
Pilot Rock Solar 1 LLC,Solar Photovoltaic,Solar Generation,1.32,45.505603,-118.8308,OR,MW,0.002754022322075663,0.3275439767896132
Pilot Rock Solar 2 LLC,Solar Photovoltaic,Solar Generation,1.98,45.506575,-118.8302,OR,MW,0.004203507754747065,0.431451953666995
Standard Solar,Solar Photovoltaic,Solar Generation,3.3000000000000003,41.852588,-89.4049,IL,MW,0.007102478620089869,0.505677771573954
Standard Solar,Solar Photovoltaic,Solar Generation,3.3000000000000003,42.425623,-89.46585,IL,MW,0.007102478620089869,0.505677771573954
Standard Solar,Solar Photovoltaic,Solar Generation,1.98,34.380407,-103.2316,NM,MW,0.004203507754747065,0.431451953666995
Standard Solar,Solar Photovoltaic,Solar Generation,3.3000000000000003,35.632083,-105.2281,NM,MW,0.007102478620089869,0.505677771573954
Standard Solar,Solar Photovoltaic,Solar Generation,3.3000000000000003,32.735792000000004,-107.2411,NM,MW,0.007102478620089869,0.505677771573954
Standard Solar,Solar Photovoltaic,Solar Generation,3.3000000000000003,44.484539,-68.36707,ME,MW,0.007102478620089869,0.505677771573954
Standard Solar,Solar Photovoltaic,Solar Generation,3.3000000000000003,32.427319,-106.7088,NM,MW,0.007102478620089869,0.505677771573954
"Solarity Aggregator, LLC",Solar Photovoltaic,Solar Generation,3.498,35.481807,-84.64314,TN,MW,0.007537324249891289,0.5761591915473768
Madison Energy Investments LLC,Solar Photovoltaic,Solar Generation,3.3000000000000003,38.69017,-77.24049,VA,MW,0.007102478620089869,0.505677771573954
Madison Energy Investments LLC,Solar Photovoltaic,Solar Generation,2.178,42.204,-78.642,NY,MW,0.004638353384548485,0.4509625919540823
Madison Energy Investments LLC,Batteries,Electricity Storage,0.99,41.690131,-70.00878,MA,MW,0.0026010404161664665,0.24120340063431392
Madison Energy Investments LLC,Solar Photovoltaic,Solar Generation,1.6500000000000001,41.690131,-70.00878,MA,MW,0.003478765038411364,0.4082844803877832
Madison Energy Investments LLC,Batteries,Electricity Storage,0.33,42.13199,-71.30249,MA,MW,6.002400960384153e-4,0.08197921337086443
Madison Energy Investments LLC,Solar Photovoltaic,Solar Generation,0.66,42.13199,-71.30249,MA,MW,0.0013045368894042616,0.14061018220347427
Madison Energy Investments LLC,Solar Photovoltaic,Solar Generation,3.2340000000000004,44.52169,-69.67441,ME,MW,0.0069575300768227296,0.4978973555835699
Anduril Industries,Arsenal-1 hyperscale manufacturing campus (military drones & autonomous air vehicles),Drone Manufacturing,910.5,NA,NA,OH,USD,1,1
AeroVironment,FreedomWerx manufacturing facility,Drone Manufacturing,42.25,NA,NA,UT,USD,0.04060773480662983,0.6339745962155613
AeroVironment,R&D and manufacturing center,Drone Manufacturing,12.5,NA,NA,MD,USD,0.0077348066298342545,0.5
RapidFlight,"Headquarters + design & production facility (25,000 sq ft)",Drone Manufacturing,5.5,NA,NA,VA,USD,0,0
Neros,New drone factory (planned),Drone Manufacturing,10.9,NA,NA,NA,USD,0.005966850828729282,0.36602540378443865
