"Manufacturing, industrial, and energy facility metadata"

version:,2025_Q4.20260109.0
created:,Fri Jan  9 12:47:14 2026 (PST)
unique_id,Segment,Company,Technology,Subcategory,Decarb_Sector,Project_Type,Current_Facility_Status,Estimated_Total_Facility_CAPEX,Announcement_Date,State,Address,CD119_2024,CD119_2024_Name,US Senator 1: Name,US Senator 1: Party,US Senator 2: Name,US Senator 2: Party,US Representative Name,US Representative Party,county_2020_fips_code,county_2020_geoid,census_tract_2020_id,census_tract_2020_geoid,census_tract_2020_name,county_2010_fips_code,county_2010_geoid,census_tract_2010_id,census_tract_2010_geoid,census_tract_2010_name,census_2022_zip5,Latitude,Longitude,LatLon_Valid
M.B.6K_TN_0,Manufacturing,6K Energy,Batteries,EAM,Clean Tech Manufacturing,New,Announced,204.157764,2023-04-18,TN,"Riverside Dr, Jackson, TN  38301",4708.0,TN-08,Marsha Blackburn,Republican,Bill Hagerty,Republican,David Kustoff,Republican,113.0,47113.0,800.0,47113000800.0,Census Tract 8,113.0,47113.0,800.0,47113000800.0,Census Tract 8,38301.0,35.606,-88.83,True
M.B.ABB_VA_0,Manufacturing,ABB Group,Batteries,Modules,Clean Tech Manufacturing,New,Operating,1.531183,2023-06-19,VA,"8440 Times Dispatch Blvd #100, Mechanicsville, VA 23116",5101.0,VA-01,Tim Kaine,Democratic,Mark Warner,Democratic,Robert J. Wittman,Republican,85.0,51085.0,320902.0,51085320902.0,Census Tract 3209.02,85.0,51085.0,320900.0,51085320900.0,Census Tract 3209,23116.0,37.63792,-77.39912,True
M.B.Advano_LA_0,Manufacturing,Advano,Batteries,EAM,Clean Tech Manufacturing,Expansion,Operating,20.856298,2020-07-08,LA,"2045 Lakeshore Drive, New Orleans, LA 70122",2202.0,LA-02,Bill Cassidy,Republican,John Neely Kennedy,Republican,Troy Carter,Democratic,71.0,22071.0,13302.0,22071013302.0,Census Tract 133.02,71.0,22071.0,13302.0,22071013302.0,Census Tract 133.02,70148.0,30.031877,-90.063604,True
M.B.Akasol_MI_0,Manufacturing,"AKASOL, Inc.",Batteries,Modules,Clean Tech Manufacturing,New,Retired,45.29097,2019-06-26,MI,"1400 E 10 Mile Rd, Suite 150, Hazel Park, MI, 48030",2611.0,MI-11,Gary Peters,Democratic,Elissa Slotkin,Democratic,Haley Stevens,Democratic,125.0,26125.0,175000.0,26125175000.0,Census Tract 1750,125.0,26125.0,175000.0,26125175000.0,Census Tract 1750,48030.0,42.475023,-83.092156,True
M.B.Aleon_TX_0,Manufacturing,Aleon Renewables Metals,Batteries,EAM,Clean Tech Manufacturing,New,Under Construction,338.160654,2022-06-16,TX,"302 Midway Rd, Freeport, TX 77542",4814.0,TX-14,John Cornyn,Republican,Ted Cruz,Republican,Randy Weber,Republican,39.0,48039.0,664200.0,48039664200.0,Census Tract 6642,39.0,48039.0,664200.0,48039664200.0,Census Tract 6642,77541.0,28.95464,-95.33891,True
M.B.Alkegen_IN_0,Manufacturing,Alkegen,Batteries,EAM,Clean Tech Manufacturing,New,Operating,14.619656,2021-06-15,IN,"54401 Smilax Road, New Carlisle, IN 46552",1802.0,IN-02,Jim Banks,Republican,Todd C. Young,Republican,Rudy Yakym,Republican,141.0,18141.0,10800.0,18141010800.0,Census Tract 108,141.0,18141.0,10800.0,18141010800.0,Census Tract 108,46552.0,41.702912,-86.449965,True
M.B.AMBatteries_MA_0,Manufacturing,AM Batteries,Batteries,EAM,Clean Tech Manufacturing,Expansion,Operating,2.374288,2022-10-25,MA,"200 Turnpike Road, Chelmsford, MA 01824",2503.0,MA-03,Edward J. Markey,Democratic,Elizabeth Warren,Democratic,Lori Trahan,Democratic,17.0,25017.0,317102.0,25017317102.0,Census Tract 3171.02,17.0,25017.0,317102.0,25017317102.0,Census Tract 3171.02,1824.0,42.58353,-71.32055,True
M.B.Ambri_MA_0,Manufacturing,Ambri,Batteries,Cells,Clean Tech Manufacturing,New,Canceled prior to operation,76.135513,2022-06-02,MA,"196 E Main St, Milford, MA 01757",2504.0,MA-04,Edward J. Markey,Democratic,Elizabeth Warren,Democratic,Jake Auchincloss,Democratic,27.0,25027.0,744202.0,25027744202.0,Census Tract 7442.02,27.0,25027.0,744200.0,25027744200.0,Census Tract 7442,1757.0,42.15369,-71.50164,True
M.B.American_AZ_0,Manufacturing,American Battery Factory,Batteries,"Cells, Modules",Clean Tech Manufacturing,New,Under Construction,427.075609,2022-03-08,AZ,"Tucson Mountain Park, Tucson, AZ  85735",407.0,AZ-07,Ruben Gallego,Democratic,Mark Kelly,Democratic,Adelita Grijalva,Democratic,19.0,4019.0,4434.0,4019004434.0,Census Tract 44.34,19.0,4019.0,4421.0,4019004421.0,Census Tract 44.21,85735.0,32.222,-111.14,True
M.B.American_OH_0,Manufacturing,American Battery Factory,Batteries,Modules,Clean Tech Manufacturing,Restart,Operating,211.487535,2022-04-04,OH,"50 Ovonic Way, Springboro, OH 45066",3901.0,OH-01,Jon Husted,Republican,Bernie Moreno,Republican,Greg Landsman,Democratic,165.0,39165.0,30501.0,39165030501.0,Census Tract 305.01,165.0,39165.0,30501.0,39165030501.0,Census Tract 305.01,45066.0,39.56931,-84.25916,True
M.B.ABTC_NV_0,Manufacturing,American Battery Technology Company,Batteries,EAM,Clean Tech Manufacturing,New,Operating,22.532106,2020-06-01,NV,"395 Logan Ln, Fernley, NV 89408",3202.0,NV-02,Catherine Cortez Masto,Democratic,Jacky Rosen,Democratic,Mark Amodei,Republican,19.0,32019.0,960103.0,32019960103.0,Census Tract 9601.03,19.0,32019.0,960103.0,32019960103.0,Census Tract 9601.03,89408.0,39.612953,-119.251332,True
M.B.ABTC_NV_1,Manufacturing,American Battery Technology Company,Batteries,EAM,Clean Tech Manufacturing,Expansion,Operating,10.954577,2021-11-15,NV,"395 Logan Ln, Fernley, NV 89408",3202.0,NV-02,Catherine Cortez Masto,Democratic,Jacky Rosen,Democratic,Mark Amodei,Republican,19.0,32019.0,960103.0,32019960103.0,Census Tract 9601.03,19.0,32019.0,960103.0,32019960103.0,Census Tract 9601.03,89408.0,39.612953,-119.251332,True
M.B.AmericanLithium_CA_0,Manufacturing,American Lithium Energy,Batteries,"Cells, Modules",Clean Tech Manufacturing,Expansion,Operating,13.466164,2023-03-02,CA,"2261 Rutherford Rd, Carlsbad, CA 92008",649.0,CA-49,Alex Padilla,Democratic,Adam Schiff,Democratic,Mike Levin,Democratic,73.0,6073.0,22101.0,6073022101.0,Census Tract 221.01,73.0,6073.0,22100.0,6073022100.0,Census Tract 221,92008.0,33.131762,-117.275934,True
M.B.Amprius_CO_0,Manufacturing,Amprius Technologies,Batteries,Cells,Clean Tech Manufacturing,New,Canceled prior to operation,193.831144,2023-03-06,CO,"18875 E Bromley Ln, Brighton, CO 80601",808.0,CO-08,Michael Bennet,Democratic,John Hickenlooper,Democratic,Gabe Evans,Republican,1.0,8001.0,8563.0,8001008563.0,Census Tract 85.63,1.0,8001.0,8542.0,8001008542.0,Census Tract 85.42,80601.0,39.97624,-104.764166,True
M.B.Anovion_NY_0,Manufacturing,Anovion Technologies,Batteries,EAM,Clean Tech Manufacturing,Expansion,Operating,424.274987,2022-10-19,NY,"3400 Raymond Rd, Sanborn, NY  14132",3626.0,NY-26,Kirsten Gillibrand,Democratic,Chuck Schumer,Democratic,Timothy M. Kennedy,Democratic,63.0,36063.0,22717.0,36063022717.0,Census Tract 227.17,63.0,36063.0,22711.0,36063022711.0,Census Tract 227.11,14132.0,43.132,-78.86,True
M.B.Anovion_GA_0,Manufacturing,Anovion Technologies,Batteries,EAM,Clean Tech Manufacturing,New,Announced,816.631057,2023-05-15,GA,"511 Pine Ave, Albany, GA  31701",1302.0,GA-02,Jon Ossoff,Democratic,Raphael Warnock,Democratic,Sanford Bishop Jr.,Democratic,95.0,13095.0,11400.0,13095011400.0,Census Tract 114,95.0,13095.0,11400.0,13095011400.0,Census Tract 114,31701.0,31.579,-84.16,True
M.B.AppliedMaterials_NC_0,Manufacturing,Applied Materials,Batteries,EAM,Clean Tech Manufacturing,New,Canceled prior to operation,231.235029,2022-10-19,NC,"3030 Horseshoe Ln, Charlotte, NC 28208",3712.0,NC-12,Ted Budd,Republican,Thom Tillis,Republican,Alma Adams,Democratic,119.0,37119.0,3903.0,37119003903.0,Census Tract 39.03,119.0,37119.0,3903.0,37119003903.0,Census Tract 39.03,28208.0,35.198379,-80.927248,True
M.B.Aqualith_MD_0,Manufacturing,Aqualith Advanced Materials,Batteries,EAM,Clean Tech Manufacturing,New,Operating,0.835329,2021-09-08,MD,"4467 Technology Dr, College Park, MD 20742",2404.0,MD-04,Angela Alsobrooks,Democratic,Chris Van Hollen,Democratic,Glenn Ivey,Democratic,33.0,24033.0,980000.0,24033980000.0,Census Tract 9800,33.0,24033.0,807200.0,24033807200.0,Census Tract 8072,20742.0,38.992705,-76.938532,True
M.B.Arrival_NC_0,Manufacturing,Arrival,Batteries,Modules,Clean Tech Manufacturing,New,Canceled prior to operation,12.597763,2021-12-06,NC,"330 W Tremont Ave, Charlotte, NC 28203",3712.0,NC-12,Ted Budd,Republican,Thom Tillis,Republican,Alma Adams,Democratic,119.0,37119.0,3600.0,37119003600.0,Census Tract 36,119.0,37119.0,3600.0,37119003600.0,Census Tract 36,28203.0,35.212856,-80.865612,True
M.B.Ascend_KY_0,Manufacturing,Ascend Elements,Batteries,EAM,Clean Tech Manufacturing,New,Under Construction,107.446797,2022-08-01,KY,"2000 Harrison St, Hopkinsville, KY  42240",2101.0,KY-01,Mitch McConnell,Republican,Rand Paul,Republican,James Comer Jr.,Republican,47.0,21047.0,200100.0,21047200100.0,Census Tract 2001,47.0,21047.0,200100.0,21047200100.0,Census Tract 2001,42240.0,36.855,-87.49,True
M.B.BlueCurrent_CA_0,Manufacturing,Blue Current,Batteries,Cells,Clean Tech Manufacturing,New,Under Construction,10.574377,2022-04-06,CA,"3906 Trust Way, Hayward, CA 94545",614.0,CA-14,Alex Padilla,Democratic,Adam Schiff,Democratic,Eric Swalwell,Democratic,1.0,6001.0,437101.0,6001437101.0,Census Tract 4371.01,1.0,6001.0,437101.0,6001437101.0,Census Tract 4371.01,94545.0,37.62309,-122.12359,True
M.B.BlueOval_KY_0,Manufacturing,BlueOvalSK (JV of Ford and SK On),Batteries,"Cells, Modules",Clean Tech Manufacturing,New,Operating,3229.939017,2021-09-27,KY,"1 BlueOval, Glendale, KY 42740",2102.0,KY-02,Mitch McConnell,Republican,Rand Paul,Republican,Brett Guthrie,Republican,93.0,21093.0,1603.0,21093001603.0,Census Tract 16.03,93.0,21093.0,1600.0,21093001600.0,Census Tract 16,42740.0,37.59489,-85.87652,True
M.B.BlueOval_TN_0,Manufacturing,BlueOvalSK (JV of Ford and SK On),Batteries,"Cells, Modules",Clean Tech Manufacturing,New,Under Construction,3118.56181,2021-09-27,TN,"Blue Oval City, Stanton, TN 38069",4708.0,TN-08,Marsha Blackburn,Republican,Bill Hagerty,Republican,David Kustoff,Republican,75.0,47075.0,930500.0,47075930500.0,Census Tract 9305,75.0,47075.0,930500.0,47075930500.0,Census Tract 9305,38069.0,35.402916,-89.417312,True
M.B.BlueOval_KY2_0,Manufacturing,BlueOvalSK (JV of Ford and SK On),Batteries,"Cells, Modules",Clean Tech Manufacturing,New,Under Construction,3229.939017,2021-09-27,KY,"1 BlueOval, Glendale, KY 42740",2102.0,KY-02,Mitch McConnell,Republican,Rand Paul,Republican,Brett Guthrie,Republican,93.0,21093.0,1603.0,21093001603.0,Census Tract 16.03,93.0,21093.0,1600.0,21093001600.0,Census Tract 16,42740.0,37.59489,-85.87652,True
M.B.BMW_SC_0,Manufacturing,BMW,Batteries,Modules,Clean Tech Manufacturing,New,Under Construction,714.552175,2023-06-27,SC,"BMW Manufacturing Battery Facility, SC-101, Woodruff, SC 29388",4504.0,SC-04,Lindsey Graham,Republican,Tim Scott,Republican,William Timmons,Republican,83.0,45083.0,23500.0,45083023500.0,Census Tract 235,83.0,45083.0,23500.0,45083023500.0,Census Tract 235,29388.0,34.75419,-82.05755,True
M.B.BMZ_VA_0,Manufacturing,BMZ USA Inc.,Batteries,"Cells, Modules",Clean Tech Manufacturing,Expansion,Operating,3.199193,2018-11-21,VA,"1429 Miller Store Rd., Virginia Beach, VA 23455",5102.0,VA-02,Tim Kaine,Democratic,Mark Warner,Democratic,Jennifer Kiggans,Republican,810.0,51810.0,40200.0,51810040200.0,Census Tract 402,810.0,51810.0,40200.0,51810040200.0,Census Tract 402,23455.0,36.8956,-76.1914,True
M.B.BorgWarner_MI_0,Manufacturing,BorgWarner,Batteries,Modules,Clean Tech Manufacturing,Expansion,Canceled prior to operation,2.551972,2023-04-19,MI,"23950 Mound Road, Suite 300, Warren, MI 48091",2610.0,MI-10,Gary Peters,Democratic,Elissa Slotkin,Democratic,John James,Republican,99.0,26099.0,982200.0,26099982200.0,Census Tract 9822,99.0,26099.0,982200.0,26099982200.0,Census Tract 9822,48091.0,42.471014,-83.042036,True
M.B.BorgWarner_SC_0,Manufacturing,BorgWarner,Batteries,Modules,Clean Tech Manufacturing,Expansion,Operating,42.873131,2023-04-19,SC,"15545 Wells Hwy, Seneca, SC 29678",4503.0,SC-03,Lindsey Graham,Republican,Tim Scott,Republican,Sheri Biggs,Republican,73.0,45073.0,30802.0,45073030802.0,Census Tract 308.02,73.0,45073.0,30800.0,45073030800.0,Census Tract 308,29678.0,34.66642,-82.98034,True
M.B.Cabot_TX_0,Manufacturing,Cabot Corp.,Batteries,EAM,Clean Tech Manufacturing,Expansion,Under Construction,84.163523,2023-01-26,TX,"8430 County Rd 3, Pampa, TX 79065",4813.0,TX-13,John Cornyn,Republican,Ted Cruz,Republican,Ronny L. Jackson,Republican,179.0,48179.0,950100.0,48179950100.0,Census Tract 9501,179.0,48179.0,950100.0,48179950100.0,Census Tract 9501,79065.0,35.510835,-101.033881,True
M.B.Camel_MI_0,Manufacturing,Camel Group,Batteries,"Cells, Modules",Clean Tech Manufacturing,New,Operating,20.802865,2022-08-08,MI,"4600 W. Dickman Rd, Battle Creek, MI 49037",2604.0,MI-04,Gary Peters,Democratic,Elissa Slotkin,Democratic,Bill Huizenga,Republican,25.0,26025.0,2600.0,26025002600.0,Census Tract 26,25.0,26025.0,2600.0,26025002600.0,Census Tract 26,49037.0,42.3358,-85.2695,True
M.B.Canoo_OK_0,Manufacturing,Canoo,Batteries,Modules,Clean Tech Manufacturing,New,Retired,179.934222,2021-06-17,OK,"4075 Sanders Mitchell St, Pryor Creek, OK 74361",4002.0,OK-02,James Lankford,Republican,Markwayne Mullin,Republican,Josh Brecheen,Republican,97.0,40097.0,40400.0,40097040400.0,Census Tract 404,97.0,40097.0,40400.0,40097040400.0,Census Tract 404,74361.0,36.247299,-95.289147,True
M.B.Capchem_OH_0,Manufacturing,Capchem,Batteries,EAM,Clean Tech Manufacturing,New,Under Construction,76.559162,2023-06-16,OH,"County Rd 1A, Hamilton 1A, Lawrence County, OH",3902.0,OH-02,Jon Husted,Republican,Bernie Moreno,Republican,David Taylor,Republican,87.0,39087.0,50700.0,39087050700.0,Census Tract 507,87.0,39087.0,50700.0,39087050700.0,Census Tract 507,45638.0,38.5698,-82.79229,True
M.B.Cirba_OH_0,Manufacturing,Cirba Solutions,Batteries,EAM,Clean Tech Manufacturing,Expansion,Operating,412.919695,2022-10-13,OH,"500–512 Hocking St, Lancaster, OH  43130",3912.0,OH-12,Jon Husted,Republican,Bernie Moreno,Republican,Troy Balderson,Republican,45.0,39045.0,31700.0,39045031700.0,Census Tract 317,45.0,39045.0,31700.0,39045031700.0,Census Tract 317,43130.0,39.719,-82.61,True
M.B.Cirba_AZ_0,Manufacturing,Cirba/Heritage Battery Recycling,Batteries,EAM,Clean Tech Manufacturing,New,Operating,,2022-09-29,AZ,"1300 W Battaglia Rd, Eloy, AZ 85131",406.0,AZ-06,Ruben Gallego,Democratic,Mark Kelly,Democratic,Juan Ciscomani,Republican,21.0,4021.0,1900.0,4021001900.0,Census Tract 19,21.0,4021.0,1900.0,4021001900.0,Census Tract 19,85131.0,32.76382,-111.57657,True
M.B.Cirba_SC_0,Manufacturing,Cirba Solutions,Batteries,EAM,Clean Tech Manufacturing,New,Announced,306.049175,2023-03-22,SC,"1099 Longwood Rd, Columbia, SC 29209",4506.0,SC-06,Lindsey Graham,Republican,Tim Scott,Republican,James Clyburn,Democratic,79.0,45079.0,11702.0,45079011702.0,Census Tract 117.02,79.0,45079.0,11702.0,45079011702.0,Census Tract 117.02,29209.0,33.93036,-80.93342,True
M.B.Corvus_WA_0,Manufacturing,Corvus Energy,Batteries,"Cells, Modules",Clean Tech Manufacturing,New,Operating,29.682181,2022-05-19,WA,"306 W Champion St, Bellingham, WA  98225",5302.0,WA-02,Maria Cantwell,Democratic,Patty Murray,Democratic,Rick Larsen,Democratic,73.0,53073.0,600.0,53073000600.0,Census Tract 6,73.0,53073.0,600.0,53073000600.0,Census Tract 6,98225.0,48.752,-122.48,True
M.B.Cummins_MS_0,Manufacturing,"Cummins, Daimler, PACCAR",Batteries,Cells,Clean Tech Manufacturing,New,Under Construction,1926.925497,2024-01-18,MS,"Byhalia, MS 38611",2801.0,MS-01,Cindy Hyde-Smith,Republican,Roger Wicker,Republican,Trent Kelly,Republican,93.0,28093.0,950102.0,28093950102.0,Census Tract 9501.02,93.0,28093.0,950100.0,28093950100.0,Census Tract 9501,38611.0,34.972044,-89.602715,True
M.B.Dai_NC_0,Manufacturing,Dai Nippon Printing,Batteries,Cells,Clean Tech Manufacturing,New,Announced,236.767608,2023-11-28,NC,"Linwood, Davidson County, NC",3706.0,NC-06,Ted Budd,Republican,Thom Tillis,Republican,Addison McDowell,Republican,57.0,37057.0,61803.0,37057061803.0,Census Tract 618.03,57.0,37057.0,61803.0,37057061803.0,Census Tract 618.03,27299.0,35.750894,-80.317958,True
M.B.Daikin_AL_0,Manufacturing,Daikin America,Batteries,EAM,Clean Tech Manufacturing,Expansion,Operating,44.138702,2019-09-13,AL,"905 State Docks Rd NW, Decatur, AL 35601",105.0,AL-05,Katie Britt,Republican,Tommy Tuberville,Republican,Dale Strong,Republican,103.0,1103.0,5101.0,1103005101.0,Census Tract 51.01,103.0,1103.0,5101.0,1103005101.0,Census Tract 51.01,35601.0,34.63019,-87.040454,True
M.B.Denkai_SC_0,Manufacturing,Denkai America,Batteries,EAM,Clean Tech Manufacturing,Expansion,Retired,15.744244,2021-06-18,SC,"29 Battleship Road Ext., Camden, SC 29020",4505.0,SC-05,Lindsey Graham,Republican,Tim Scott,Republican,Ralph Norman,Republican,55.0,45055.0,970800.0,45055970800.0,Census Tract 9708,55.0,45055.0,970800.0,45055970800.0,Census Tract 9708,29020.0,34.245214,-80.637173,True
M.B.Denkai_GA_0,Manufacturing,Denkai America,Batteries,EAM,Clean Tech Manufacturing,New,Canceled prior to operation,156.021487,2022-07-20,GA,"Augusta, GA",,,,,,,,,,,,,,,,,,,,33.476472,-81.998918,False
M.B.Dongwha_TN_0,Manufacturing,Dongwha Electrolyte,Batteries,EAM,Clean Tech Manufacturing,New,Operating,71.411474,2023-02-27,TN,"4370 Guthrie Highway, Clarksville, TN 37040",4707.0,TN-07,Marsha Blackburn,Republican,Bill Hagerty,Republican,Matt Van Epps,Republican,125.0,47125.0,102010.0,47125102010.0,Census Tract 1020.10,125.0,47125.0,102006.0,47125102006.0,Census Tract 1020.06,37040.0,36.6205,-87.2334,True
M.B.Dragonfly_NV_0,Manufacturing,Dragonfly Energy,Batteries,"EAM, Cells",Clean Tech Manufacturing,Expansion,Operating,11.130818,2022-06-22,NV,"1190 Trademark Dr, Reno, NV 89521",3202.0,NV-02,Catherine Cortez Masto,Democratic,Jacky Rosen,Democratic,Mark Amodei,Republican,31.0,32031.0,2214.0,32031002214.0,Census Tract 22.14,31.0,32031.0,2206.0,32031002206.0,Census Tract 22.06,89521.0,39.45195,-119.74152,True
M.B.Dragonfly_NV_1,Manufacturing,Dragonfly Energy,Batteries,Cells,Clean Tech Manufacturing,Expansion,Operating,11.130818,2022-06-22,NV,"1190 Trademark Dr, Reno, NV 89521",3202.0,NV-02,Catherine Cortez Masto,Democratic,Jacky Rosen,Democratic,Mark Amodei,Republican,31.0,32031.0,2214.0,32031002214.0,Census Tract 22.14,31.0,32031.0,2206.0,32031002206.0,Census Tract 22.06,89521.0,39.45195,-119.74152,True
M.B.Duksan_TN_0,Manufacturing,Duksan Electera America,Batteries,EAM,Clean Tech Manufacturing,New,Operating,98.813608,2022-07-27,TN,"210 Frank Martin Road, Shelbyville, TN 37160",4704.0,TN-04,Marsha Blackburn,Republican,Bill Hagerty,Republican,Scott DesJarlais,Republican,3.0,47003.0,950100.0,47003950100.0,Census Tract 9501,3.0,47003.0,950100.0,47003950100.0,Census Tract 9501,37160.0,35.5733,-86.4532,True
M.B.Ecobat_AZ_0,Manufacturing,Ecobat,Batteries,EAM,Clean Tech Manufacturing,New,Operating,56.360109,2023-02-22,AZ,"1474 N. VIP Blvd., Casa Grande, AZ 85122",406.0,AZ-06,Ruben Gallego,Democratic,Mark Kelly,Democratic,Juan Ciscomani,Republican,21.0,4021.0,1500.0,4021001500.0,Census Tract 15,21.0,4021.0,1500.0,4021001500.0,Census Tract 15,85122.0,32.88992,-111.78483,True
M.B.ElectricPowerSystems_UT_0,Manufacturing,Electric Power Systems,Batteries,Modules,Clean Tech Manufacturing,Expansion,Operating,105.179128,2022-06-09,UT,"520 W 2850 N, North Logan, UT 84341",4901.0,UT-01,John Curtis,Republican,Mike Lee,Republican,Blake Moore,Republican,5.0,49005.0,403.0,49005000403.0,Census Tract 4.03,5.0,49005.0,403.0,49005000403.0,Census Tract 4.03,84341.0,41.783297,-111.810064,True
M.B.Electrovaya_NY_0,Manufacturing,Electrovaya,Batteries,"Cells, Modules",Clean Tech Manufacturing,New,Operating,72.260947,2022-10-03,NY,"1 Precision Way, Jamestown, NY 14701",3623.0,NY-23,Kirsten Gillibrand,Democratic,Chuck Schumer,Democratic,Nick Langworthy,Republican,13.0,36013.0,37300.0,36013037300.0,Census Tract 373,13.0,36013.0,37300.0,36013037300.0,Census Tract 373,14701.0,42.10844,-79.19522,True
M.B.Enchem_GA_0,Manufacturing,Enchem America LLC,Batteries,EAM,Clean Tech Manufacturing,New,Operating,69.416493,2020-01-22,GA,"648 GA-334, Commerce, GA 30529",1309.0,GA-09,Jon Ossoff,Democratic,Raphael Warnock,Democratic,Andrew Clyde,Republican,157.0,13157.0,10400.0,13157010400.0,Census Tract 104,157.0,13157.0,10400.0,13157010400.0,Census Tract 104,30530.0,34.173773,-83.436142,True
M.B.Enchem_GA_1,Manufacturing,Enchem America LLC,Batteries,EAM,Clean Tech Manufacturing,Expansion,Under Construction,845.401636,2022-11-28,GA,"648 GA-334, Commerce, GA 30529",1309.0,GA-09,Jon Ossoff,Democratic,Raphael Warnock,Democratic,Andrew Clyde,Republican,157.0,13157.0,10400.0,13157010400.0,Census Tract 104,157.0,13157.0,10400.0,13157010400.0,Census Tract 104,30530.0,34.173773,-83.436142,True
M.B.Enchem_TN_0,Manufacturing,Enchem America LLC,Batteries,EAM,Clean Tech Manufacturing,New,Canceled prior to operation,155.670295,2023-06-27,TN,"Windrow Road and Hwy 70/79 Bypass Brownsville, TN 38012",4708.0,TN-08,Marsha Blackburn,Republican,Bill Hagerty,Republican,David Kustoff,Republican,75.0,47075.0,930400.0,47075930400.0,Census Tract 9304,75.0,47075.0,930400.0,47075930400.0,Census Tract 9304,38012.0,35.57343,-89.25856,True
M.B.EnerVenue_KY_0,Manufacturing,EnerVenue,Batteries,"Cells, Modules",Clean Tech Manufacturing,New,Canceled prior to operation,284.717072,2022-03-28,KY,"3053 Squire Cir, Shelbyville, KY  40065",2104.0,KY-04,Mitch McConnell,Republican,Rand Paul,Republican,Thomas Massie,Republican,211.0,21211.0,40202.0,21211040202.0,Census Tract 402.02,211.0,21211.0,40200.0,21211040200.0,Census Tract 402,40065.0,38.22,-85.21,True
M.B.EnerSys_SC_0,Manufacturing,EnerSys,Batteries,Cells,Clean Tech Manufacturing,New,Announced,623.715358,2024-02-14,SC,"2017 Augusta Rd, Greenville, SC 29605",4504.0,SC-04,Lindsey Graham,Republican,Tim Scott,Republican,William Timmons,Republican,45.0,45045.0,1502.0,45045001502.0,Census Tract 15.02,45.0,45045.0,1502.0,45045001502.0,Census Tract 15.02,29605.0,34.80576,-82.37927,True
M.B.EnPower_IN_0,Manufacturing,"EnPower, Inc.",Batteries,"EAM, Cells",Clean Tech Manufacturing,New,Operating,148.410903,2021-12-20,IN,"8740 Hague Rd, Building 7, Indianapolis, IN 46256",1807.0,IN-07,Jim Banks,Republican,Todd C. Young,Republican,André Carson,Democratic,97.0,18097.0,330103.0,18097330103.0,Census Tract 3301.03,97.0,18097.0,330103.0,18097330103.0,Census Tract 3301.03,46256.0,39.916858,-86.034603,True
M.B.Entek_IN_0,Manufacturing,Entek,Batteries,EAM,Clean Tech Manufacturing,New,Under Construction,1530.245873,2023-03-22,IN,"3265 Ohio Blvd, Terre Haute, IN  47803",1808.0,IN-08,Jim Banks,Republican,Todd C. Young,Republican,Mark Messmer,Republican,167.0,18167.0,1400.0,18167001400.0,Census Tract 14,167.0,18167.0,1400.0,18167001400.0,Census Tract 14,47803.0,39.465,-87.37,True
M.B.Envision_KY_0,Manufacturing,Envision AESC US,Batteries,"Cells, Modules",Clean Tech Manufacturing,New,Under Construction,2114.875348,2022-04-13,KY,"Kentucky Transpark, Bowling Green, KY 42101",2102.0,KY-02,Mitch McConnell,Republican,Rand Paul,Republican,Brett Guthrie,Republican,227.0,21227.0,11600.0,21227011600.0,Census Tract 116,227.0,21227.0,11600.0,21227011600.0,Census Tract 116,42101.0,37.04,-86.3,True
M.B.Envision_SC_0,Manufacturing,Envision AESC US/BMW,Batteries,"Cells, Modules",Clean Tech Manufacturing,New,Under Construction,1651.678781,2022-12-06,SC,"Technology and Commerce Park, Florence, S.C., 29503",4507.0,SC-07,Lindsey Graham,Republican,Tim Scott,Republican,Russell Fry,Republican,41.0,45041.0,900.0,45041000900.0,Census Tract 9,41.0,45041.0,900.0,45041000900.0,Census Tract 9,29501.0,34.200076,-79.76985,True
M.B.Envision_SC_1,Manufacturing,Envision AESC US/BMW,Batteries,"Cells, Modules",Clean Tech Manufacturing,Expansion,Announced,1521.256971,2024-03-26,SC,"Technology and Commerce Park, Florence, S.C., 29503",4507.0,SC-07,Lindsey Graham,Republican,Tim Scott,Republican,Russell Fry,Republican,41.0,45041.0,900.0,45041000900.0,Census Tract 9,41.0,45041.0,900.0,45041000900.0,Census Tract 9,29501.0,34.200076,-79.76985,True
M.B.EOS_PA_1,Manufacturing,Eos,Batteries,Cells,Clean Tech Manufacturing,Expansion,Operating,183.711001,2023-09-07,PA,"200 Braddock Ave, Turtle Creek, PA 15145",4212.0,PA-12,John Fetterman,Democratic,David McCormick,Republican,Summer Lee,Democratic,3.0,42003.0,509400.0,42003509400.0,Census Tract 5094,3.0,42003.0,509400.0,42003509400.0,Census Tract 5094,15145.0,40.40371,-79.82943,True
M.B.Episilon_NC_0,Manufacturing,Epsilon Advanced Material,Batteries,EAM,Clean Tech Manufacturing,New,Announced,663.512734,2023-06-26,NC,"Mid-Atlantic Industrial Rail Park, Brunswick County, NC",3707.0,NC-07,Ted Budd,Republican,Thom Tillis,Republican,David Rouzer,Republican,19.0,37019.0,20602.0,37019020602.0,Census Tract 206.02,19.0,37019.0,20602.0,37019020602.0,Census Tract 206.02,28451.0,34.299794,-78.191275,True
M.B.Factorial_MA_0,Manufacturing,Factorial Energy,Batteries,Cells,Clean Tech Manufacturing,New,Operating,46.806446,2022-08-25,MA,"501 Griffin Brook Dr, Methuen, MA 01844",2503.0,MA-03,Edward J. Markey,Democratic,Elizabeth Warren,Democratic,Lori Trahan,Democratic,9.0,25009.0,252102.0,25009252102.0,Census Tract 2521.02,9.0,25009.0,252102.0,25009252102.0,Census Tract 2521.02,1844.0,42.692706,-71.236782,True
M.B.Ford_MI_0,Manufacturing,Ford Motor Company,Batteries,"Cells, Modules",Clean Tech Manufacturing,New,Under Construction,3060.491747,2023-02-13,MI,"125 W Hughes St, Marshall, MI  49068",2605.0,MI-05,Gary Peters,Democratic,Elissa Slotkin,Democratic,Tim Walberg,Republican,25.0,26025.0,4000.0,26025004000.0,Census Tract 40,25.0,26025.0,4000.0,26025004000.0,Census Tract 40,49068.0,42.261,-84.96,True
M.B.Forge_CO_0,Manufacturing,Forge Nano,Batteries,EAM,Clean Tech Manufacturing,New,Operating,122.494659,2023-06-06,CO,"12300 Grant St., #110, Thorton, CO 80241",808.0,CO-08,Michael Bennet,Democratic,John Hickenlooper,Democratic,Gabe Evans,Republican,1.0,8001.0,8555.0,8001008555.0,Census Tract 85.55,1.0,8001.0,8529.0,8001008529.0,Census Tract 85.29,80241.0,39.920425,-104.983115,True
M.B.Forge_NC_0,Manufacturing,Forge Nano,Batteries,Cells,Clean Tech Manufacturing,New,Announced,167.668048,2023-11-15,NC,"401 Southport Dr, Morrisville, NC 27560",3704.0,NC-04,Ted Budd,Republican,Thom Tillis,Republican,Valerie Foushee,Democratic,183.0,37183.0,53609.0,37183053609.0,Census Tract 536.09,183.0,37183.0,53609.0,37183053609.0,Census Tract 536.09,27560.0,35.836565,-78.81521,True
M.B.Form_WV_0,Manufacturing,Form Energy,Batteries,"Cells, Modules",Clean Tech Manufacturing,New,Operating,784.547421,2022-12-22,WV,"201 Pross Street, Weirton, WV 26062",5402.0,WV-02,Shelley Moore Capito,Republican,Jim Justice,Republican,Riley Moore,Republican,29.0,54029.0,20700.0,54029020700.0,Census Tract 207,29.0,54029.0,20700.0,54029020700.0,Census Tract 207,26062.0,40.418,-80.57,True
M.B.Forsee_OH_0,Manufacturing,Forsee Power,Batteries,Modules,Clean Tech Manufacturing,New,Operating,7.666423,2022-06-27,OH,"4555 Lyman Dr, Hilliard, OH 43026",3915.0,OH-15,Jon Husted,Republican,Bernie Moreno,Republican,Mike Carey,Republican,49.0,39049.0,7922.0,39049007922.0,Census Tract 79.22,49.0,39049.0,7922.0,39049007922.0,Census Tract 79.22,43026.0,40.04421,-83.12888,True
M.B.Fortescue_MI_0,Manufacturing,Fortescue,Batteries,"Modules, Packs",Clean Tech Manufacturing,New,Canceled prior to operation,213.395698,2023-11-17,MI,"601 Piquette Ave, Detroit, MI 48202",2613.0,MI-13,Gary Peters,Democratic,Elissa Slotkin,Democratic,Shri Thanedar,Democratic,163.0,26163.0,511200.0,26163511200.0,Census Tract 5112,163.0,26163.0,511200.0,26163511200.0,Census Tract 5112,48202.0,42.37036,-83.06324,True
M.B.Freyr_GA_0,Manufacturing,"Freyr Battery, Koch Industries",Batteries,Cells,Clean Tech Manufacturing,New,Canceled prior to operation,1754.908705,2022-11-11,GA,"Newnan, GA",,,,,,,,,,,,,,,,,,,,33.376,-84.79,False
M.B.Gotion_MI_0,Manufacturing,Gotion,Batteries,EAM,Clean Tech Manufacturing,New,Canceled prior to operation,2436.226202,2022-10-05,MI,"120 N Warren Ave, Big Rapids, MI  49307",2602.0,MI-02,Gary Peters,Democratic,Elissa Slotkin,Democratic,John Moolenaar,Republican,107.0,26107.0,960500.0,26107960500.0,Census Tract 9605,107.0,26107.0,960500.0,26107960500.0,Census Tract 9605,49307.0,43.699,-85.48,True
M.B.Gotion_IL_0,Manufacturing,Gotion,Batteries,"Cells, Modules Packs",Clean Tech Manufacturing,New,Operating,2041.233339,2023-09-08,IL,"333 S Spruce St, Manteno, IL 60950",1701.0,IL-01,Tammy Duckworth,Democratic,Dick Durbin,Democratic,Jonathan Jackson,Democratic,91.0,17091.0,10201.0,17091010201.0,Census Tract 102.01,91.0,17091.0,10201.0,17091010201.0,Census Tract 102.01,60950.0,41.244915,-87.866011,True
M.B.Graphite_OH_0,Manufacturing,Graphite One,Batteries,EAM,Clean Tech Manufacturing,New,Announced,441.164522,2024-03-20,OH,"1740 Warren Ave, Niles, OH 44446",3914.0,OH-14,Jon Husted,Republican,Bernie Moreno,Republican,David Joyce,Republican,155.0,39155.0,933301.0,39155933301.0,Census Tract 9333.01,155.0,39155.0,933301.0,39155933301.0,Census Tract 9333.01,44446.0,41.195073,-80.790678,True
M.B.Graphite_OH_1,Manufacturing,Graphite One,Batteries,EAM,Clean Tech Manufacturing,Expansion,Announced,799.166995,2024-03-20,OH,"1740 Warren Ave, Niles, OH 44446",3914.0,OH-14,Jon Husted,Republican,Bernie Moreno,Republican,David Joyce,Republican,155.0,39155.0,930900.0,39155930900.0,Census Tract 9309,155.0,39155.0,930900.0,39155930900.0,Census Tract 9309,44410.0,41.31934,-80.72203,True
M.B.Grob_OH_0,Manufacturing,Grob Systems,Batteries,"Cells, Modules",Clean Tech Manufacturing,Expansion,Operating,24.38808,2023-11-28,OH,"1070 Navajo Dr, Bluffton, OH 45817",3905.0,OH-05,Jon Husted,Republican,Bernie Moreno,Republican,Bob Latta,Republican,63.0,39063.0,1300.0,39063001300.0,Census Tract 13,63.0,39063.0,1300.0,39063001300.0,Census Tract 13,45817.0,40.88967,-83.86623,True
M.B.Group14_WA_0,Manufacturing,Group14 Technologies,Batteries,EAM,Clean Tech Manufacturing,New,Under Construction,339.922678,2023-04-04,WA,"13400 E Wheeler Rd, Moses Lake, WA 98837",5304.0,WA-04,Maria Cantwell,Democratic,Patty Murray,Democratic,Dan Newhouse,Republican,25.0,53025.0,11002.0,53025011002.0,Census Tract 110.02,25.0,53025.0,11000.0,53025011000.0,Census Tract 110,98837.0,47.131846,-119.206011,True
M.B.Group14_WA2_0,Manufacturing,Group14 Technologies,Batteries,EAM,Clean Tech Manufacturing,New,Operating,0.676321,2021-04-13,WA,"8502 Maltby Rd, Woodinville, WA 98072",5301.0,WA-01,Maria Cantwell,Democratic,Patty Murray,Democratic,Suzan DelBene,Democratic,61.0,53061.0,51912.0,53061051912.0,Census Tract 519.12,61.0,53061.0,51912.0,53061051912.0,Census Tract 519.12,98072.0,47.804717,-122.118126,True
M.B.Honda_OH_0,Manufacturing,Honda - LGES Partnership,Batteries,"Cells, Modules",Clean Tech Manufacturing,New,Under Construction,3701.031859,2022-06-10,OH,"Leonard Ave, Columbus, OH  43219",3903.0,OH-03,Jon Husted,Republican,Bernie Moreno,Republican,Joyce Beatty,Democratic,49.0,39049.0,2300.0,39049002300.0,Census Tract 23,49.0,39049.0,2300.0,39049002300.0,Census Tract 23,43203.0,39.979588,-82.956797,True
M.B.Huntsman_TX_0,Manufacturing,Huntsman Petrochemical LLC,Batteries,EAM,Clean Tech Manufacturing,Expansion,Operating,204.513928,2021-06-08,TX,"5451 Jefferson Chemical Road,Conroe, TX 77301",4808.0,TX-08,John Cornyn,Republican,Ted Cruz,Republican,Morgan Luttrell,Republican,339.0,48339.0,693002.0,48339693002.0,Census Tract 6930.02,339.0,48339.0,693000.0,48339693000.0,Census Tract 6930,77306.0,30.313858,-95.388508,True
M.B.Hyundai_AL_0,Manufacturing,Hyundai Mobis,Batteries,Modules,Clean Tech Manufacturing,New,Operating,211.621344,2022-10-27,AL,"1395 Mitchell Young Rd, Montgomery, AL 36108",102.0,AL-02,Katie Britt,Republican,Tommy Tuberville,Republican,Shomari Figures,Democratic,101.0,1101.0,6000.0,1101006000.0,Census Tract 60,101.0,1101.0,6000.0,1101006000.0,Census Tract 60,36108.0,32.319337,-86.436662,True
M.B.Hyundai_GA_0,Manufacturing,"Hyundai Motor Group, LGES",Batteries,"Cells, Modules",Clean Tech Manufacturing,New,Under Construction,4546.981999,2022-05-20,GA,"10484 US-280, Ellabell, GA 31308",1301.0,GA-01,Jon Ossoff,Democratic,Raphael Warnock,Democratic,Earl Carter,Republican,29.0,13029.0,920101.0,13029920101.0,Census Tract 9201.01,29.0,13029.0,920101.0,13029920101.0,Census Tract 9201.01,31308.0,32.178593,-81.465272,True
M.B.Hyundai_GA_1,Manufacturing,"Hyundai Motor Group, LGES",Batteries,"Cells, Modules",Clean Tech Manufacturing,Expansion,Under Construction,2041.233339,2023-09-01,GA,"10484 US-280, Ellabell, GA 31308",1301.0,GA-01,Jon Ossoff,Democratic,Raphael Warnock,Democratic,Earl Carter,Republican,29.0,13029.0,920101.0,13029920101.0,Census Tract 9201.01,29.0,13029.0,920101.0,13029920101.0,Census Tract 9201.01,31308.0,32.178593,-81.465272,True
M.B.Hyundai_GA2_0,Manufacturing,"Hyundai, SK",Batteries,"Cells, Modules",Clean Tech Manufacturing,New,Under Construction,5161.496191,2022-12-08,GA,"5059 Hwy 411, Kingston, GA 30145",1311.0,GA-11,Jon Ossoff,Democratic,Raphael Warnock,Democratic,Barry Loudermilk,Republican,15.0,13015.0,960302.0,13015960302.0,Census Tract 9603.02,15.0,13015.0,960300.0,13015960300.0,Census Tract 9603,30145.0,34.221051,-84.914473,True
M.B.ICL_MO_0,Manufacturing,ICL,Batteries,EAM,Clean Tech Manufacturing,New,Canceled prior to operation,443.888672,2022-10-19,MO,"4215 E Evans Ave, Saint Louis, MO  63113",2901.0,MO-01,Josh Hawley,Republican,Eric Schmitt,Republican,Wesley Bell,Democratic,510.0,29510.0,101500.0,29510101500.0,Census Tract 1015,510.0,29510.0,101500.0,29510101500.0,Census Tract 1015,63111.0,38.54731,-90.268867,True
M.B.Ionic_UT_0,Manufacturing,Ionic Mineral Technologies,Batteries,EAM,Clean Tech Manufacturing,New,Operating,11.272022,2023-11-02,UT,"652 S Lakeview Pkwy Building B Units B1-6, Provo, UT 84601",4903.0,UT-03,John Curtis,Republican,Mike Lee,Republican,Mike Kennedy,Republican,49.0,49049.0,2213.0,49049002213.0,Census Tract 22.13,49.0,49049.0,2207.0,49049002207.0,Census Tract 22.07,84601.0,40.22483,-111.71419,True
M.B.Ionic_UT_1,Manufacturing,Ionic Mineral Technologies,Batteries,EAM,Clean Tech Manufacturing,Expansion,Operating,16.908033,2023-11-02,UT,"652 S Lakeview Pkwy Building B Units B1-6, Provo, UT 84601",4903.0,UT-03,John Curtis,Republican,Mike Lee,Republican,Mike Kennedy,Republican,49.0,49049.0,2213.0,49049002213.0,Census Tract 22.13,49.0,49049.0,2207.0,49049002207.0,Census Tract 22.07,84601.0,40.22483,-111.71419,True
M.B.Ionic_UT_2,Manufacturing,Ionic Mineral Technologies,Batteries,EAM,Clean Tech Manufacturing,Expansion,Announced,11.272022,2025-07-10,UT,"652 S Lakeview Pkwy Building B Units B1-6, Provo, UT 84601",4903.0,UT-03,John Curtis,Republican,Mike Lee,Republican,Mike Kennedy,Republican,49.0,49049.0,2213.0,49049002213.0,Census Tract 22.13,49.0,49049.0,2207.0,49049002207.0,Census Tract 22.07,84601.0,40.22483,-111.71419,True
M.B.Imperium3_NY_0,Manufacturing,Imperium3 New York Inc,Batteries,"Cells, Modules",Clean Tech Manufacturing,New,Retired,97.618889,2017-10-04,NY,"Huron Campus - 1701 North St, Endicott, NY 13760",3619.0,NY-19,Kirsten Gillibrand,Democratic,Chuck Schumer,Democratic,Josh Riley,Democratic,7.0,36007.0,13500.0,36007013500.0,Census Tract 135,7.0,36007.0,13500.0,36007013500.0,Census Tract 135,13760.0,42.104972,-76.044494,True
M.B.InoBat_IN_0,Manufacturing,InoBat Auto,Batteries,Modules,Clean Tech Manufacturing,New,Operating,6.858032,2022-06-23,IN,"Indianapolis, IN",,,,,,,,,,,,,,,,,,,,39.7707,-86.16504,False
M.B.InoBat_IN_1,Manufacturing,InoBat Auto,Batteries,Modules,Clean Tech Manufacturing,New,Announced,205.740974,2022-06-23,IN,"Indianapolis, IN",,,,,,,,,,,,,,,,,,,,39.7707,-86.16504,False
M.B.Kontrolmatik_SC_0,Manufacturing,Kontrolmatik Technologies,Batteries,"Cells, Modules",Clean Tech Manufacturing,New,Under Construction,288.011487,2022-12-08,SC,"282P+R8H Walterboro, South Carolina",4506.0,SC-06,Lindsey Graham,Republican,Tim Scott,Republican,James Clyburn,Democratic,29.0,45029.0,970401.0,45029970401.0,Census Tract 9704.01,29.0,45029.0,970401.0,45029970401.0,Census Tract 9704.01,29488.0,33.002137,-80.66415,True
M.B.Kore_AZ_0,Manufacturing,Kore Power,Batteries,Cells,Clean Tech Manufacturing,New,Canceled prior to operation,1392.215094,2021-07-29,AZ,"107 South 8th Street, Buckeye, AZ 85326",409.0,AZ-09,Ruben Gallego,Democratic,Mark Kelly,Democratic,Paul Gosar,Republican,13.0,4013.0,50702.0,4013050702.0,Census Tract 507.02,13.0,4013.0,50702.0,4013050702.0,Census Tract 507.02,85326.0,33.37,-112.58,True
M.B.Koura_LA_0,Manufacturing,Koura,Batteries,EAM,Clean Tech Manufacturing,New,Announced,419.113491,2022-10-19,LA,"5935 LA-74, Saint Gabriel, LA  70776",2202.0,LA-02,Bill Cassidy,Republican,John Neely Kennedy,Republican,Troy Carter,Democratic,47.0,22047.0,953200.0,22047953200.0,Census Tract 9532,47.0,22047.0,953200.0,22047953200.0,Census Tract 9532,70776.0,30.258,-91.1,True
M.B.LG_TN_0,Manufacturing,LG Chem,Batteries,EAM,Clean Tech Manufacturing,New,Under Construction,3303.357562,2022-11-22,TN,"314 N Second St, Clarksville, TN  37040",4707.0,TN-07,Marsha Blackburn,Republican,Bill Hagerty,Republican,Matt Van Epps,Republican,125.0,47125.0,100800.0,47125100800.0,Census Tract 1008,125.0,47125.0,100800.0,47125100800.0,Census Tract 1008,37040.0,36.531,-87.36,True
M.B.LG_AZ_0,Manufacturing,LG Energy Solution,Batteries,"Cells, Modules",Clean Tech Manufacturing,New,Under Construction,3451.116029,2022-03-23,AZ,"24625 South 220th Street, Queen Creek, AZ 85142",405.0,AZ-05,Ruben Gallego,Democratic,Mark Kelly,Democratic,Andy Biggs,Republican,13.0,4013.0,817200.0,4013817200.0,Census Tract 8172,13.0,4013.0,817200.0,4013817200.0,Census Tract 8172,85142.0,33.224,-111.61,True
M.B.LG_AZ_1,Manufacturing,LG Energy Solution,Batteries,"Cells, Modules",Clean Tech Manufacturing,New,Under Construction,2480.489646,2022-03-23,AZ,"24625 South 220th Street, Queen Creek, AZ 85142",405.0,AZ-05,Ruben Gallego,Democratic,Mark Kelly,Democratic,Andy Biggs,Republican,13.0,4013.0,817200.0,4013817200.0,Census Tract 8172,13.0,4013.0,817200.0,4013817200.0,Census Tract 8172,85142.0,33.224,-111.61,True
M.B.LG_MI_1,Manufacturing,LG Energy Solution Michigan Inc.,Batteries,"Cells, Modules",Clean Tech Manufacturing,Expansion,Operating,1833.40539,2022-03-22,MI,"1 LG Way, Holland, MI 49423",2604.0,MI-04,Gary Peters,Democratic,Elissa Slotkin,Democratic,Bill Huizenga,Republican,5.0,26005.0,32401.0,26005032401.0,Census Tract 324.01,5.0,26005.0,32401.0,26005032401.0,Census Tract 324.01,49423.0,42.755715,-86.069522,True
M.B.LG_MI_2,Manufacturing,LG Energy Solution Michigan Inc.,Batteries,"Cells, Modules",Clean Tech Manufacturing,Expansion,Announced,3048.509971,2023-10-04,MI,"1 LG Way, Holland, MI 49423",2604.0,MI-04,Gary Peters,Democratic,Elissa Slotkin,Democratic,Bill Huizenga,Republican,5.0,26005.0,32401.0,26005032401.0,Census Tract 324.01,5.0,26005.0,32401.0,26005032401.0,Census Tract 324.01,49423.0,42.755715,-86.069522,True
M.B.LiCap_CA_0,Manufacturing,LI-CAP Technologies,Batteries,EAM,Clean Tech Manufacturing,Expansion,Operating,2.960288,2023-05-18,CA,"9795 Business Park Dr, Unit I, Sacramento, CA 95827",606.0,CA-06,Alex Padilla,Democratic,Adam Schiff,Democratic,Ami Bera,Democratic,67.0,6067.0,9006.0,6067009006.0,Census Tract 90.06,67.0,6067.0,9006.0,6067009006.0,Census Tract 90.06,95827.0,38.571685,-121.330718,True
M.B.Lotte_KY_0,Manufacturing,Lotte Aluminum,Batteries,EAM,Clean Tech Manufacturing,New,Operating,248.594235,2022-08-04,KY,"233 Ring Road, Suite 150
Elizabethtown, KY 42701",2102.0,KY-02,Mitch McConnell,Republican,Rand Paul,Republican,Brett Guthrie,Republican,93.0,21093.0,1300.0,21093001300.0,Census Tract 13,93.0,21093.0,1300.0,21093001300.0,Census Tract 13,42701.0,37.682305,-85.914733,True
M.B.Mercedes_AL_0,Manufacturing,Mercedes-Benz,Batteries,Modules,Clean Tech Manufacturing,New,Operating,1148.26255,2017-09-21,AL,"3662 Bibbville Road, Woodstock, AL 35188",106.0,AL-06,Katie Britt,Republican,Tommy Tuberville,Republican,Gary Palmer,Republican,7.0,1007.0,10005.0,1007010005.0,Census Tract 100.05,7.0,1007.0,10002.0,1007010002.0,Census Tract 100.02,35188.0,33.198166,-87.182228,True
M.B.Microvast_TN_0,Manufacturing,Microvast,Batteries,"Cells, Modules",Clean Tech Manufacturing,New,Canceled prior to operation,247.671164,2021-02-10,TN,"780 International Blvd, Clarksville, TN 37040",4707.0,TN-07,Marsha Blackburn,Republican,Bill Hagerty,Republican,Matt Van Epps,Republican,125.0,47125.0,101904.0,47125101904.0,Census Tract 1019.04,125.0,47125.0,101904.0,47125101904.0,Census Tract 1019.04,37040.0,36.587271,-87.260911,True
M.B.Microvast_CO_0,Manufacturing,Microvast,Batteries,Modules,Clean Tech Manufacturing,New,Canceled prior to operation,,2023-07-11,CO,"31815 Great Western Dr, Windsor, CO 80550",804.0,CO-04,Michael Bennet,Democratic,John Hickenlooper,Democratic,Lauren Boebert,Republican,123.0,8123.0,2203.0,8123002203.0,Census Tract 22.03,123.0,8123.0,2203.0,8123002203.0,Census Tract 22.03,80550.0,40.462323,-104.857308,True
M.B.MitraChem_CA_0,Manufacturing,Mitra Chem,Batteries,EAM,Clean Tech Manufacturing,Expansion,Operating,30.6185,2023-08-25,CA,"1245 Terra Bella Ave, Mountain View, CA 94043",616.0,CA-16,Alex Padilla,Democratic,Adam Schiff,Democratic,Sam Liccardo,Democratic,85.0,6085.0,509202.0,6085509202.0,Census Tract 5092.02,85.0,6085.0,509202.0,6085509202.0,Census Tract 5092.02,94043.0,37.40886,-122.07997,True
M.B.Mitsubishi_TN_0,Manufacturing,Mitsubishi Chemical America,Batteries,EAM,Clean Tech Manufacturing,Expansion,Operating,191.624371,2022-04-18,TN,"2665 Fite Rd, Memphis, TN 38127",4709.0,TN-09,Marsha Blackburn,Republican,Bill Hagerty,Republican,Steve Cohen,Democratic,157.0,47157.0,20221.0,47157020221.0,Census Tract 202.21,157.0,47157.0,20221.0,47157020221.0,Census Tract 202.21,38127.0,35.27118,-89.97347,True
M.B.Mullen_CA_0,Manufacturing,Mullen,Batteries,"Cells, Modules",Clean Tech Manufacturing,New,Under Construction,148.410903,2023-11-13,CA,"1500 E Walnut Ave Fullerton, CA 92831, USA",646.0,CA-46,Alex Padilla,Democratic,Adam Schiff,Democratic,Lou Correa,Democratic,59.0,6059.0,11403.0,6059011403.0,Census Tract 114.03,59.0,6059.0,11403.0,6059011403.0,Census Tract 114.03,92831.0,33.867551,-117.901289,True
M.B.Nanograf_IL_0,Manufacturing,NanoGraf Corporation,Batteries,EAM,Clean Tech Manufacturing,New,Operating,10.322992,2022-11-30,IL,"3440 S Dearborn St #113N, Chicago, IL 60616",1701.0,IL-01,Tammy Duckworth,Democratic,Dick Durbin,Democratic,Jonathan Jackson,Democratic,31.0,17031.0,842000.0,17031842000.0,Census Tract 8420,31.0,17031.0,842000.0,17031842000.0,Census Tract 8420,60616.0,41.832362,-87.628315,True
M.B.Nanotech_CA_0,Manufacturing,Nanotech Energy,Batteries,"Cells, Modules",Clean Tech Manufacturing,New,Operating,22.261635,2022-11-02,CA,"311 Otterson Dr suite 60, Chico, CA 95928",601.0,CA-01,Alex Padilla,Democratic,Adam Schiff,Democratic,Vacant,,7.0,6007.0,1200.0,6007001200.0,Census Tract 12,7.0,6007.0,1200.0,6007001200.0,Census Tract 12,95928.0,39.706896,-121.81426,True
M.B.Nanotech_NV_0,Manufacturing,Nanotech Energy,Batteries,"Cells, Modules",Clean Tech Manufacturing,New,Canceled prior to operation,371.027257,2021-11-11,NV,"1007 Wild Horse Canyon Dr, Sparks, NV 8943",3202.0,NV-02,Catherine Cortez Masto,Democratic,Jacky Rosen,Democratic,Mark Amodei,Republican,29.0,32029.0,970200.0,32029970200.0,Census Tract 9702,29.0,32029.0,970200.0,32029970200.0,Census Tract 9702,89434.0,39.544644,-119.555972,True
M.B.Natron_MI_0,Manufacturing,Natron Energy,Batteries,"EAM, Cells, Modules",Clean Tech Manufacturing,New,Retired,42.297507,2022-05-04,MI,"70 W 48th St, Holland, MI 49423",2604.0,MI-04,Gary Peters,Democratic,Elissa Slotkin,Democratic,Bill Huizenga,Republican,5.0,26005.0,32401.0,26005032401.0,Census Tract 324.01,5.0,26005.0,32401.0,26005032401.0,Census Tract 324.01,49423.0,42.752768,-86.108608,True
M.B.Navitas_MI_0,Manufacturing,"Navitas Systems, LLC",Batteries,Cells,Clean Tech Manufacturing,Expansion,Operating,0.0,2019-04-10,MI,"4880 Venture Drive, Ann Arbor, MI 48108",2606.0,MI-06,Gary Peters,Democratic,Elissa Slotkin,Democratic,Debbie Dingell,Democratic,161.0,26161.0,455000.0,26161455000.0,Census Tract 4550,161.0,26161.0,455000.0,26161455000.0,Census Tract 4550,48103.0,42.288839,-83.847446,True
M.B.Navitas_MI_1,Manufacturing,"Navitas Systems, LLC",Batteries,Cells,Clean Tech Manufacturing,Expansion,Operating,3.996512,2021-02-24,MI,"4880 Venture Drive, Ann Arbor, MI 48108",2606.0,MI-06,Gary Peters,Democratic,Elissa Slotkin,Democratic,Debbie Dingell,Democratic,161.0,26161.0,455000.0,26161455000.0,Census Tract 4550,161.0,26161.0,455000.0,26161455000.0,Census Tract 4550,48103.0,42.288839,-83.847446,True
M.B.Novonix_TN2_0,Manufacturing,Novonix,Batteries,EAM,Clean Tech Manufacturing,Expansion,Operating,179.934222,2021-06-22,TN,"1029 West 19th Street, Chattanooga, TN 37408",4703.0,TN-03,Marsha Blackburn,Republican,Bill Hagerty,Republican,Charles J. Fleischmann,Republican,65.0,47065.0,1600.0,47065001600.0,Census Tract 16,65.0,47065.0,1600.0,47065001600.0,Census Tract 16,37402.0,35.03898,-85.324051,True
M.B.Novonix_TN_1,Manufacturing,Novonix,Batteries,EAM,Clean Tech Manufacturing,Expansion,Under Construction,1060.171318,2022-10-19,TN,"1029 West 19th Street, Chattanooga, TN 37408",4703.0,TN-03,Marsha Blackburn,Republican,Bill Hagerty,Republican,Charles J. Fleischmann,Republican,65.0,47065.0,1600.0,47065001600.0,Census Tract 16,65.0,47065.0,1600.0,47065001600.0,Census Tract 16,37402.0,35.03898,-85.324051,True
M.B.OneD_WA_0,Manufacturing,OneD Battery Sciences,Batteries,EAM,Clean Tech Manufacturing,New,Retired,21.909154,2021-10-07,WA,"1600 Rd N NE, Moses Lake, WA 98837",5304.0,WA-04,Maria Cantwell,Democratic,Patty Murray,Democratic,Dan Newhouse,Republican,25.0,53025.0,11002.0,53025011002.0,Census Tract 110.02,25.0,53025.0,11000.0,53025011000.0,Census Tract 110,98837.0,47.110757,-119.194085,True
M.B.OurNext_WV_0,Manufacturing,"Our Next Energy, Inc.",Batteries,Modules,Clean Tech Manufacturing,New,Under Construction,22.443606,2023-03-04,WV,"Millwood, WV",,,,,,,,,,,,,,,,,,,,38.882426,-81.860256,False
M.B.OurNext_MI_0,Manufacturing,"Our Next Energy, Inc.",Batteries,"Cells, Modules",Clean Tech Manufacturing,New,Operating,1651.678781,2022-10-05,MI,"45145 Twelve Mile Rd, Novi, MI 48377",2606.0,MI-06,Gary Peters,Democratic,Elissa Slotkin,Democratic,Debbie Dingell,Democratic,125.0,26125.0,136101.0,26125136101.0,Census Tract 1361.01,125.0,26125.0,136101.0,26125136101.0,Census Tract 1361.01,48377.0,42.493441,-83.492124,True
M.B.Panasonic_KS_0,Manufacturing,Panasonic,Batteries,"Cells, Modules",Clean Tech Manufacturing,New,Operating,4160.572978,2022-07-13,KS,"10301 Astra Pkwy, De Soto, KS 66018",2003.0,KS-03,Roger Marshall,Republican,Jerry Moran,Republican,Sharice Davids,Democratic,91.0,20091.0,52702.0,20091052702.0,Census Tract 527.02,91.0,20091.0,52700.0,20091052700.0,Census Tract 527,66025.0,38.940906,-95.006583,True
M.B.Proterra_SC_0,Manufacturing,Proterra,Batteries,Modules,Clean Tech Manufacturing,New,Operating,83.254784,2021-12-14,SC,"1650 Poplar Dr. Ext., Greer, SC 29651",4504.0,SC-04,Lindsey Graham,Republican,Tim Scott,Republican,William Timmons,Republican,83.0,45083.0,23202.0,45083023202.0,Census Tract 232.02,83.0,45083.0,23202.0,45083023202.0,Census Tract 232.02,29651.0,34.9038,-82.2237,True
M.B.Redwood_NV_0,Manufacturing,Redwood Materials,Batteries,EAM,Clean Tech Manufacturing,Expansion,Under Construction,2080.286489,2022-07-25,NV,"675 Innovation Wy, Sparks, NV 89434",3202.0,NV-02,Catherine Cortez Masto,Democratic,Jacky Rosen,Democratic,Mark Amodei,Republican,29.0,32029.0,970200.0,32029970200.0,Census Tract 9702,29.0,32029.0,970200.0,32029970200.0,Census Tract 9702,89437.0,39.502572,-119.43319,True
M.B.Redwood_SC_0,Manufacturing,Redwood Materials,Batteries,EAM,Clean Tech Manufacturing,New,Operating,3613.047334,2022-12-14,SC,"53 Hasell St, Charleston, SC  29401",4506.0,SC-06,Lindsey Graham,Republican,Tim Scott,Republican,James Clyburn,Democratic,19.0,45019.0,5100.0,45019005100.0,Census Tract 51,19.0,45019.0,5100.0,45019005100.0,Census Tract 51,29401.0,32.783,-79.93,True
M.B.RYVID_CA_0,Manufacturing,RYVID,Batteries,Modules,Clean Tech Manufacturing,New,Under Construction,86.713136,2022-11-17,CA,"El Cajon, CA",,,,,,,,,,,,,,,,,,,,32.79494,-116.96352,False
M.B.Samsung_MI_0,Manufacturing,Samsung SDI America Inc.,Batteries,Modules,Clean Tech Manufacturing,New,Operating,71.722111,2018-11-28,MI,"4121 N Atlantic Blvd, Auburn Hills, MI 48326",2611.0,MI-11,Gary Peters,Democratic,Elissa Slotkin,Democratic,Haley Stevens,Democratic,125.0,26125.0,981400.0,26125981400.0,Census Tract 9814,125.0,26125.0,140302.0,26125140302.0,Census Tract 1403.02,48326.0,42.700412,-83.270784,True
M.B.Samsung_MI_1,Manufacturing,Samsung SDI America Inc.,Batteries,Modules,Clean Tech Manufacturing,Expansion,Operating,42.645873,2022-09-24,MI,"4121 N Atlantic Blvd, Auburn Hills, MI 48326",2611.0,MI-11,Gary Peters,Democratic,Elissa Slotkin,Democratic,Haley Stevens,Democratic,125.0,26125.0,981400.0,26125981400.0,Census Tract 9814,125.0,26125.0,140302.0,26125140302.0,Census Tract 1403.02,48326.0,42.700412,-83.270784,True
M.B.Samsung_IN_0,Manufacturing,"Samsung SDI, General Motors",Batteries,Cells,Clean Tech Manufacturing,New,Under Construction,3572.760876,2023-04-25,IN,"New Carlisle, IN",1802.0,IN-02,Jim Banks,Republican,Todd C. Young,Republican,Rudy Yakym,Republican,141.0,18141.0,10800.0,18141010800.0,Census Tract 108,141.0,18141.0,10800.0,18141010800.0,Census Tract 108,46552.0,41.672203,-86.462468,True
M.B.Semcorp_OH_0,Manufacturing,SEMCORP,Batteries,EAM,Clean Tech Manufacturing,New,Under Construction,105.743767,2022-05-05,OH,"9461 SR-29, Sidney, OH  45365",3904.0,OH-04,Jon Husted,Republican,Bernie Moreno,Republican,Jim Jordan,Republican,149.0,39149.0,971700.0,39149971700.0,Census Tract 9717,149.0,39149.0,971700.0,39149971700.0,Census Tract 9717,45365.0,40.337,-84.2,True
M.B.Semcorp_OH_1,Manufacturing,SEMCORP,Batteries,EAM,Clean Tech Manufacturing,Expansion,Under Construction,862.869142,2022-05-05,OH,"9461 SR-29, Sidney, OH  45365",3904.0,OH-04,Jon Husted,Republican,Bernie Moreno,Republican,Jim Jordan,Republican,149.0,39149.0,971700.0,39149971700.0,Census Tract 9717,149.0,39149.0,971700.0,39149971700.0,Census Tract 9717,45365.0,40.337,-84.2,True
M.B.Sila_WA_0,Manufacturing,Sila Nanotechnologies,Batteries,EAM,Clean Tech Manufacturing,New,Operating,422.97507,2022-05-03,WA,"220 S Ash St, Moses Lake, WA  98837",5304.0,WA-04,Maria Cantwell,Democratic,Patty Murray,Democratic,Dan Newhouse,Republican,25.0,53025.0,11102.0,53025011102.0,Census Tract 111.02,25.0,53025.0,11100.0,53025011100.0,Census Tract 111,98837.0,47.13,-119.28,True
M.B.Sinova_TN_0,Manufacturing,Sinova Global,Batteries,EAM,Clean Tech Manufacturing,New,Under Construction,164.318652,2021-12-07,TN,"505 Church St, Tiptonville, TN  38079",4708.0,TN-08,Marsha Blackburn,Republican,Bill Hagerty,Republican,David Kustoff,Republican,95.0,47095.0,960100.0,47095960100.0,Census Tract 9601,95.0,47095.0,960100.0,47095960100.0,Census Tract 9601,38079.0,36.378,-89.48,True
M.B.Sion_AZ_0,Manufacturing,Sion Power,Batteries,"EAM, Cells",Clean Tech Manufacturing,Expansion,Under Construction,,2022-12-07,AZ,"2900 E. Elvira Road, Tucson, AZ 85756",407.0,AZ-07,Ruben Gallego,Democratic,Mark Kelly,Democratic,Adelita Grijalva,Democratic,19.0,4019.0,980002.0,4019980002.0,Census Tract 9800.02,19.0,4019.0,410502.0,4019410502.0,Census Tract 4105.02,85756.0,32.125937,-110.929518,True
M.B.SKEcoplant_KY_0,Manufacturing,"SK ecoplant, Ascend Elements",Batteries,EAM,Clean Tech Manufacturing,New,Canceled prior to operation,66.340084,2023-09-26,KY,"Hopkinsville, KY",,,,,,,,,,,,,,,,,,,,36.86624,-87.48605,False
M.B.SK_GA_0,Manufacturing,SK Innovation Co Ltd,Batteries,Cells,Clean Tech Manufacturing,New,Operating,1354.077108,2018-12-03,GA,"1523 Steve Reynolds Industrial Pkwy, Commerce, GA 30529",1309.0,GA-09,Jon Ossoff,Democratic,Raphael Warnock,Democratic,Andrew Clyde,Republican,157.0,13157.0,10300.0,13157010300.0,Census Tract 103,157.0,13157.0,10300.0,13157010300.0,Census Tract 103,30529.0,34.239582,-83.483466,True
M.B.SK_GA_1,Manufacturing,SK Innovation Co Ltd,Batteries,Cells,Clean Tech Manufacturing,New,Operating,1594.015478,2020-04-29,GA,"1523 Steve Reynolds Industrial Pkwy, Commerce, GA 30529",1309.0,GA-09,Jon Ossoff,Democratic,Raphael Warnock,Democratic,Andrew Clyde,Republican,157.0,13157.0,10300.0,13157010300.0,Census Tract 103,157.0,13157.0,10300.0,13157010300.0,Census Tract 103,30529.0,34.239582,-83.483466,True
M.B.Solid_CO_0,Manufacturing,Solid Power Inc.,Batteries,"EAM, Cells",Clean Tech Manufacturing,New,Operating,144.79037,2021-09-07,CO,"14902 Grant Street, Unit 120-140, Thorton, CO 80023",808.0,CO-08,Michael Bennet,Democratic,John Hickenlooper,Democratic,Gabe Evans,Republican,1.0,8001.0,60002.0,8001060002.0,Census Tract 600.02,1.0,8001.0,60000.0,8001060000.0,Census Tract 600,80023.0,39.9707,-104.9814,True
M.B.Solid_CO_1,Manufacturing,Solid Power Inc.,Batteries,Cells,Clean Tech Manufacturing,Expansion,Operating,22.869787,2018-09-10,CO,"486 S. Pierce Ave., Unit E, Louisville, CO 80027",802.0,CO-02,Michael Bennet,Democratic,John Hickenlooper,Democratic,Joe Neguse,Democratic,13.0,8013.0,60700.0,8013060700.0,Census Tract 607,13.0,8013.0,60700.0,8013060700.0,Census Tract 607,80027.0,39.963789,-105.121642,True
M.B.Solvay_GA_0,Manufacturing,"Solvay Specialty Polymers USA, LLC",Batteries,EAM,Clean Tech Manufacturing,New,Under Construction,877.454352,2022-10-19,GA,"3702 Clanton Road, Augusta, GA 30906",1312.0,GA-12,Jon Ossoff,Democratic,Raphael Warnock,Democratic,Rick Allen,Republican,245.0,13245.0,10706.0,13245010706.0,Census Tract 107.06,245.0,13245.0,10706.0,13245010706.0,Census Tract 107.06,30906.0,33.369569,-82.014972,True
M.B.Soulbrain_IN_0,Manufacturing,Soulbrain MI,Batteries,EAM,Clean Tech Manufacturing,New,Under Construction,77.422443,2022-12-13,IN,"2141 N. Touby Pike, Kokomo, IN 46901",1805.0,IN-05,Jim Banks,Republican,Todd C. Young,Republican,Victoria Spartz,Republican,67.0,18067.0,10202.0,18067010202.0,Census Tract 102.02,67.0,18067.0,10200.0,18067010200.0,Census Tract 102,46901.0,40.51134,-86.10187,True
M.B.Sparkz_CA_0,Manufacturing,Sparkz,Batteries,"EAM, Cells, Modules",Clean Tech Manufacturing,New,Operating,754.931631,2022-02-01,CA,"275 S K St, Livermore, CA  94550",614.0,CA-14,Alex Padilla,Democratic,Adam Schiff,Democratic,Eric Swalwell,Democratic,1.0,6001.0,451601.0,6001451601.0,Census Tract 4516.01,1.0,6001.0,451601.0,6001451601.0,Census Tract 4516.01,94550.0,37.68,-121.77,True
M.B.Sparkz_WV_0,Manufacturing,Sparkz,Batteries,"EAM, Cells",Clean Tech Manufacturing,New,Announced,34.290162,2022-03-17,WV,"1211 AFG Road, Bridgeport, WV 26330",5402.0,WV-02,Shelley Moore Capito,Republican,Jim Justice,Republican,Riley Moore,Republican,91.0,54091.0,964800.0,54091964800.0,Census Tract 9648,91.0,54091.0,964800.0,54091964800.0,Census Tract 9648,26424.0,39.286138,-80.182577,True
M.B.Sunlight_NC_0,Manufacturing,Sunlight Batteries USA,Batteries,Modules,Clean Tech Manufacturing,New,Operating,11.345646,2019-12-01,NC,"4755 McConnell Center Dr Suite A, Greensboro, NC 27405",3709.0,NC-09,Ted Budd,Republican,Thom Tillis,Republican,Richard Hudson,Republican,81.0,37081.0,17200.0,37081017200.0,Census Tract 172,81.0,37081.0,17200.0,37081017200.0,Census Tract 172,27405.0,36.057224,-79.693545,True
M.B.Sunlight_NC2_0,Manufacturing,Sunlight Batteries USA,Batteries,Modules,Clean Tech Manufacturing,New,Under Construction,41.60573,2022-09-07,NC,"2001 Senator Ralph Scott Pkwy, Mebane, NC 27302",3709.0,NC-09,Ted Budd,Republican,Thom Tillis,Republican,Richard Hudson,Republican,1.0,37001.0,21204.0,37001021204.0,Census Tract 212.04,1.0,37001.0,21204.0,37001021204.0,Census Tract 212.04,27302.0,36.06199,-79.30738,True
M.B.Superior_KY_0,Manufacturing,Superior Graphite,Batteries,EAM,Clean Tech Manufacturing,New,Announced,183.741988,2023-06-09,KY,"4021 Calvin Dr, Hopkinsville, KY 42240",2101.0,KY-01,Mitch McConnell,Republican,Rand Paul,Republican,James Comer Jr.,Republican,47.0,21047.0,200300.0,21047200300.0,Census Tract 2003,47.0,21047.0,200300.0,21047200300.0,Census Tract 2003,42240.0,36.83896,-87.46294,True
M.B.Statevolt_CA_0,Manufacturing,Statevolt,Batteries,Cells,Clean Tech Manufacturing,New,Announced,4229.750696,2022-04-19,CA,"2029 Century Park East Suite 400N, Los Angeles, CA 90067",637.0,CA-37,Alex Padilla,Democratic,Adam Schiff,Democratic,Sydney Kamlager-Dove,Democratic,37.0,6037.0,267901.0,6037267901.0,Census Tract 2679.01,37.0,6037.0,267901.0,6037267901.0,Census Tract 2679.01,90067.0,34.059594,-118.413923,True
M.B.Stellantis_IL_0,Manufacturing,Stellantis,Batteries,Modules,Clean Tech Manufacturing,Restart,Canceled prior to operation,3251.743969,2023-11-03,IL,"3000 W Chrysler Dr, Belvidere, IL 61008",1716.0,IL-16,Tammy Duckworth,Democratic,Dick Durbin,Democratic,Darin LaHood,Republican,7.0,17007.0,10400.0,17007010400.0,Census Tract 104,7.0,17007.0,10400.0,17007010400.0,Census Tract 104,61008.0,42.23696,-88.87069,True
M.B.Stellantis_IN_0,Manufacturing,"Stellantis, Samsung SDI Co Ltd",Batteries,"Cells, Modules",Clean Tech Manufacturing,New,Operating,2643.594185,2022-05-24,IN,"1101–1147 N Main St, Kokomo, IN  46901",1805.0,IN-05,Jim Banks,Republican,Todd C. Young,Republican,Victoria Spartz,Republican,67.0,18067.0,200.0,18067000200.0,Census Tract 2,67.0,18067.0,200.0,18067000200.0,Census Tract 2,46901.0,40.49554,-86.131015,True
M.B.Stellantis_IN2_0,Manufacturing,"Stellantis, Samsung SDI Co Ltd",Batteries,"Cells, Modules",Clean Tech Manufacturing,New,Announced,3265.973343,2023-07-24,IN,"1101–1147 N Main St, Kokomo, IN  46901",1805.0,IN-05,Jim Banks,Republican,Todd C. Young,Republican,Victoria Spartz,Republican,67.0,18067.0,200.0,18067000200.0,Census Tract 2,67.0,18067.0,200.0,18067000200.0,Census Tract 2,46901.0,40.49554,-86.131015,True
M.B.Syrah_LA_0,Manufacturing,Syrah Technologies,Batteries,AAM,Clean Tech Manufacturing,New,Operating,225.401016,2022-02-15,LA,"2001 D A Biglane Rd, Vidalia, LA 71373",2205.0,LA-05,Bill Cassidy,Republican,John Neely Kennedy,Republican,Julia Letlow,Republican,29.0,22029.0,300.0,22029000300.0,Census Tract 3,29.0,22029.0,300.0,22029000300.0,Census Tract 3,71373.0,31.548077,-91.487086,True
M.B.Tesla_CA_0,Manufacturing,Tesla Inc,Batteries,Cells,Clean Tech Manufacturing,New,Operating,525.89564,2020-03-31,CA,"4680 Kato Road, Fremont, CA 94538",617.0,CA-17,Alex Padilla,Democratic,Adam Schiff,Democratic,Ro Khanna,Democratic,1.0,6001.0,441503.0,6001441503.0,Census Tract 4415.03,1.0,6001.0,441503.0,6001441503.0,Census Tract 4415.03,94538.0,37.481504,-121.933849,True
M.B.Tesla_CA2_0,Manufacturing,Tesla Inc,Batteries,Cells,Clean Tech Manufacturing,New,Under Construction,1051.791281,2023-06-09,CA,"48401 Fremont Blvd., Fremont, CA 94538",617.0,CA-17,Alex Padilla,Democratic,Adam Schiff,Democratic,Ro Khanna,Democratic,1.0,6001.0,441503.0,6001441503.0,Census Tract 4415.03,1.0,6001.0,441503.0,6001441503.0,Census Tract 4415.03,94538.0,37.465056,-121.932645,True
M.B.Tesla_NV_1,Manufacturing,"Tesla Inc, Panasonic Corp",Batteries,"Cells, Modules",Clean Tech Manufacturing,Expansion,Operating,2996.183811,2018-01-01,NV,"Electric Avenue, Sparks, NV 89434",3202.0,NV-02,Catherine Cortez Masto,Democratic,Jacky Rosen,Democratic,Mark Amodei,Republican,29.0,32029.0,970200.0,32029970200.0,Census Tract 9702,29.0,32029.0,970200.0,32029970200.0,Census Tract 9702,89434.0,39.537778,-119.439104,True
M.B.Tesla_NV_2,Manufacturing,"Tesla Inc, Panasonic Corp",Batteries,"Cells, Modules",Clean Tech Manufacturing,Expansion,Under Construction,2754.442572,2023-01-24,NV,"Electric Avenue, Sparks, NV 89434",3202.0,NV-02,Catherine Cortez Masto,Democratic,Jacky Rosen,Democratic,Mark Amodei,Republican,29.0,32029.0,970200.0,32029970200.0,Census Tract 9702,29.0,32029.0,970200.0,32029970200.0,Census Tract 9702,89434.0,39.537778,-119.439104,True
M.B.Tesla_NV_3,Manufacturing,Tesla,Batteries,"Cells, Modules",Clean Tech Manufacturing,Expansion,Under Construction,1484.109027,2024-01-31,NV,"Electric Avenue, Sparks, NV 89434",3202.0,NV-02,Catherine Cortez Masto,Democratic,Jacky Rosen,Democratic,Mark Amodei,Republican,29.0,32029.0,970200.0,32029970200.0,Census Tract 9702,29.0,32029.0,970200.0,32029970200.0,Census Tract 9702,89434.0,39.537778,-119.439104,True
M.B.Tesla_TX_0,Manufacturing,Tesla Inc.,Batteries,Cells,Clean Tech Manufacturing,New,Operating,375.420321,2020-05-15,TX,"13101 Tesla Drive, Austin, TX 78725",4835.0,TX-35,John Cornyn,Republican,Ted Cruz,Republican,Greg Casar,Democratic,453.0,48453.0,2216.0,48453002216.0,Census Tract 22.16,453.0,48453.0,2207.0,48453002207.0,Census Tract 22.07,78725.0,30.231341,-97.614058,True
M.B.Tesla_TX_1,Manufacturing,Tesla Inc.,Batteries,Modules,Clean Tech Manufacturing,Expansion,Operating,43.356966,2023-01-10,TX,"13101 Tesla Drive, Austin, TX 78725",4835.0,TX-35,John Cornyn,Republican,Ted Cruz,Republican,Greg Casar,Democratic,453.0,48453.0,2216.0,48453002216.0,Census Tract 22.16,453.0,48453.0,2207.0,48453002207.0,Census Tract 22.07,78725.0,30.231341,-97.614058,True
M.B.Tesla_TX_2,Manufacturing,Tesla Inc.,Batteries,EAM,Clean Tech Manufacturing,New,Operating,265.242618,2022-02-03,TX,"13101 Tesla Drive, Austin, TX 78725",4835.0,TX-35,John Cornyn,Republican,Ted Cruz,Republican,Greg Casar,Democratic,453.0,48453.0,2216.0,48453002216.0,Census Tract 22.16,453.0,48453.0,2207.0,48453002207.0,Census Tract 22.07,78725.0,30.231341,-97.614058,True
M.B.Toyota_NC_0,Manufacturing,Toyota,Batteries,"Cells, Modules",Clean Tech Manufacturing,New,Operating,1424.094982,2021-10-18,NC,"151 NC-49, Liberty, NC  27298",3709.0,NC-09,Ted Budd,Republican,Thom Tillis,Republican,Richard Hudson,Republican,151.0,37151.0,31200.0,37151031200.0,Census Tract 312,151.0,37151.0,31200.0,37151031200.0,Census Tract 312,27298.0,35.852,-79.57,True
M.B.Toyota_NC_1,Manufacturing,Toyota,Batteries,"Cells, Modules",Clean Tech Manufacturing,Expansion,Operating,2600.358111,2022-08-31,NC,"151 NC-49, Liberty, NC  27298",3709.0,NC-09,Ted Budd,Republican,Thom Tillis,Republican,Richard Hudson,Republican,151.0,37151.0,31200.0,37151031200.0,Census Tract 312,151.0,37151.0,31200.0,37151031200.0,Census Tract 312,27298.0,35.852,-79.57,True
M.B.Toyota_NC_2,Manufacturing,Toyota,Batteries,"Cells, Modules",Clean Tech Manufacturing,Expansion,Operating,2143.656526,2023-05-31,NC,"151 NC-49, Liberty, NC  27298",3709.0,NC-09,Ted Budd,Republican,Thom Tillis,Republican,Richard Hudson,Republican,151.0,37151.0,31200.0,37151031200.0,Census Tract 312,151.0,37151.0,31200.0,37151031200.0,Census Tract 312,27298.0,35.852,-79.57,True
M.B.Toyota_NC_3,Manufacturing,Toyota,Batteries,"Cells, Modules",Clean Tech Manufacturing,Expansion,Operating,8129.359922,2023-11-04,NC,"151 NC-49, Liberty, NC  27298",3709.0,NC-09,Ted Budd,Republican,Thom Tillis,Republican,Richard Hudson,Republican,151.0,37151.0,31200.0,37151031200.0,Census Tract 312,151.0,37151.0,31200.0,37151031200.0,Census Tract 312,27298.0,35.852,-79.57,True
M.B.UBE_LA_0,Manufacturing,UBE Corporation,Batteries,EAM,Clean Tech Manufacturing,New,Under Construction,507.085657,2024-02-29,LA,"10800 River Rd, Avondale, LA 70094",2202.0,LA-02,Bill Cassidy,Republican,John Neely Kennedy,Republican,Troy Carter,Democratic,51.0,22051.0,27501.0,22051027501.0,Census Tract 275.01,51.0,22051.0,27501.0,22051027501.0,Census Tract 275.01,70094.0,29.956521,-90.266301,True
M.B.Ultium_MI_0,Manufacturing,Ultium Cells LLC,Batteries,Cells,Clean Tech Manufacturing,New,Under Construction,2804.031774,2022-01-01,MI,"7111 Davis Hwy, Lansing, MI 48917",2607.0,MI-07,Gary Peters,Democratic,Elissa Slotkin,Democratic,Tom Barrett,Republican,45.0,26045.0,20302.0,26045020302.0,Census Tract 203.02,45.0,26045.0,20302.0,26045020302.0,Census Tract 203.02,48917.0,42.685143,-84.693225,True
M.B.Ultium_OH_0,Manufacturing,Ultium Cells LLC,Batteries,Cells,Clean Tech Manufacturing,New,Operating,2602.411315,2020-03-05,OH,"7400 Tod Ave SW, Warren, OH 44481",3914.0,OH-14,Jon Husted,Republican,Bernie Moreno,Republican,David Joyce,Republican,155.0,39155.0,933400.0,39155933400.0,Census Tract 9334,155.0,39155.0,933400.0,39155933400.0,Census Tract 9334,44481.0,41.152251,-80.860397,True
M.B.Ultium_TN_0,Manufacturing,Ultium Cells LLC,Batteries,Cells,Clean Tech Manufacturing,New,Operating,2586.554438,2021-04-01,TN,"100 Saturn Pkwy, Spring Hill, TN 37174",4705.0,TN-05,Marsha Blackburn,Republican,Bill Hagerty,Republican,Andy Ogles,Republican,119.0,47119.0,10201.0,47119010201.0,Census Tract 102.01,119.0,47119.0,10201.0,47119010201.0,Census Tract 102.01,37174.0,35.743223,-86.957363,True
M.B.Ultium_TN_1,Manufacturing,Ultium Cells LLC,Batteries,Cells,Clean Tech Manufacturing,Expansion,Operating,283.882291,2022-12-02,TN,"100 Saturn Pkwy, Spring Hill, TN 37174",4705.0,TN-05,Marsha Blackburn,Republican,Bill Hagerty,Republican,Andy Ogles,Republican,119.0,47119.0,10201.0,47119010201.0,Census Tract 102.01,119.0,47119.0,10201.0,47119010201.0,Census Tract 102.01,37174.0,35.743223,-86.957363,True
M.B.Vingroup_NC_0,Manufacturing,Vingroup,Batteries,"Cells, Modules",Clean Tech Manufacturing,New,Under Construction,1674.165041,2022-03-29,NC,"Chatham County's Triangle Innovation Point, NC",3709.0,NC-09,Ted Budd,Republican,Thom Tillis,Republican,Richard Hudson,Republican,37.0,37037.0,20300.0,37037020300.0,Census Tract 203,37.0,37037.0,20300.0,37037020300.0,Census Tract 203,27355.0,35.7547,-79.5252,True
M.B.Xerion_OH_0,Manufacturing,Xerion Advanced Battery Corp,Batteries,EAM,Clean Tech Manufacturing,Restart,Operating,23.825856,2019-12-13,OH,"250 Northwoods Blvd, Vandalia, OH 45377",3910.0,OH-10,Jon Husted,Republican,Bernie Moreno,Republican,Michael Turner,Republican,113.0,39113.0,115011.0,39113115011.0,Census Tract 1150.11,113.0,39113.0,115011.0,39113115011.0,Census Tract 1150.11,45377.0,39.899899,-84.193603,True
M.B.Zinc8_NY_0,Manufacturing,Zinc8 Energy Solutions,Batteries,"Cells, Modules",Clean Tech Manufacturing,New,Announced,34.685573,2023-01-28,NY,"Ulster County, NY",,,,,,,,,,,,,,,,,,,,41.9437,-74.30399,False
M.B.Amprius_CA_0,Manufacturing,Amprius Technologies,Batteries,EAM,Clean Tech Manufacturing,Expansion,Operating,,2023-09-18,CA,"1180 Page Ave, Fremont, CA 94538",617.0,CA-17,Alex Padilla,Democratic,Adam Schiff,Democratic,Ro Khanna,Democratic,1.0,6001.0,441503.0,6001441503.0,Census Tract 4415.03,1.0,6001.0,441503.0,6001441503.0,Census Tract 4415.03,94538.0,37.46814,-121.92595,True
M.B.Starz_CA_0,Manufacturing,Starz Electronics,Batteries,EAM,Clean Tech Manufacturing,New,Announced,,2023-12-15,CA,"43200 Business Park Dr, Temecula, CA 92590",648.0,CA-48,Alex Padilla,Democratic,Adam Schiff,Democratic,Darrell Issa,Republican,65.0,6065.0,51200.0,6065051200.0,Census Tract 512,65.0,6065.0,51200.0,6065051200.0,Census Tract 512,92590.0,33.5032,-117.1633,True
M.B.WisconsinBattery_WI_0,Manufacturing,Wisconsin Battery Company,Batteries,Modules,Clean Tech Manufacturing,New,Canceled prior to operation,,2024-01-11,WI,"Portage, WI",,,,,,,,,,,,,,,,,,,,43.53951,-89.46563,False
M.B.TAB_MO_0,Manufacturing,TAB USA,Batteries,Modules,Clean Tech Manufacturing,New,Operating,20.283426,2024-01-19,MO,"US-69 &, S Liberty Pkwy, Liberty, MO 64068",2906.0,MO-06,Josh Hawley,Republican,Eric Schmitt,Republican,Sam Graves,Republican,47.0,29047.0,20802.0,29047020802.0,Census Tract 208.02,47.0,29047.0,22302.0,29047022302.0,Census Tract 223.02,64068.0,39.21625,-94.47111,True
M.B.LAND_OH_0,Manufacturing,LAND Energy,Batteries,Modules,Clean Tech Manufacturing,Expansion,Operating,3.042514,2024-01-16,OH,"1265 W 65th St, Cleveland, OH 44102",3911.0,OH-11,Jon Husted,Republican,Bernie Moreno,Republican,Shontel Brown,Democratic,35.0,39035.0,197500.0,39035197500.0,Census Tract 1975,35.0,39035.0,103100.0,39035103100.0,Census Tract 1031,44102.0,41.48745,-81.72989,True
M.B.Nxu_AZ2_0,Manufacturing,Nxu Inc.,Batteries,"Cells, Modules",Clean Tech Manufacturing,New,Operating,,2023-07-05,AZ,"63 S. Rockford Drive in Tempe, AZ",404.0,AZ-04,Ruben Gallego,Democratic,Mark Kelly,Democratic,Greg Stanton,Democratic,13.0,4013.0,318400.0,4013318400.0,Census Tract 3184,13.0,4013.0,318400.0,4013318400.0,Census Tract 3184,85281.0,33.43222,-111.89752,True
M.B.Nanograf_IL2_0,Manufacturing,NanoGraf,Batteries,EAM,Clean Tech Manufacturing,New,Operating,10.141713,2024-03-07,IL,"455 N Ashland Ave, Chicago, IL 60622",1707.0,IL-07,Tammy Duckworth,Democratic,Dick Durbin,Democratic,Danny K. Davis,Democratic,31.0,17031.0,243300.0,17031243300.0,Census Tract 2433,31.0,17031.0,243300.0,17031243300.0,Census Tract 2433,60622.0,41.89048,-87.6668,True
M.B.Ascend_MA_0,Manufacturing,Ascend Elements,Batteries,EAM,Clean Tech Manufacturing,Expansion,Operating,,2023-09-12,MA,"133 Flanders Rd, Westborough, MA 01581",2502.0,MA-02,Edward J. Markey,Democratic,Elizabeth Warren,Democratic,Jim McGovern,Democratic,27.0,25027.0,761200.0,25027761200.0,Census Tract 7612,27.0,25027.0,761200.0,25027761200.0,Census Tract 7612,1581.0,42.27521,-71.57139,True
M.B.Soelect_NC_0,Manufacturing,Soelect,Batteries,EAM,Clean Tech Manufacturing,New,Operating,,2022-02-08,NC,"4355 Federal Dr, Greensboro, NC 27410",3706.0,NC-06,Ted Budd,Republican,Thom Tillis,Republican,Addison McDowell,Republican,81.0,37081.0,16406.0,37081016406.0,Census Tract 164.06,81.0,37081.0,16406.0,37081016406.0,Census Tract 164.06,27410.0,36.06463,-79.95179,True
M.B.Nikola_AZ_0,Manufacturing,Nikola,Batteries,Modules,Clean Tech Manufacturing,New,Operating,,2023-01-13,AZ,"680 E Houser Rd, Coolidge, AZ 85128",402.0,AZ-02,Ruben Gallego,Democratic,Mark Kelly,Democratic,Eli Crane,Republican,21.0,4021.0,802.0,4021000802.0,Census Tract 8.02,21.0,4021.0,802.0,4021000802.0,Census Tract 8.02,85131.0,32.77911,-111.50688,True
M.B.Orion_TX_0,Manufacturing,Orion SA,Batteries,EAM,Clean Tech Manufacturing,New,Under Construction,137.466898,2022-05-05,TX,"11811 Strang Rd, La Porte, TX 77571",4836.0,TX-36,John Cornyn,Republican,Ted Cruz,Republican,Brian Babin,Republican,201.0,48201.0,343601.0,48201343601.0,Census Tract 3436.01,201.0,48201.0,343600.0,48201343600.0,Census Tract 3436,77571.0,29.703538,-95.049529,True
M.B.GreenLiIon_OK_0,Manufacturing,Green Li-Ion,Batteries,EAM,Clean Tech Manufacturing,New,Operating,4.114288,2023-09-20,OK,"Atoka, OK, 74525",4002.0,OK-02,James Lankford,Republican,Markwayne Mullin,Republican,Josh Brecheen,Republican,5.0,40005.0,587700.0,40005587700.0,Census Tract 5877,5.0,40005.0,587700.0,40005587700.0,Census Tract 5877,74525.0,34.38664,-96.12902,True
M.B.Ion_MD_0,Manufacturing,Ion Storage Systems,Batteries,Cells,Clean Tech Manufacturing,Expansion,Under Construction,74.205451,2024-05-07,MD,"12500 Baltimore Ave d, Beltsville, MD 20705",2404.0,MD-04,Angela Alsobrooks,Democratic,Chris Van Hollen,Democratic,Glenn Ivey,Democratic,33.0,24033.0,807408.0,24033807408.0,Census Tract 8074.08,33.0,24033.0,807408.0,24033807408.0,Census Tract 8074.08,20705.0,39.06205,-76.88732,True
M.B.ZincFive_OR_0,Manufacturing,ZincFive,Batteries,Modules,Clean Tech Manufacturing,New,Under Construction,,2024-05-21,OR,"Tualatin, OR",,,,,,,,,,,,,,,,,,,,45.38129,-122.76456,False
M.B.NuEnergy_SC_0,Manufacturing,NuEnergy,Batteries,EAM,Clean Tech Manufacturing,New,Operating,11.087916,2024-06-18,SC,"564 Ecology Ln, Chester, SC 29706",4505.0,SC-05,Lindsey Graham,Republican,Tim Scott,Republican,Ralph Norman,Republican,23.0,45023.0,20602.0,45023020602.0,Census Tract 206.02,23.0,45023.0,20602.0,45023020602.0,Census Tract 206.02,29706.0,34.70821,-81.13785,True
M.B.Capchem_LA_0,Manufacturing,Capchem,Batteries,EAM,Clean Tech Manufacturing,New,Announced,352.797334,2024-05-20,LA,"Ascension Parish, LA",,,,,,,,,,,,,,,,,,,,30.232697,-90.911762,False
M.B.PacketDigital_ND_0,Manufacturing,Packet Digital,Batteries,Cells,Clean Tech Manufacturing,New,Under Construction,11.155884,2024-02-22,ND,"1358 39th St N, Fargo, ND 58102",3800.0,ND-00,Kevin Cramer,Republican,John Hoeven,Republican,Julie Fedorchak,Republican,17.0,38017.0,10107.0,38017010107.0,Census Tract 101.07,17.0,38017.0,10107.0,38017010107.0,Census Tract 101.07,58102.0,46.8945,-96.84592,True
M.B.ESS_OR_0,Manufacturing,ESS Inc.,Batteries,Modules,Clean Tech Manufacturing,Expansion,Under Construction,50.399619,2024-06-28,OR,"26440 SW Parkway Ave, Wilsonville, OR 97070",4106.0,OR-06,Jeff Merkley,Democratic,Ron Wyden,Democratic,Andrea Salinas,Democratic,5.0,41005.0,24402.0,41005024402.0,Census Tract 244.02,5.0,41005.0,24400.0,41005024400.0,Census Tract 244,97070.0,45.32717,-122.76304,True
M.B.Foxlink_AZ_0,Manufacturing,Foxlink,Batteries,Modules,Clean Tech Manufacturing,Expansion,Operating,10.784738,2022-02-11,AZ,"2140 W Pinnacle Peak Rd., Phoenix AZ 85027",408.0,AZ-08,Ruben Gallego,Democratic,Mark Kelly,Democratic,Abraham Hamadeh,Republican,13.0,4013.0,612301.0,4013612301.0,Census Tract 6123.01,13.0,4013.0,612300.0,4013612300.0,Census Tract 6123,85085.0,33.70271,-112.10584,True
M.B.Vanadium_AR_0,Manufacturing,US Vanadium,Batteries,EAM,Clean Tech Manufacturing,Expansion,Operating,2.338921,2021-09-08,AR,"4285 Malvern Rd, Hot Springs, AR 71901",504.0,AR-04,John Boozman,Republican,Tom Cotton,Republican,Bruce Westerman,Republican,51.0,5051.0,10501.0,5051010501.0,Census Tract 105.01,51.0,5051.0,10500.0,5051010500.0,Census Tract 105,71901.0,34.46942,-92.96795,True
M.B.Hithium_TX_0,Manufacturing,Hithium,Batteries,Modules,Clean Tech Manufacturing,New,Operating,200.487712,2024-07-12,TX,"Mesquite, TX",,,,,,,,,,,,,,,,,,,,32.7674,-96.59759,False
M.B.Echandia_WA_0,Manufacturing,Echandia,Batteries,Modules,Clean Tech Manufacturing,New,Operating,,2024-07-21,WA,"15908 47th Ave NE, Marysville, WA 98271",5301.0,WA-01,Maria Cantwell,Democratic,Patty Murray,Democratic,Suzan DelBene,Democratic,61.0,53061.0,52803.0,53061052803.0,Census Tract 528.03,61.0,53061.0,52803.0,53061052803.0,Census Tract 528.03,98271.0,48.13956,-122.16932,True
M.B.Natron_NC_0,Manufacturing,Natron Energy,Batteries,Modules,Clean Tech Manufacturing,New,Canceled prior to operation,1403.413987,2024-08-14,NC,"Kingsboro Business Park, NC 27801",3701.0,NC-01,Ted Budd,Republican,Thom Tillis,Republican,Donald Davis,Democratic,65.0,37065.0,21300.0,37065021300.0,Census Tract 213,65.0,37065.0,21300.0,37065021300.0,Census Tract 213,27801.0,35.91777,-77.67136,True
M.B.Fenecon_SC_0,Manufacturing,Fenecon,Batteries,Modules,Clean Tech Manufacturing,New,Operating,1.503658,2024-07-17,SC,"315 Tanner Price Wy, Greenville, SC 29615",4504.0,SC-04,Lindsey Graham,Republican,Tim Scott,Republican,William Timmons,Republican,45.0,45045.0,2820.0,45045002820.0,Census Tract 28.20,45.0,45045.0,2808.0,45045002808.0,Census Tract 28.08,29615.0,34.85547,-82.26374,True
M.B.6KAdditives_PA_0,Manufacturing,6K Additives,Batteries,EAM,Clean Tech Manufacturing,Expansion,Under Construction,51.614962,2022-10-31,PA,"541 Steubenville Pike, Burgettstown, PA 15021",4214.0,PA-14,John Fetterman,Democratic,David McCormick,Republican,Guy Reschenthaler,Republican,125.0,42125.0,711000.0,42125711000.0,Census Tract 7110,125.0,42125.0,711000.0,42125711000.0,Census Tract 7110,15021.0,40.41293,-80.48045,True
M.B.ToyotaMaterial_NY_0,Manufacturing,Toyota Material Handling,Batteries,Modules,Clean Tech Manufacturing,New,Operating,15.638042,2024-09-09,NY,"196 Corporate Dr, Binghamton, NY 13904",3619.0,NY-19,Kirsten Gillibrand,Democratic,Chuck Schumer,Democratic,Josh Riley,Democratic,7.0,36007.0,12600.0,36007012600.0,Census Tract 126,7.0,36007.0,12600.0,36007012600.0,Census Tract 126,13795.0,42.10369,-75.81558,True
M.B.Enzinc_CA_0,Manufacturing,Enzinc,Batteries,EAM,Clean Tech Manufacturing,New,Operating,1.804389,2024-09-18,CA,"1960 Mandela Pkwy, Oakland, CA 94607",612.0,CA-12,Alex Padilla,Democratic,Adam Schiff,Democratic,Lateefah Simon,Democratic,1.0,6001.0,410500.0,6001410500.0,Census Tract 4105,1.0,6001.0,410500.0,6001410500.0,Census Tract 4105,94607.0,37.814681,-122.288743,True
M.B.ABTC_SC_0,Manufacturing,American Battery Technology Company,Batteries,EAM,Clean Tech Manufacturing,New,Announced,144.351153,2024-09-20,SC,SC,,,,,,,,,,,,,,,,,,,,33.9429,-80.52404,False
M.B.Forge_NC_1,Manufacturing,Forge Nano,Batteries,Cells,Clean Tech Manufacturing,Expansion,Announced,240.585255,2024-09-20,NC,"401 Southport Dr, Morrisville, NC 27560",3704.0,NC-04,Ted Budd,Republican,Thom Tillis,Republican,Valerie Foushee,Democratic,183.0,37183.0,53609.0,37183053609.0,Census Tract 536.09,183.0,37183.0,53609.0,37183053609.0,Census Tract 536.09,27560.0,35.836565,-78.81521,True
M.B.MitraChem_MI_0,Manufacturing,Mitra Chem,Batteries,EAM,Clean Tech Manufacturing,New,Announced,125.30482,2024-09-20,MI,"Muskegon, MI",,,,,,,,,,,,,,,,,,,,43.23526,-86.24795,False
M.B.NanoGraf_MI_0,Manufacturing,NanoGraf,Batteries,EAM,Clean Tech Manufacturing,New,Announced,175.426748,2024-09-20,MI,"2201 Industrial Ave, Flint, MI 48505",2608.0,MI-08,Gary Peters,Democratic,Elissa Slotkin,Democratic,Kristen McDonald Rivet,Democratic,49.0,26049.0,13600.0,26049013600.0,Census Tract 136,49.0,26049.0,13600.0,26049013600.0,Census Tract 136,48505.0,43.036382,-83.688902,True
M.B.Mobis_OH_0,Manufacturing,Mobis North America,Batteries,Modules,Clean Tech Manufacturing,Expansion,Under Construction,32.579253,2024-07-11,OH,"Toledo Trade Center Building 1, 5901 Skyview Dr, Toledo, OH 43612",3909.0,OH-09,Jon Husted,Republican,Bernie Moreno,Republican,Marcy Kaptur,Democratic,95.0,39095.0,5705.0,39095005705.0,Census Tract 57.05,95.0,39095.0,5702.0,39095005702.0,Census Tract 57.02,43612.0,41.72573,-83.53718,True
M.B.GreenNewEnergy_NC_0,Manufacturing,Green New Energy Materials,Batteries,EAM,Clean Tech Manufacturing,New,Operating,141.118934,2024-05-02,NC,"1011 Lincoln Commerce Ct, Denver, NC 28037",3710.0,NC-10,Ted Budd,Republican,Thom Tillis,Republican,Pat Harrigan,Republican,109.0,37109.0,71101.0,37109071101.0,Census Tract 711.01,109.0,37109.0,71101.0,37109071101.0,Census Tract 711.01,28037.0,35.460301,-81.012579,True
M.B.Sepion_CA_0,Manufacturing,Sepion,Batteries,EAM,Clean Tech Manufacturing,New,Announced,0.281801,2024-10-03,CA,"West Sacramento, CA",,,,,,,,,,,,,,,,,,,,38.577329,-121.494118,False
M.B.Lyten_NV_0,Manufacturing,Lyten,Batteries,"EAM, Cells",Clean Tech Manufacturing,New,Announced,998.642666,2024-10-15,NV,"13005 Moya Blvd, Reno, NV 89506",3202.0,NV-02,Catherine Cortez Masto,Democratic,Jacky Rosen,Democratic,Mark Amodei,Republican,31.0,32031.0,980100.0,32031980100.0,Census Tract 9801,31.0,32031.0,980100.0,32031980100.0,Census Tract 9801,89506.0,39.65962,-119.89656,True
M.B.Anthro_KY_0,Manufacturing,Anthro Energy,Batteries,EAM,Clean Tech Manufacturing,New,Announced,41.942992,2024-10-25,KY,"Louisville, KY",,,,,,,,,,,,,,,,,,,,38.24553,-85.77021,False
M.B.Moment_TX_0,Manufacturing,Moment Energy,Batteries,Modules,Clean Tech Manufacturing,New,Announced,29.95928,2024-10-23,TX,"Taylor, TX 76574",,,,,,,,,,,,,,,,,,,,30.570683,-97.408452,False
M.B.Microporous_VA_0,Manufacturing,Microporous,Batteries,EAM,Clean Tech Manufacturing,New,Announced,1348.1676,2024-11-13,VA,"Berry Hill, Pittsylvania County, VA 24069",5105.0,VA-05,Tim Kaine,Democratic,Mark Warner,Democratic,John McGuire,Republican,143.0,51143.0,11100.0,51143011100.0,Census Tract 111,143.0,51143.0,11100.0,51143011100.0,Census Tract 111,24541.0,36.552657,-79.609099,True
M.B.Lyten_CA_0,Manufacturing,Lyten,Batteries,"EAM, Cells",Clean Tech Manufacturing,New,Announced,19.972853,2024-11-13,CA,"2020 Williams St, San Leandro, CA 94577",612.0,CA-12,Alex Padilla,Democratic,Adam Schiff,Democratic,Lateefah Simon,Democratic,1.0,6001.0,432400.0,6001432400.0,Census Tract 4324,1.0,6001.0,432400.0,6001432400.0,Census Tract 4324,94577.0,37.711997,-122.178897,True
M.B.Shelbyville_KY_0,Manufacturing,Shelbyville Battery Manufacturing,Batteries,"Cells, Modules",Clean Tech Manufacturing,New,Announced,711.033578,2024-11-15,KY,"3053 Squire Cir, Shelbyville, KY  40065",2104.0,KY-04,Mitch McConnell,Republican,Rand Paul,Republican,Thomas Massie,Republican,211.0,21211.0,40202.0,21211040202.0,Census Tract 402.02,211.0,21211.0,40200.0,21211040200.0,Census Tract 402,40065.0,38.22,-85.21,True
M.B.ICL_MO_1,Manufacturing,ICL Group,Batteries,EAM,Clean Tech Manufacturing,New,Canceled prior to operation,546.257538,2024-11-20,MO,"460 E St. Louis, MO 63147",2901.0,MO-01,Josh Hawley,Republican,Eric Schmitt,Republican,Wesley Bell,Democratic,510.0,29510.0,127000.0,29510127000.0,Census Tract 1270,510.0,29510.0,127000.0,29510127000.0,Census Tract 1270,63147.0,38.690745,-90.208592,True
M.B.Rincell_CA_0,Manufacturing,Rincell,Batteries,Cells,Clean Tech Manufacturing,New,Under Construction,3.007316,2024-08-07,CA,CA,,,,,,,,,,,,,,,,,,,,36.589009,-119.803908,False
M.B.Birla_SC_0,Manufacturing,Birla Carbon,Batteries,EAM,Clean Tech Manufacturing,New,Announced,998.642666,2024-10-08,SC,"4100 St Matthews Rd, Orangeburg, SC, 29118",4506.0,SC-06,Lindsey Graham,Republican,Tim Scott,Republican,James Clyburn,Democratic,75.0,45075.0,10803.0,45075010803.0,Census Tract 108.03,75.0,45075.0,10800.0,45075010800.0,Census Tract 108,29118.0,33.576414,-80.818978,True
M.B.Wanrun_SC_0,Manufacturing,Wanrun New Energy,Batteries,EAM,Clean Tech Manufacturing,New,Announced,84.204839,2024-09-24,SC,"Gaffney, SC",4505.0,SC-05,Lindsey Graham,Republican,Tim Scott,Republican,Ralph Norman,Republican,21.0,45021.0,970201.0,45021970201.0,Census Tract 9702.01,21.0,45021.0,970201.0,45021970201.0,Census Tract 9702.01,29340.0,35.072504,-81.650423,True
M.B.Novonix_TN_3,Manufacturing,Novonix,Batteries,EAM,Clean Tech Manufacturing,New,Announced,999.076515,2025-01-06,TN,"190 Still Hollow Loop Road, Chattanooga, TN 37416",,,,,,,,,,,,,,,,,,,,35.077715,-85.125656,False
M.B.LBC_FL_0,Manufacturing,Lithium Battery Company,Batteries,"Modules, Packs",Clean Tech Manufacturing,New,Operating,3.996306,2025-01-22,FL,"5201 S West Shore Blvd, Tampa, FL 33611",1214.0,FL-14,Ashley B. Moody,Republican,Rick Scott,Republican,Kathy Castor,Democratic,57.0,12057.0,7102.0,12057007102.0,Census Tract 71.02,57.0,12057.0,7102.0,12057007102.0,Census Tract 71.02,33611.0,27.889404,-82.527024,True
M.B.OctillionPowerSystems_NV_0,Manufacturing,Octillion Power Systems,Batteries,Modules,Clean Tech Manufacturing,New,Operating,68.580325,2024-07-22,NV,"880 N Hills Blvd, Reno, NV 89506",3202.0,NV-02,Catherine Cortez Masto,Democratic,Jacky Rosen,Democratic,Mark Amodei,Republican,31.0,32031.0,2623.0,32031002623.0,Census Tract 26.23,31.0,32031.0,2617.0,32031002617.0,Census Tract 26.17,89506.0,39.598277,-119.833164,True
M.B.Honda_OH_2,Manufacturing,Honda,Batteries,"Modules, Packs",Clean Tech Manufacturing,Expansion,Under Construction,49.953826,2025-01-29,OH,"24000 Honda Pkwy, Marysville, OH 43040",3904.0,OH-04,Jon Husted,Republican,Bernie Moreno,Republican,Jim Jordan,Republican,159.0,39159.0,50301.0,39159050301.0,Census Tract 503.01,159.0,39159.0,50301.0,39159050301.0,Census Tract 503.01,43040.0,40.276864,-83.506498,True
M.B.Honda_OH_1,Manufacturing,Honda,Batteries,"Modules, Packs",Clean Tech Manufacturing,Expansion,Under Construction,49.953826,2025-01-29,OH,"11000 OH-347, East Liberty, OH 43319",3904.0,OH-04,Jon Husted,Republican,Bernie Moreno,Republican,Jim Jordan,Republican,91.0,39091.0,4700.0,39091004700.0,Census Tract 47,91.0,39091.0,4700.0,39091004700.0,Census Tract 47,43067.0,40.32825,-83.55141,True
M.B.LG_MI_3,Manufacturing,LG,Batteries,"Cells, Modules",Clean Tech Manufacturing,Expansion,Operating,1398.707122,2025-02-25,MI,"1 LG Way, Holland, MI 49423",2604.0,MI-04,Gary Peters,Democratic,Elissa Slotkin,Democratic,Bill Huizenga,Republican,5.0,26005.0,32401.0,26005032401.0,Census Tract 324.01,5.0,26005.0,32401.0,26005032401.0,Census Tract 324.01,49423.0,42.755715,-86.069522,True
M.B.Tesla_TX_3,Manufacturing,Tesla,Batteries,Packs,Clean Tech Manufacturing,New,Under Construction,149.861477,2025-03-12,TX,"111 Empire Blvd, Brookshire, TX 77423",4810.0,TX-10,John Cornyn,Republican,Ted Cruz,Republican,Michael McCaul,Republican,473.0,48473.0,680202.0,48473680202.0,Census Tract 6802.02,473.0,48473.0,680200.0,48473680200.0,Census Tract 6802,77423.0,29.780017,-95.931413,True
M.B.Coreshell_CA_0,Manufacturing,Coreshell,Batteries,Cells,Clean Tech Manufacturing,New,Operating,0.593644,2024-12-11,CA,"2020 Williams St, San Leandro, CA 94577",612.0,CA-12,Alex Padilla,Democratic,Adam Schiff,Democratic,Lateefah Simon,Democratic,1.0,6001.0,432400.0,6001432400.0,Census Tract 4324,1.0,6001.0,432400.0,6001432400.0,Census Tract 4324,94577.0,37.712213,-122.179019,True
M.B.Stryten_GA_0,Manufacturing,Stryten Energy,Batteries,Modules,Clean Tech Manufacturing,Expansion,Under Construction,,2025-04-01,GA,"2130 Ronald Reagan Blvd, Cumming, GA 30041",1307.0,GA-07,Jon Ossoff,Democratic,Raphael Warnock,Democratic,Rich McCormick,Republican,117.0,13117.0,130512.0,13117130512.0,Census Tract 1305.12,117.0,13117.0,130510.0,13117130510.0,Census Tract 1305.10,30041.0,34.159675,-84.154167,True
M.B.EnerSys_KY_0,Manufacturing,EnerSys,Batteries,Modules,Clean Tech Manufacturing,Expansion,Under Construction,,2025-04-01,KY,"761 Eastern Bypass, Richmond, KY 40475",2106.0,KY-06,Mitch McConnell,Republican,Rand Paul,Republican,Andy Barr,Republican,151.0,21151.0,10500.0,21151010500.0,Census Tract 105,151.0,21151.0,10500.0,21151010500.0,Census Tract 105,40475.0,37.73407,-84.29283,True
M.B.EternityTechnologies_AZ_0,Manufacturing,Eternity Technologies,Batteries,Modules,Clean Tech Manufacturing,New,Announced,9.990765,2025-03-14,AZ,"1725 W Williams Dr, Phoenix, AZ 85027",401.0,AZ-01,Ruben Gallego,Democratic,Mark Kelly,Democratic,David Schweikert,Republican,13.0,4013.0,614700.0,4013614700.0,Census Tract 6147,13.0,4013.0,614700.0,4013614700.0,Census Tract 6147,85027.0,33.68972,-112.09603,True
M.B.DaimlerTruck_MI_0,Manufacturing,Daimler Truck North America,Batteries,"Cells, Modules, Packs",Clean Tech Manufacturing,Expansion,Under Construction,94.049767,2025-04-01,MI,"13400 Outer Dr W, Detroit, MI 48239",2612.0,MI-12,Gary Peters,Democratic,Elissa Slotkin,Democratic,Rashida Tlaib,Democratic,163.0,26163.0,981800.0,26163981800.0,Census Tract 9818,163.0,26163.0,555400.0,26163555400.0,Census Tract 5554,48239.0,42.37847,-83.26812,True
M.B.Solvay_WI_0,Manufacturing,Solvay,Batteries,EAM,Clean Tech Manufacturing,New,Operating,,2025-04-17,WI,"3408 McAllens Wy, Madison, WI 53718",5502.0,WI-02,Tammy Baldwin,Democratic,Ronald Harold Johnson,Republican,Mark Pocan,Democratic,25.0,55025.0,11407.0,55025011407.0,Census Tract 114.07,25.0,55025.0,11401.0,55025011401.0,Census Tract 114.01,53718.0,43.05166,-89.271385,True
M.B.BASF_PA_0,Manufacturing,BASF,Batteries,EAM,Clean Tech Manufacturing,Expansion,Operating,,2025-03-31,PA,"370 Frankfort Rd, Monaca, PA 15061",4217.0,PA-17,John Fetterman,Democratic,David McCormick,Republican,Chris Deluzio,Democratic,7.0,42007.0,605500.0,42007605500.0,Census Tract 6055,7.0,42007.0,605500.0,42007605500.0,Census Tract 6055,15061.0,40.66125,-80.34574,True
M.B.BASF_TN_0,Manufacturing,BASF,Batteries,EAM,Clean Tech Manufacturing,Expansion,Operating,,2025-03-31,TN,"2120 Polymer Drive, Chattanooga, Tennessee 37421",4703.0,TN-03,Marsha Blackburn,Republican,Bill Hagerty,Republican,Charles J. Fleischmann,Republican,65.0,47065.0,11445.0,47065011445.0,Census Tract 114.45,65.0,47065.0,11445.0,47065011445.0,Census Tract 114.45,37421.0,35.04575,-85.1928,True
M.B.Sparkz_CA_1,Manufacturing,Sparkz,Batteries,"EAM, Cells",Clean Tech Manufacturing,New,Operating,,2024-07-10,CA,"7120 Badiee Dr, Sacramento, CA 95835",606.0,CA-06,Alex Padilla,Democratic,Adam Schiff,Democratic,Ami Bera,Democratic,67.0,6067.0,7101.0,6067007101.0,Census Tract 71.01,67.0,6067.0,7101.0,6067007101.0,Census Tract 71.01,95835.0,38.681384,-121.562185,True
M.B.PureLithium_IL_0,Manufacturing,Pure Lithium,Batteries,Modules,Clean Tech Manufacturing,New,Operating,45.415334,2025-07-10,IL,"400 N Aberdeen St #525, Chicago, IL 60642",1707.0,IL-07,Tammy Duckworth,Democratic,Dick Durbin,Democratic,Danny K. Davis,Democratic,31.0,17031.0,243500.0,17031243500.0,Census Tract 2435,31.0,17031.0,243500.0,17031243500.0,Census Tract 2435,60642.0,41.88923,-87.65509,True
M.B.UltionTechnologies_NV_0,Manufacturing,Ultion Technologies,Batteries,Cells,Clean Tech Manufacturing,Expansion,Operating,,2025-07-15,NV,"6405 Pine St, Las Vegas, NV 89120",3203.0,NV-03,Catherine Cortez Masto,Democratic,Jacky Rosen,Democratic,Susie Lee,Democratic,3.0,32003.0,6900.0,32003006900.0,Census Tract 69,3.0,32003.0,6900.0,32003006900.0,Census Tract 69,89120.0,36.073181,-115.104945,True
M.B.Toyota_IN_0,Manufacturing,Toyota,Batteries,Packs,Clean Tech Manufacturing,New,Under Construction,352.797334,2024-04-25,IN,"4000 Tulip Tree Dr, Princeton, IN 47670",1808.0,IN-08,Jim Banks,Republican,Todd C. Young,Republican,Mark Messmer,Republican,51.0,18051.0,50402.0,18051050402.0,Census Tract 504.02,51.0,18051.0,50402.0,18051050402.0,Census Tract 504.02,47670.0,38.29742,-87.56514,True
M.B.Ultium_TN_2,Manufacturing,Ultium Cells,Batteries,Cells,Clean Tech Manufacturing,Expansion,Under Construction,,2025-07-14,TN,"100 Saturn Pkwy, Spring Hill, TN 37174",4705.0,TN-05,Marsha Blackburn,Republican,Bill Hagerty,Republican,Andy Ogles,Republican,119.0,47119.0,10201.0,47119010201.0,Census Tract 102.01,119.0,47119.0,10201.0,47119010201.0,Census Tract 102.01,37174.0,35.743223,-86.957363,True
M.B.LG_MI_5,Manufacturing,LG Energy Solution,Batteries,"Cells, Modules",Clean Tech Manufacturing,Expansion,Under Construction,1144.396736,2025-07-28,MI,"1 LG Way, Holland, MI 49423",2604.0,MI-04,Gary Peters,Democratic,Elissa Slotkin,Democratic,Bill Huizenga,Republican,5.0,26005.0,32401.0,26005032401.0,Census Tract 324.01,5.0,26005.0,32401.0,26005032401.0,Census Tract 324.01,49423.0,42.755715,-86.069522,True
M.B.UgoWork_IL_0,Manufacturing,UgoWork,Batteries,Modules,Clean Tech Manufacturing,New,Operating,0.0,2025-09-09,IL,"Chicago, IL",,,,,,,,,,,,,,,,,,,,41.88316,-87.6361,False
M.B.Microporous_TN_0,Manufacturing,Microporous,Batteries,EAM,Clean Tech Manufacturing,New,Operating,20.048771,2024-08-22,TN,"596 Industrial Park Rd, Piney Flats, TN 37686",4701.0,TN-01,Marsha Blackburn,Republican,Bill Hagerty,Republican,Diana Harshbarger,Republican,163.0,47163.0,43302.0,47163043302.0,Census Tract 433.02,163.0,47163.0,43302.0,47163043302.0,Census Tract 433.02,37686.0,36.43459,-82.29063,True
M.B.ScoutMotors_SC_0,Manufacturing,Scout Motors,Batteries,"Modules, Packs",Clean Tech Manufacturing,New,Under Construction,97.741698,2025-09-18,SC,"I-77, Blythewood, SC 29016",4502.0,SC-02,Lindsey Graham,Republican,Tim Scott,Republican,Joe Wilson,Republican,79.0,45079.0,10106.0,45079010106.0,Census Tract 101.06,79.0,45079.0,10102.0,45079010102.0,Census Tract 101.02,29016.0,34.193019,-80.98389,True
M.B.Envision_TN_1,Manufacturing,Envision AESC,Batteries,"Cells, Modules",Clean Tech Manufacturing,Expansion,Operating,499.998762,2025-06-25,TN,"500 Battery Plant Road, Smyrna, TN 37167",4704.0,TN-04,Marsha Blackburn,Republican,Bill Hagerty,Republican,Scott DesJarlais,Republican,149.0,47149.0,42301.0,47149042301.0,Census Tract 423.01,149.0,47149.0,42300.0,47149042300.0,Census Tract 423,37167.0,35.960162,-86.483048,True
M.B.Parasol_CA_0,Manufacturing,Parasol Elite Power,Batteries,"Cells, Modules",Clean Tech Manufacturing,New,Under Construction,47.389914,2025-08-19,CA,"2050 Wardrobe Ave, Merced, CA 95341",613.0,CA-13,Alex Padilla,Democratic,Adam Schiff,Democratic,Adam Gray,Democratic,47.0,6047.0,1501.0,6047001501.0,Census Tract 15.01,47.0,6047.0,1501.0,6047001501.0,Census Tract 15.01,95341.0,37.2946,-120.51683,True
M.B.Anovion_AL_0,Manufacturing,Anovion Technologies,Batteries,EAM,Clean Tech Manufacturing,New,Announced,499.998762,2022-10-20,AL,"Colbert County, AL",,,,,,,,,,,,,,,,,,,,34.656982,-87.79585,False
M.B.Dragonfly_NV_2,Manufacturing,DragonFly Energy,Batteries,Cells,Clean Tech Manufacturing,Expansion,Announced,0.146212,2025-10-02,NV,"1190 Trademark Dr, Reno, NV 89521",3202.0,NV-02,Catherine Cortez Masto,Democratic,Jacky Rosen,Democratic,Mark Amodei,Republican,31.0,32031.0,2214.0,32031002214.0,Census Tract 22.14,31.0,32031.0,2206.0,32031002206.0,Census Tract 22.06,89521.0,39.45195,-119.74152,True
M.B.Tinci_TX_0,Manufacturing,Tinci Materials,Batteries,EAM,Clean Tech Manufacturing,New,Under Construction,194.948742,2025-10-17,TX,"Baytown, TX 77523",4836.0,TX-36,John Cornyn,Republican,Ted Cruz,Republican,Brian Babin,Republican,71.0,48071.0,710202.0,48071710202.0,Census Tract 7102.02,71.0,48071.0,710200.0,48071710200.0,Census Tract 7102,77523.0,29.708952,-94.904084,True
M.B.SK_GA_2,Manufacturing,SK Innovation Co Ltd,Batteries,"Cells, Modules",Clean Tech Manufacturing,Expansion,Under Construction,610.344926,2025-09-04,GA,"1523 Steve Reynolds Industrial Pkwy, Commerce, GA 30529",1309.0,GA-09,Jon Ossoff,Democratic,Raphael Warnock,Democratic,Andrew Clyde,Republican,157.0,13157.0,10300.0,13157010300.0,Census Tract 103,157.0,13157.0,10300.0,13157010300.0,Census Tract 103,30529.0,34.239582,-83.483466,True
M.B.BasePower_TX_0,Manufacturing,Base Power,Batteries,Modules,Clean Tech Manufacturing,New,Operating,6.858032,2025-10-09,TX,"305 S Congress Ave, Austin, TX 78704",4837.0,TX-37,John Cornyn,Republican,Ted Cruz,Republican,Lloyd Doggett,Democratic,453.0,48453.0,1401.0,48453001401.0,Census Tract 14.01,453.0,48453.0,1401.0,48453001401.0,Census Tract 14.01,78704.0,30.25869,-97.74447,True
M.B.EOS_PA_2,Manufacturing,EOS,Batteries,Cells,Clean Tech Manufacturing,New,Announced,171.993528,2025-10-21,PA,"Thorn Hill Rd, Warrendale, PA 15086",4217.0,PA-17,John Fetterman,Democratic,David McCormick,Republican,Chris Deluzio,Democratic,3.0,42003.0,411001.0,42003411001.0,Census Tract 4110.01,3.0,42003.0,411000.0,42003411000.0,Census Tract 4110,15086.0,40.672858,-80.105701,True
M.B.Anthro_CA_0,Manufacturing,Anthro Energy,Batteries,"EAM, Cells",Clean Tech Manufacturing,Expansion,Announced,5.36109,2025-11-24,CA,"2095 N Loop Rd, Alameda, CA 94502",612.0,CA-12,Alex Padilla,Democratic,Adam Schiff,Democratic,Lateefah Simon,Democratic,1.0,6001.0,428301.0,6001428301.0,Census Tract 4283.01,1.0,6001.0,428301.0,6001428301.0,Census Tract 4283.01,94502.0,37.730011,-122.241987,True
M.B.Tesla_CA3_0,Manufacturing,Tesla,Batteries,Packs,Clean Tech Manufacturing,New,Operating,222.754415,2021-09-22,CA,"700 D'Arcy Pkwy, Lathrop, CA 95330",613.0,CA-13,Alex Padilla,Democratic,Adam Schiff,Democratic,Adam Gray,Democratic,77.0,6077.0,5119.0,6077005119.0,Census Tract 51.19,77.0,6077.0,5119.0,6077005119.0,Census Tract 51.19,95330.0,37.800039,-121.287164,True
M.B.Saft_FL_1,Manufacturing,Saft America Inc,Batteries,"Cells, Modules",Clean Tech Manufacturing,Expansion,Under Construction,,2024-09-10,FL,"13575 Waterworks St, Jacksonville, FL 32221",1204.0,FL-04,Ashley B. Moody,Republican,Rick Scott,Republican,Aaron Bean,Republican,89.0,12089.0,50402.0,12089050402.0,Census Tract 504.02,89.0,12089.0,50400.0,12089050400.0,Census Tract 504,32046.0,30.79147,-81.88756,True
M.B.Natrion_NY_0,Manufacturing,Natrion,Batteries,EAM,Clean Tech Manufacturing,New,Operating,,2025-09-03,NY,"575 Ludwig Ave, Cheektowaga, NY 14227",3626.0,NY-26,Kirsten Gillibrand,Democratic,Chuck Schumer,Democratic,Timothy M. Kennedy,Democratic,29.0,36029.0,10902.0,36029010902.0,Census Tract 109.02,29.0,36029.0,10902.0,36029010902.0,Census Tract 109.02,14227.0,42.901234,-78.765769,True
M.B.Natrion_NY_1,Manufacturing,Natrion,Batteries,EAM,Clean Tech Manufacturing,Expansion,Under Construction,5.848462,2025-12-03,NY,"575 Ludwig Ave, Cheektowaga, NY 14227",3626.0,NY-26,Kirsten Gillibrand,Democratic,Chuck Schumer,Democratic,Timothy M. Kennedy,Democratic,29.0,36029.0,10902.0,36029010902.0,Census Tract 109.02,29.0,36029.0,10902.0,36029010902.0,Census Tract 109.02,14227.0,42.901234,-78.765769,True
M.B.Ford_KY_0,Manufacturing,Ford,Batteries,Modules,Clean Tech Manufacturing,Retrofit,Announced,1949.487421,2025-12-16,KY,"2000 Fern Valley Rd, Louisville, KY 40213",2103.0,KY-03,Mitch McConnell,Republican,Rand Paul,Republican,Morgan McGarvey,Democratic,111.0,21111.0,980100.0,21111980100.0,Census Tract 9801,111.0,21111.0,980100.0,21111980100.0,Census Tract 9801,40213.0,38.155309,-85.724516,True
M.B.AmericanLiIon_OK_0,Manufacturing,American Li-Ion,Batteries,EAM,Clean Tech Manufacturing,New,Announced,159.857969,2025-10-06,OK,"401 Steven Taylor Blvd, McAlester, OK 74501",4002.0,OK-02,James Lankford,Republican,Markwayne Mullin,Republican,Josh Brecheen,Republican,121.0,40121.0,486600.0,40121486600.0,Census Tract 4866,121.0,40121.0,486600.0,40121486600.0,Census Tract 4866,74501.0,34.919383,-95.822941,True
M.S.OMCO_AZ_1,Manufacturing,OMCO Solar,Solar,Torque tubes,Clean Tech Manufacturing,Expansion,Operating,2.643594,2022-04-12,AZ,"4550 W Watkins St, Phoenix, AZ 85043",403.0,AZ-03,Ruben Gallego,Democratic,Mark Kelly,Democratic,Yassamin Ansari,Democratic,13.0,4013.0,112514.0,4013112514.0,Census Tract 1125.14,13.0,4013.0,112514.0,4013112514.0,Census Tract 1125.14,85043.0,33.42694,-112.15811,True
M.S.Highland_TN_0,Manufacturing,Highland Materials,Solar,Polysilicon,Clean Tech Manufacturing,New,Announced,1007.992384,2024-06-14,TN,"125 Industrial Dr, Surgoinsville, TN 37873",4701.0,TN-01,Marsha Blackburn,Republican,Bill Hagerty,Republican,Diana Harshbarger,Republican,73.0,47073.0,50400.0,47073050400.0,Census Tract 504,73.0,47073.0,50400.0,47073050400.0,Census Tract 504,37873.0,36.47704,-82.81476,True
M.S.GameChange_CT_0,Manufacturing,GameChange Solar,Solar,"Trackers, Torque Tubes",Clean Tech Manufacturing,Expansion,Operating,21.211124,2023-09-29,CT,"230 East Ave, Norwalk, CT 06855",904.0,CT-04,Richard Blumenthal,Democratic,Christopher S. Murphy,Democratic,Jim Himes,Democratic,1.0,9001.0,44200.0,9001044200.0,Census Tract 442,1.0,9001.0,44200.0,9001044200.0,Census Tract 442,6855.0,41.10273,-73.40628,True
M.S.PVHardware_TX_0,Manufacturing,PV Hardware,Solar,Trackers,Clean Tech Manufacturing,New,Operating,22.087617,2022-09-08,TX,"8303 McHard Rd, Houston, TX 77053",4809.0,TX-09,John Cornyn,Republican,Ted Cruz,Republican,Al Green,Democratic,157.0,48157.0,670101.0,48157670101.0,Census Tract 6701.01,157.0,48157.0,670101.0,48157670101.0,Census Tract 6701.01,77053.0,29.582,-95.43978,True
M.S.GameChange_CT_1,Manufacturing,GameChange Solar,Solar,"Trackers, Torque Tubes",Clean Tech Manufacturing,Expansion,Operating,11.569704,2022-08-04,CT,"231 East Ave, Norwalk, CT 06855",904.0,CT-04,Richard Blumenthal,Democratic,Christopher S. Murphy,Democratic,Jim Himes,Democratic,1.0,9001.0,44200.0,9001044200.0,Census Tract 442,1.0,9001.0,44200.0,9001044200.0,Census Tract 442,6855.0,41.10273,-73.40628,True
M.S.Array_NM_0,Manufacturing,Array Technologies,Solar,Trackers,Clean Tech Manufacturing,New,Operating,11.323974,2022-01-01,NM,"3901 Midway Pl NE, Albuquerque, NM 87109",3501.0,NM-01,Martin Heinrich,Democratic,Ben Ray Luján,Democratic,Melanie Ann Stansbury,Democratic,1.0,35001.0,3736.0,35001003736.0,Census Tract 37.36,1.0,35001.0,3736.0,35001003736.0,Census Tract 37.36,87109.0,35.149885,-106.598831,True
M.S.Frontius_IN_2,Manufacturing,Fronius USA,Solar,"Commercial Inverters, Residential Inverters",Clean Tech Manufacturing,Expansion,Operating,,2023-10-05,IN,"6797 Fronius Dr, Portage, IN 46368",1801.0,IN-01,Jim Banks,Republican,Todd C. Young,Republican,Frank Mrvan,Democratic,127.0,18127.0,50407.0,18127050407.0,Census Tract 504.07,127.0,18127.0,50407.0,18127050407.0,Census Tract 504.07,46368.0,41.60797,-87.15286,True
M.S.Revkor_UT_0,Manufacturing,"Revkor, H2 Gemini",Solar,"Ingots, Wafers, Cells, Modules",Clean Tech Manufacturing,New,Under Construction,1267.147344,2023-07-19,UT,"1194 6550 W, Salt Lake City, UT 84116",4902.0,UT-02,John Curtis,Republican,Mike Lee,Republican,Celeste Maloy,Republican,35.0,49035.0,113906.0,49035113906.0,Census Tract 1139.06,35.0,49035.0,113906.0,49035113906.0,Census Tract 1139.06,84116.0,40.797215,-112.054127,True
M.S.Waaree_TX_0,Manufacturing,Waaree Energies,Solar,Modules,Clean Tech Manufacturing,New,Operating,1016.16999,2023-12-21,TX,"2439 Discovery Hills Pkwy., Brookshire, Texas 77423",4810.0,TX-10,John Cornyn,Republican,Ted Cruz,Republican,Michael McCaul,Republican,473.0,48473.0,680202.0,48473680202.0,Census Tract 6802.02,473.0,48473.0,680200.0,48473680200.0,Census Tract 6802,77423.0,29.78626,-95.95192,True
M.S.Canadian_IN_0,Manufacturing,Canadian Solar,Solar,Cells,Clean Tech Manufacturing,New,Under Construction,825.130032,2023-10-30,IN,"300 Corporate Dr Suite 300, Jeffersonville, IN 47130",1809.0,IN-09,Jim Banks,Republican,Todd C. Young,Republican,Erin Houchin,Republican,19.0,18019.0,50706.0,18019050706.0,Census Tract 507.06,19.0,18019.0,50701.0,18019050701.0,Census Tract 507.01,47130.0,38.35709,-85.66371,True
M.S.NorSun_OK_0,Manufacturing,NorSun,Solar,"Ingots, Wafers",Clean Tech Manufacturing,New,Announced,624.955278,2024-06-28,OK,"7777 Airport Dr, Tulsa, OK 74115",4001.0,OK-01,James Lankford,Republican,Markwayne Mullin,Republican,Kevin Hern,Republican,143.0,40143.0,11300.0,40143011300.0,Census Tract 113,143.0,40143.0,11100.0,40143011100.0,Census Tract 111,74115.0,36.19636,-95.88668,True
M.S.LONGi_OH_0,Manufacturing,LONGi/Illuminate USA,Solar,Modules,Clean Tech Manufacturing,New,Operating,612.098349,2023-03-13,OH,"3600 Etna Pkwy, Etna, OH 43062",3912.0,OH-12,Jon Husted,Republican,Bernie Moreno,Republican,Troy Balderson,Republican,89.0,39089.0,756500.0,39089756500.0,Census Tract 7565,89.0,39089.0,756500.0,39089756500.0,Census Tract 7565,43062.0,39.9865,-82.712,True
M.S.Canadian_TX_0,Manufacturing,Canadian Solar,Solar,Modules,Clean Tech Manufacturing,New,Operating,255.197205,2023-06-15,TX,"3000 Skyline Dr., Mesquite, TX 75149",4805.0,TX-05,John Cornyn,Republican,Ted Cruz,Republican,Lance Gooden,Republican,113.0,48113.0,17805.0,48113017805.0,Census Tract 178.05,113.0,48113.0,17805.0,48113017805.0,Census Tract 178.05,75149.0,32.778803,-96.642762,True
M.S.T1Energy_TX_0,Manufacturing,T1 Energy,Solar,Modules,Clean Tech Manufacturing,New,Operating,239.844917,2023-09-12,TX,"1200 Sunrise Rd, Wilmer, TX 75172",4830.0,TX-30,John Cornyn,Republican,Ted Cruz,Republican,Jasmine Crockett,Democratic,113.0,48113.0,16903.0,48113016903.0,Census Tract 169.03,113.0,48113.0,16903.0,48113016903.0,Census Tract 169.03,75146.0,32.60225,-96.70382,True
M.S.Convalt_NY2_0,Manufacturing,Convalt Energy,Solar,"Ingots, Wafers, Cells",Clean Tech Manufacturing,New,Canceled prior to operation,639.688095,2022-08-31,NY,"800 Starbuck Ave A-15, Watertown, NY 13601",3624.0,NY-24,Kirsten Gillibrand,Democratic,Chuck Schumer,Democratic,Claudia Tenney,Republican,45.0,36045.0,61300.0,36045061300.0,Census Tract 613,45.0,36045.0,61300.0,36045061300.0,Census Tract 613,13601.0,43.985191,-75.894162,True
M.S.FirstSolar_AL_0,Manufacturing,First Solar,Solar,Integrated CdTE,Clean Tech Manufacturing,New,Operating,1135.529162,2022-11-16,AL,"Mallard Fox Dr NW, Decatur, AL 35601",105.0,AL-05,Katie Britt,Republican,Tommy Tuberville,Republican,Dale Strong,Republican,103.0,1103.0,5101.0,1103005101.0,Census Tract 51.01,103.0,1103.0,5101.0,1103005101.0,Census Tract 51.01,35601.0,34.653595,-87.075581,True
M.S.FirstSolar_LA_0,Manufacturing,First Solar,Solar,Integrated CdTE,Clean Tech Manufacturing,New,Operating,1122.678337,2023-07-27,LA,"1404 Hangar Drive, New Iberia, LA 70560",2203.0,LA-03,Bill Cassidy,Republican,John Neely Kennedy,Republican,Clay Higgins,Republican,45.0,22045.0,30301.0,22045030301.0,Census Tract 303.01,45.0,22045.0,30301.0,22045030301.0,Census Tract 303.01,70560.0,30.03184,-91.875524,True
M.S.Qcells_GA2_0,Manufacturing,Qcells,Solar,"Ingots, Wafers, Cells, Modules",Clean Tech Manufacturing,New,Operating,2550.409789,2023-01-11,GA,"100 Qcells Pkwy, White, GA 30184",1311.0,GA-11,Jon Ossoff,Democratic,Raphael Warnock,Democratic,Barry Loudermilk,Republican,15.0,13015.0,960602.0,13015960602.0,Census Tract 9606.02,15.0,13015.0,960600.0,13015960600.0,Census Tract 9606,30120.0,34.164405,-84.797645,True
M.S.Qcells_GA2_1,Manufacturing,Qcells,Solar,"Ingots, Wafers, Cells, Modules",Clean Tech Manufacturing,New,Announced,,2023-01-11,GA,"100 Qcells Pkwy, White, GA 30184",1311.0,GA-11,Jon Ossoff,Democratic,Raphael Warnock,Democratic,Barry Loudermilk,Republican,15.0,13015.0,960602.0,13015960602.0,Census Tract 9606.02,15.0,13015.0,960600.0,13015960600.0,Census Tract 9606,30120.0,34.164405,-84.797645,True
M.S.FirstSolar_OH2_3,Manufacturing,First Solar,Solar,Integrated CdTE,Clean Tech Manufacturing,New,Operating,764.720443,2021-06-09,OH,"PGT3 28380 Tracy Rd, Walbridge, OH 43465",3909.0,OH-09,Jon Husted,Republican,Bernie Moreno,Republican,Marcy Kaptur,Democratic,173.0,39173.0,20902.0,39173020902.0,Census Tract 209.02,173.0,39173.0,20900.0,39173020900.0,Census Tract 209,43465.0,41.555049,-83.526814,True
M.S.3Sun_OK_0,Manufacturing,3Sun USA,Solar,"Cells, Modules",Clean Tech Manufacturing,New,Announced,1218.113101,2022-11-01,OK,"4C9M+H7, Inola, OK 74014",4002.0,OK-02,James Lankford,Republican,Markwayne Mullin,Republican,Josh Brecheen,Republican,131.0,40131.0,50502.0,40131050502.0,Census Tract 505.02,131.0,40131.0,50502.0,40131050502.0,Census Tract 505.02,74036.0,36.12345,-95.561025,True
M.S.Maxeon_NM_0,Manufacturing,Maxeon Solar Technologies,Solar,"Cells, Modules",Clean Tech Manufacturing,New,Announced,1020.61667,2023-08-15,NM,"Mesa Del Sol, NM",3501.0,NM-01,Martin Heinrich,Democratic,Ben Ray Luján,Democratic,Melanie Ann Stansbury,Democratic,1.0,35001.0,4001.0,35001004001.0,Census Tract 40.01,1.0,35001.0,4001.0,35001004001.0,Census Tract 40.01,87106.0,34.984484,-106.614315,True
M.S.Convalt_NY_1,Manufacturing,Convalt Energy,Solar,Cells,Clean Tech Manufacturing,Expansion,Under Construction,738.327764,2021-07-12,NY,"Hounsfield, NY",,,,,,,,,,,,,,,,,,,,43.997239,-76.003238,False
M.S.Enphase_WI_0,Manufacturing,Enphase Energy,Solar,Microinverters,Clean Tech Manufacturing,New,Retired,20.412333,2023-07-05,WI,"Mount Pleasant, WI",,,,,,,,,,,,,,,,,,,,42.726847,-87.89192,False
M.S.Enphase_SC_0,Manufacturing,Enphase Energy,Solar,Microinverters,Clean Tech Manufacturing,New,Operating,20.412333,2023-07-05,SC,"375 Metropolitan Dr West Columbia, SC 29170",4502.0,SC-02,Lindsey Graham,Republican,Tim Scott,Republican,Joe Wilson,Republican,63.0,45063.0,20602.0,45063020602.0,Census Tract 206.02,63.0,45063.0,20602.0,45063020602.0,Census Tract 206.02,29170.0,33.95704,-81.13468,True
M.S.MeyerBurger_CO_0,Manufacturing,Meyer Burger,Solar,Cells,Clean Tech Manufacturing,New,Canceled prior to operation,408.246668,2023-07-24,CO,"1615 High Tech Wy, Colorado Springs, CO 80907",805.0,CO-05,Michael Bennet,Democratic,John Hickenlooper,Democratic,Jeff Crank,Republican,41.0,8041.0,7900.0,8041007900.0,Census Tract 79,41.0,8041.0,7900.0,8041007900.0,Census Tract 79,80907.0,38.89405,-104.85869,True
M.S.NESolar_AZ_0,Manufacturing,NE Solar,Solar,Modules,Clean Tech Manufacturing,New,Under Construction,259.951144,2023-09-10,AZ,"3265 S Crismon Road, Mesa, AZ 85212",405.0,AZ-05,Ruben Gallego,Democratic,Mark Kelly,Democratic,Andy Biggs,Republican,13.0,4013.0,422643.0,4013422643.0,Census Tract 4226.43,13.0,4013.0,422643.0,4013422643.0,Census Tract 4226.43,85212.0,33.352389,-111.618561,True
M.S.VSKnergy_CO_0,Manufacturing,VSK Energy,Solar,Modules,Clean Tech Manufacturing,New,Canceled prior to operation,255.197205,2023-06-22,CO,"22075 E 152nd Ave, Brighton, CO 80603",808.0,CO-08,Michael Bennet,Democratic,John Hickenlooper,Democratic,Gabe Evans,Republican,1.0,8001.0,8553.0,8001008553.0,Census Tract 85.53,1.0,8001.0,8523.0,8001008523.0,Census Tract 85.23,80603.0,39.991799,-104.72494,True
M.S.Elin_TX_0,Manufacturing,Elin Energy (Sirius PV),Solar,Modules,Clean Tech Manufacturing,New,Operating,184.737156,2023-09-28,TX,"2270 Twinwood Pkwy, Brookshire, TX 77423",4810.0,TX-10,John Cornyn,Republican,Ted Cruz,Republican,Michael McCaul,Republican,473.0,48473.0,680202.0,48473680202.0,Census Tract 6802.02,473.0,48473.0,680200.0,48473680200.0,Census Tract 6802,77423.0,29.757944,-95.927118,True
M.S.Imperial_TX_0,Manufacturing,Imperial Star Solar,Solar,Modules,Clean Tech Manufacturing,New,Operating,184.737156,2024-02-05,TX,"19200 Hamish Rd, Tomball, TX 77377",4838.0,TX-38,John Cornyn,Republican,Ted Cruz,Republican,Wesley Hunt,Republican,201.0,48201.0,555503.0,48201555503.0,Census Tract 5555.03,201.0,48201.0,555502.0,48201555502.0,Census Tract 5555.02,77377.0,30.04993,-95.62942,True
M.S.Qcells_GA_2,Manufacturing,Qcells,Solar,Modules,Clean Tech Manufacturing,New,Operating,184.737156,2023-01-11,GA,"300 Nexus Dr, Dalton, GA 30721",1314.0,GA-14,Jon Ossoff,Democratic,Raphael Warnock,Democratic,Vacant,,313.0,13313.0,1500.0,13313001500.0,Census Tract 15,313.0,13313.0,1500.0,13313001500.0,Census Tract 15,30721.0,34.665053,-84.986123,True
M.S.SEG_TX_0,Manufacturing,SEG Solar,Solar,Modules,Clean Tech Manufacturing,New,Operating,62.408595,2022-09-21,TX,"10625 Telge Rd, Houston, TX 77095",4808.0,TX-08,John Cornyn,Republican,Ted Cruz,Republican,Morgan Luttrell,Republican,201.0,48201.0,541008.0,48201541008.0,Census Tract 5410.08,201.0,48201.0,541002.0,48201541002.0,Census Tract 5410.02,77095.0,29.924477,-95.647272,True
M.S.AmericanPanelSolutions_AZ_0,Manufacturing,American Panel Solutions,Solar,Modules,Clean Tech Manufacturing,New,Operating,61.209835,2023-01-10,AZ,"1975 S. 99th Avenue, Phoenix, AZ 85353",403.0,AZ-03,Ruben Gallego,Democratic,Mark Kelly,Democratic,Yassamin Ansari,Democratic,13.0,4013.0,82204.0,4013082204.0,Census Tract 822.04,13.0,4013.0,82204.0,4013082204.0,Census Tract 822.04,85353.0,33.429234,-112.271482,True
M.S.BCI_PA_0,Manufacturing,JM Steel,Solar,Trackers,Clean Tech Manufacturing,New,Operating,10.517913,2022-06-28,PA,"400 Riverport Dr, Leetsdale, PA 15056",4217.0,PA-17,John Fetterman,Democratic,David McCormick,Republican,Chris Deluzio,Democratic,3.0,42003.0,448000.0,42003448000.0,Census Tract 4480,3.0,42003.0,448000.0,42003448000.0,Census Tract 4480,15056.0,40.565264,-80.214877,True
M.S.BCI_PA_1,Manufacturing,JM Steel,Solar,Trackers,Clean Tech Manufacturing,Expansion,Operating,10.517913,2024-04-26,PA,"400 Riverport Dr, Leetsdale, PA 15056",4217.0,PA-17,John Fetterman,Democratic,David McCormick,Republican,Chris Deluzio,Democratic,3.0,42003.0,448000.0,42003448000.0,Census Tract 4480,3.0,42003.0,448000.0,42003448000.0,Census Tract 4480,15056.0,40.565264,-80.214877,True
M.S.EPC_SC_0,Manufacturing,EPC Power Corp,Solar,"Utility Inverters, Unknown Inverters",Clean Tech Manufacturing,New,Operating,5.161496,2022-11-02,SC,"360 Old Laurens Rd, Simpsonville, SC 29681",4504.0,SC-04,Lindsey Graham,Republican,Tim Scott,Republican,William Timmons,Republican,45.0,45045.0,3005.0,45045003005.0,Census Tract 30.05,45.0,45045.0,3005.0,45045003005.0,Census Tract 30.05,29681.0,34.75817,-82.280671,True
M.S.Qcells_GA_0,Manufacturing,Qcells,Solar,Modules,Clean Tech Manufacturing,New,Operating,171.901204,2018-05-18,GA,"300 Nexus Dr, Dalton, GA 30721",1314.0,GA-14,Jon Ossoff,Democratic,Raphael Warnock,Democratic,Vacant,,313.0,13313.0,1500.0,13313001500.0,Census Tract 15,313.0,13313.0,1500.0,13313001500.0,Census Tract 15,30721.0,34.665053,-84.986123,True
M.S.EnergyAmerica_CA_0,Manufacturing,Energy America LLC,Solar,Modules,Clean Tech Manufacturing,New,Operating,373.021426,2018-01-01,CA,"San Jose, CA 95119",,,,,,,,,,,,,,,,,,,,37.23357,-121.793159,False
M.S.EnergyAmerica_CA2_0,Manufacturing,Energy America LLC,Solar,Modules,Clean Tech Manufacturing,New,Operating,373.021426,2018-01-01,CA,"Sacramento, CA 95652",606.0,CA-06,Alex Padilla,Democratic,Adam Schiff,Democratic,Ami Bera,Democratic,67.0,6067.0,7301.0,6067007301.0,Census Tract 73.01,67.0,6067.0,7301.0,6067007301.0,Census Tract 73.01,95652.0,38.65608,-121.39068,True
M.S.JinkoSolar_FL_1,Manufacturing,Jinko Solar,Solar,Modules,Clean Tech Manufacturing,Expansion,Operating,53.081019,2023-04-21,FL,"4660 Pow Mia Memorial Pkwy Ste 200, Jacksonville, FL, 32221-8201",1204.0,FL-04,Ashley B. Moody,Republican,Rick Scott,Republican,Aaron Bean,Republican,31.0,12031.0,17300.0,12031017300.0,Census Tract 173,31.0,12031.0,17300.0,12031017300.0,Census Tract 173,32221.0,30.2374,-81.8896,True
M.S.Enphase_TX_0,Manufacturing,Enphase Energy,Solar,Microinverters,Clean Tech Manufacturing,New,Operating,20.412333,2023-07-05,TX,"2400 Centennial Dr., Arlington TX 76011",4806.0,TX-06,John Cornyn,Republican,Ted Cruz,Republican,Jake Ellzey,Republican,439.0,48439.0,121702.0,48439121702.0,Census Tract 1217.02,439.0,48439.0,121702.0,48439121702.0,Census Tract 1217.02,76011.0,32.744549,-97.066456,True
M.S.SEM_SC_0,Manufacturing,SEM Wafertech (SPI Energy),Solar,Wafers,Clean Tech Manufacturing,New,Canceled prior to operation,68.54544,2022-08-24,SC,"1150 Clipper Road, Sumter, SC  29154",4505.0,SC-05,Lindsey Graham,Republican,Tim Scott,Republican,Ralph Norman,Republican,85.0,45085.0,1903.0,45085001903.0,Census Tract 19.03,85.0,45085.0,1901.0,45085001901.0,Census Tract 19.01,29154.0,33.851481,-80.379476,True
M.S.Priefert_TX_0,Manufacturing,Priefert Steel (Nevados),Solar,Trackers,Clean Tech Manufacturing,New,Operating,2.892426,2023-11-16,TX,"2630 S Jefferson Ave, Mt Pleasant, TX 75455",4801.0,TX-01,John Cornyn,Republican,Ted Cruz,Republican,Nathaniel Moran,Republican,449.0,48449.0,950302.0,48449950302.0,Census Tract 9503.02,449.0,48449.0,950300.0,48449950300.0,Census Tract 9503,75455.0,33.1305,-94.97443,True
M.S.Qcells_GA_1,Manufacturing,Qcells,Solar,Modules,Clean Tech Manufacturing,New,Operating,192.3047,2021-05-12,GA,"300 Nexus Dr, Dalton, GA 30721",1314.0,GA-14,Jon Ossoff,Democratic,Raphael Warnock,Democratic,Vacant,,313.0,13313.0,1500.0,13313001500.0,Census Tract 15,313.0,13313.0,1500.0,13313001500.0,Census Tract 15,30721.0,34.665053,-84.986123,True
M.S.MeyerBurger_AZ_0,Manufacturing,Meyer Burger,Solar,Modules,Clean Tech Manufacturing,New,Retired,210.327874,2021-12-27,AZ,"1685 S Litchfield Rd, Goodyear, AZ 85338",409.0,AZ-09,Ruben Gallego,Democratic,Mark Kelly,Democratic,Paul Gosar,Republican,13.0,4013.0,61052.0,4013061052.0,Census Tract 610.52,13.0,4013.0,61022.0,4013061022.0,Census Tract 610.22,85338.0,33.436808,-112.383385,True
M.S.Silfab_SC_0,Manufacturing,Silfab Solar,Solar,"Cells, Modules",Clean Tech Manufacturing,New,Under Construction,155.064915,2023-03-10,SC,"7149 Logistics Ln, Fort Mill, SC 29715",4505.0,SC-05,Lindsey Graham,Republican,Tim Scott,Republican,Ralph Norman,Republican,91.0,45091.0,61006.0,45091061006.0,Census Tract 610.06,91.0,45091.0,61006.0,45091061006.0,Census Tract 610.06,29715.0,35.070787,-80.944172,True
M.S.Convalt_NY_0,Manufacturing,Convalt Energy,Solar,Modules,Clean Tech Manufacturing,New,Under Construction,140.335281,2021-07-12,NY,"Hounsfield, NY",,,,,,,,,,,,,,,,,,,,43.997239,-76.003238,False
M.S.Convalt_NY2_1,Manufacturing,Convalt Energy,Solar,Modules,Clean Tech Manufacturing,Expansion,Canceled prior to operation,,2022-08-31,NY,"800 Starbuck Ave A-15, Watertown, NY 13601",3624.0,NY-24,Kirsten Gillibrand,Democratic,Chuck Schumer,Democratic,Claudia Tenney,Republican,45.0,36045.0,61300.0,36045061300.0,Census Tract 613,45.0,36045.0,61300.0,36045061300.0,Census Tract 613,13601.0,43.985191,-75.894162,True
M.S.FirstSolar_OH2_0,Manufacturing,First Solar,Solar,Integrated CdTE,Clean Tech Manufacturing,New,Operating,458.40321,2018-04-26,OH,"PGT2 28380 Tracy Rd, Walbridge, OH 43465",3909.0,OH-09,Jon Husted,Republican,Bernie Moreno,Republican,Marcy Kaptur,Democratic,173.0,39173.0,20902.0,39173020902.0,Census Tract 209.02,173.0,39173.0,20900.0,39173020900.0,Census Tract 209,43465.0,41.560411,-83.526316,True
M.S.S4A_CA_2,Manufacturing,Solar4America (SPI Energy),Solar,Modules,Clean Tech Manufacturing,Expansion,Retired,138.552867,2023-01-09,CA,"4803 Urbani Ave, McClellan, CA 95652",606.0,CA-06,Alex Padilla,Democratic,Adam Schiff,Democratic,Ami Bera,Democratic,67.0,6067.0,7301.0,6067007301.0,Census Tract 73.01,67.0,6067.0,7301.0,6067007301.0,Census Tract 73.01,95838.0,38.658116,-121.417501,True
M.S.SunPacific_AL_0,Manufacturing,Sun Pacific Holding Corp,Solar,Modules,Clean Tech Manufacturing,New,Canceled prior to operation,110.842294,2022-04-19,AL,"Elba, AL",,,,,,,,,,,,,,,,,,,,31.41461,-86.0665,False
M.S.Suniva_GA_0,Manufacturing,Suniva,Solar,Cells,Clean Tech Manufacturing,Restart,Operating,111.778699,2023-10-26,GA,"5765 Peachtree Industrial Boulevard, Norcross, GA, 30092",1304.0,GA-04,Jon Ossoff,Democratic,Raphael Warnock,Democratic,Hank Johnson,Democratic,135.0,13135.0,50336.0,13135050336.0,Census Tract 503.36,135.0,13135.0,50310.0,13135050310.0,Census Tract 503.10,30092.0,33.95579,-84.22188,True
M.S.Array_NM2_0,Manufacturing,Array Technologies,Solar,Trackers,Clean Tech Manufacturing,New,Under Construction,50.8085,2023-11-02,NM,"701 Atrisco Vista Blvd, Albuquerque, NM 87120",3502.0,NM-02,Martin Heinrich,Democratic,Ben Ray Luján,Democratic,Gabriel Vasquez,Democratic,1.0,35001.0,940602.0,35001940602.0,Census Tract 9406.02,1.0,35001.0,940600.0,35001940600.0,Census Tract 9406,87121.0,35.078228,-106.800303,True
M.S.Hounen_SC_0,Manufacturing,Hounen Solar,Solar,Modules,Clean Tech Manufacturing,New,Operating,33.665409,2023-03-13,SC,"145 Millenium Dr, Orangeburg, SC 29115",4506.0,SC-06,Lindsey Graham,Republican,Tim Scott,Republican,James Clyburn,Democratic,75.0,45075.0,10601.0,45075010601.0,Census Tract 106.01,75.0,45075.0,10600.0,45075010600.0,Census Tract 106,29115.0,33.454766,-80.733709,True
M.S.Bila_IN_0,Manufacturing,Bila Solar,Solar,Modules,Clean Tech Manufacturing,New,Operating,17.860792,2023-08-29,IN,"1249 White River Pkwy E Dr., Indianapolis, IN 46225",1807.0,IN-07,Jim Banks,Republican,Todd C. Young,Republican,André Carson,Democratic,97.0,18097.0,358000.0,18097358000.0,Census Tract 3580,97.0,18097.0,358000.0,18097358000.0,Census Tract 3580,46225.0,39.75121,-86.17186,True
M.S.Unimacts_NV_0,Manufacturing,Unimacts,Solar,Torque tubes,Clean Tech Manufacturing,New,Operating,8.093678,2023-01-01,NV,"4265 W Tompkins Ave, Las Vegas, NV 89103",3203.0,NV-03,Catherine Cortez Masto,Democratic,Jacky Rosen,Democratic,Susie Lee,Democratic,3.0,32003.0,2956.0,32003002956.0,Census Tract 29.56,3.0,32003.0,2956.0,32003002956.0,Census Tract 29.56,89103.0,36.103096,-115.197646,True
M.S.Frontius_IN_1,Manufacturing,Fronius USA,Solar,"Commercial Inverters, Residential Inverters",Clean Tech Manufacturing,Expansion,Operating,,2023-10-05,IN,"6797 Fronius Dr, Portage, IN 46368",1801.0,IN-01,Jim Banks,Republican,Todd C. Young,Republican,Frank Mrvan,Democratic,127.0,18127.0,50407.0,18127050407.0,Census Tract 504.07,127.0,18127.0,50407.0,18127050407.0,Census Tract 504.07,46368.0,41.60797,-87.15286,True
M.S.Sanmina_WI_0,Manufacturing,Sanmina,Solar,Utility Inverters,Clean Tech Manufacturing,New,Operating,9.015354,2023-08-15,WI,"8701 100th Street, Pleasant Prairie, WI 53142",5501.0,WI-01,Tammy Baldwin,Democratic,Ronald Harold Johnson,Republican,Bryan Steil,Republican,59.0,55059.0,2605.0,55059002605.0,Census Tract 26.05,59.0,55059.0,2602.0,55059002602.0,Census Tract 26.02,53158.0,42.526752,-87.9117,True
M.S.MissionSolar_TX_1,Manufacturing,Mission Solar,Solar,Modules,Clean Tech Manufacturing,Expansion,Operating,41.29197,2022-10-24,TX,"8303 S New Braunfels Ave, San Antonio, TX 78235",4828.0,TX-28,John Cornyn,Republican,Ted Cruz,Republican,Henry Cuellar,Democratic,29.0,48029.0,192200.0,48029192200.0,Census Tract 1922,29.0,48029.0,192200.0,48029192200.0,Census Tract 1922,78235.0,29.338014,-98.43911,True
M.S.S4A_SC_1,Manufacturing,Solar4America (SPI Energy),Solar,Cells,Clean Tech Manufacturing,Expansion,Canceled prior to operation,126.714734,2023-05-30,SC,"1150 Clipper Road, Sumter, SC  29154",4505.0,SC-05,Lindsey Graham,Republican,Tim Scott,Republican,Ralph Norman,Republican,85.0,45085.0,1903.0,45085001903.0,Census Tract 19.03,85.0,45085.0,1901.0,45085001901.0,Census Tract 19.01,29154.0,33.851481,-80.379476,True
M.S.Convalt_ME_0,Manufacturing,Convalt Energy,Solar,Modules,Clean Tech Manufacturing,New,Canceled prior to operation,58.931153,2023-11-03,ME,"East Millinocket, ME",,,,,,,,,,,,,,,,,,,,45.62794,-68.57361,False
M.S.Heliene_MN_4,Manufacturing,Heliene,Solar,Modules,Clean Tech Manufacturing,Expansion,Operating,46.184289,2023-09-13,MN,"8787 Silicon Way, Mountain Iron, MN 55768",2708.0,MN-08,Amy Klobuchar,Democratic,Tina Smith,Democratic,Pete Stauber,Republican,137.0,27137.0,12800.0,27137012800.0,Census Tract 128,137.0,27137.0,12800.0,27137012800.0,Census Tract 128,55768.0,47.517241,-92.624391,True
M.S.Adion_GA_0,Manufacturing,Adion Solar (Rayzon),Solar,Modules,Clean Tech Manufacturing,New,Under Construction,46.184289,2022-12-01,GA,"1331 Lions Club Rd, Madison, GA 30650-4689",1310.0,GA-10,Jon Ossoff,Democratic,Raphael Warnock,Democratic,Mike Collins,Republican,211.0,13211.0,10302.0,13211010302.0,Census Tract 103.02,211.0,13211.0,10300.0,13211010300.0,Census Tract 103,30650.0,33.56308,-83.485842,True
M.S.Heliene_MN_1,Manufacturing,Heliene,Solar,Modules,Clean Tech Manufacturing,Expansion,Operating,46.184289,2021-01-01,MN,"8787 Silicon Way, Mountain Iron, MN 55768",2708.0,MN-08,Amy Klobuchar,Democratic,Tina Smith,Democratic,Pete Stauber,Republican,137.0,27137.0,12800.0,27137012800.0,Census Tract 128,137.0,27137.0,12800.0,27137012800.0,Census Tract 128,55768.0,47.517241,-92.624391,True
M.S.Panasol_TX_0,Manufacturing,Panasol,Solar,Modules,Clean Tech Manufacturing,New,Under Construction,46.184289,2023-03-30,TX,"College Station, TX",,,,,,,,,,,,,,,,,,,,30.63089,-96.33183,False
M.S.S4A_CA_1,Manufacturing,Solar4America (SPI Energy),Solar,Modules,Clean Tech Manufacturing,Expansion,Retired,64.658005,2022-02-18,CA,"4803 Urbani Ave, McClellan, CA 95652",606.0,CA-06,Alex Padilla,Democratic,Adam Schiff,Democratic,Ami Bera,Democratic,67.0,6067.0,7301.0,6067007301.0,Census Tract 73.01,67.0,6067.0,7301.0,6067007301.0,Census Tract 73.01,95838.0,38.658116,-121.417501,True
M.S.LG_AL_0,Manufacturing,LG,Solar,Modules,Clean Tech Manufacturing,New,Retired,32.088225,2018-06-01,AL,"Huntsville, AL",,,,,,,,,,,,,,,,,,,,34.730226,-86.592234,False
M.S.FirstSolar_OH_4,Manufacturing,First Solar,Solar,Integrated CdTE,Clean Tech Manufacturing,Expansion,Operating,96.21325,2022-08-30,OH,"28101 Cedar Park Blvd, Perrysburg, OH 43551",3909.0,OH-09,Jon Husted,Republican,Bernie Moreno,Republican,Marcy Kaptur,Democratic,173.0,39173.0,20702.0,39173020702.0,Census Tract 207.02,173.0,39173.0,20700.0,39173020700.0,Census Tract 207,43551.0,41.557131,-83.552986,True
M.S.FirstSolar_OH2_4,Manufacturing,First Solar,Solar,Integrated CdTE,Clean Tech Manufacturing,Expansion,Operating,96.21325,2022-08-30,OH,"PGT4 28380 Tracy Rd, Walbridge, OH 43465",3909.0,OH-09,Jon Husted,Republican,Bernie Moreno,Republican,Marcy Kaptur,Democratic,173.0,39173.0,20702.0,39173020702.0,Census Tract 207.02,173.0,39173.0,20700.0,39173020700.0,Census Tract 207,43551.0,41.556296,-83.534468,True
M.S.JinkoSolar_FL_0,Manufacturing,Jinko Solar,Solar,Modules,Clean Tech Manufacturing,New,Operating,57.617463,2018-03-30,FL,"4660 Pow Mia Memorial Pkwy Ste 200, Jacksonville, FL, 32221-8201",1204.0,FL-04,Ashley B. Moody,Republican,Rick Scott,Republican,Aaron Bean,Republican,31.0,12031.0,17300.0,12031017300.0,Census Tract 173,31.0,12031.0,17300.0,12031017300.0,Census Tract 173,32221.0,30.2374,-81.8896,True
M.S.Ubiquity_NY_0,Manufacturing,Ubiquity Solar,Solar,"Cells, Modules",Clean Tech Manufacturing,New,Canceled prior to operation,67.940097,2021-09-22,NY,"1093 Clark St, Endicott, NY 13760",3619.0,NY-19,Kirsten Gillibrand,Democratic,Chuck Schumer,Democratic,Josh Riley,Democratic,7.0,36007.0,13400.0,36007013400.0,Census Tract 134,7.0,36007.0,13400.0,36007013400.0,Census Tract 134,13760.0,42.108831,-76.051074,True
M.S.OMCO_IN_1,Manufacturing,OMCO Solar,Solar,Torque tubes,Clean Tech Manufacturing,Expansion,Operating,2.643594,2022-04-12,IN,"1 Arnolt Dr, Pierceton, IN 46562",1803.0,IN-03,Jim Banks,Republican,Todd C. Young,Republican,Marlin A. Stutzman,Republican,85.0,18085.0,962200.0,18085962200.0,Census Tract 9622,85.0,18085.0,962200.0,18085962200.0,Census Tract 9622,46562.0,41.20489,-85.71856,True
M.S.GAF_TX_0,Manufacturing,GAF Energy,Solar,Modules,Clean Tech Manufacturing,New,Operating,104.014324,2022-07-19,TX,"110 SE Inner Loop, Georgetown, TX 78626",4831.0,TX-31,John Cornyn,Republican,Ted Cruz,Republican,John Carter,Republican,491.0,48491.0,21406.0,48491021406.0,Census Tract 214.06,491.0,48491.0,21403.0,48491021403.0,Census Tract 214.03,78626.0,30.60662,-97.68211,True
M.S.Heliene_MN_0,Manufacturing,Heliene,Solar,Modules,Clean Tech Manufacturing,New,Operating,20.582808,2018-07-01,MN,"8787 Silicon Way, Mountain Iron, MN 55768",2708.0,MN-08,Amy Klobuchar,Democratic,Tina Smith,Democratic,Pete Stauber,Republican,137.0,27137.0,12800.0,27137012800.0,Census Tract 128,137.0,27137.0,12800.0,27137012800.0,Census Tract 128,55768.0,47.517241,-92.624391,True
M.S.Heliene_MN_3,Manufacturing,Heliene,Solar,Modules,Clean Tech Manufacturing,Expansion,Operating,10.1617,2023-12-05,MN,"8787 Silicon Way, Mountain Iron, MN 55768",2708.0,MN-08,Amy Klobuchar,Democratic,Tina Smith,Democratic,Pete Stauber,Republican,137.0,27137.0,12800.0,27137012800.0,Census Tract 128,137.0,27137.0,12800.0,27137012800.0,Census Tract 128,55768.0,47.517241,-92.624391,True
M.S.Heliene_MN_2,Manufacturing,Heliene,Solar,Modules,Clean Tech Manufacturing,Expansion,Operating,7.226095,2022-10-27,MN,"8787 Silicon Way, Mountain Iron, MN 55768",2708.0,MN-08,Amy Klobuchar,Democratic,Tina Smith,Democratic,Pete Stauber,Republican,137.0,27137.0,12800.0,27137012800.0,Census Tract 128,137.0,27137.0,12800.0,27137012800.0,Census Tract 128,55768.0,47.517241,-92.624391,True
M.S.Toledo_OH_0,Manufacturing,Toledo Solar,Solar,Integrated CdTE,Clean Tech Manufacturing,New,Retired,25.342947,2020-06-01,OH,"1775 Progress Dr., Perrysburg, OH 43551",3909.0,OH-09,Jon Husted,Republican,Bernie Moreno,Republican,Marcy Kaptur,Democratic,173.0,39173.0,20702.0,39173020702.0,Census Tract 207.02,173.0,39173.0,20700.0,39173020700.0,Census Tract 207,43551.0,41.516062,-83.636506,True
M.S.Heliene_FL_0,Manufacturing,Heliene,Solar,Modules,Clean Tech Manufacturing,New,Retired,9.236858,2021-08-10,FL,"1800 President Barack Obama Hwy, Riviera Beach, FL 33404",1220.0,FL-20,Ashley B. Moody,Republican,Rick Scott,Republican,Sheila Cherfilus-McCormick,Democratic,99.0,12099.0,1404.0,12099001404.0,Census Tract 14.04,99.0,12099.0,1404.0,12099001404.0,Census Tract 14.04,33404.0,26.778125,-80.065785,True
M.S.GAF_CA_0,Manufacturing,GAF Energy,Solar,Modules,Clean Tech Manufacturing,New,Retired,56.229444,2021-05-11,CA,"5981 Optical Ct, San Jose, CA 95138",619.0,CA-19,Alex Padilla,Democratic,Adam Schiff,Democratic,Jimmy Panetta,Democratic,85.0,6085.0,512001.0,6085512001.0,Census Tract 5120.01,85.0,6085.0,512001.0,6085512001.0,Census Tract 5120.01,95138.0,37.252831,-121.783741,True
M.S.Crossroads_IN_0,Manufacturing,Crossroads Solar,Solar,Modules,Clean Tech Manufacturing,New,Operating,3.694743,2021-11-01,IN,"251 E Sample St, South Bend, IN 46619",1802.0,IN-02,Jim Banks,Republican,Todd C. Young,Republican,Rudy Yakym,Republican,141.0,18141.0,1700.0,18141001700.0,Census Tract 17,141.0,18141.0,1700.0,18141001700.0,Census Tract 17,46601.0,41.665573,-86.247207,True
M.S.Crossroads_IN_1,Manufacturing,Crossroads Solar,Solar,Modules,Clean Tech Manufacturing,Expansion,Operating,2.58632,2022-10-19,IN,"251 E Sample St, South Bend, IN 46619",1802.0,IN-02,Jim Banks,Republican,Todd C. Young,Republican,Rudy Yakym,Republican,141.0,18141.0,1700.0,18141001700.0,Census Tract 17,141.0,18141.0,1700.0,18141001700.0,Census Tract 17,46601.0,41.665573,-86.247207,True
M.S.RECSilicon_WA_0,Manufacturing,REC Silicon,Solar,Polysilicon,Clean Tech Manufacturing,Restart,Retired,,2022-06-01,WA,"3322 Rd N NE, Moses Lake, WA 98837",5304.0,WA-04,Maria Cantwell,Democratic,Patty Murray,Democratic,Dan Newhouse,Republican,25.0,53025.0,11002.0,53025011002.0,Census Tract 110.02,25.0,53025.0,11000.0,53025011000.0,Census Tract 110,98837.0,47.135725,-119.193508,True
M.S.Claremont_CA_0,Manufacturing,Claremont Locally Grown Power,Solar,Modules,Clean Tech Manufacturing,New,Operating,6.415927,2019-06-01,CA,"1460 E Holt Ave Ste 1440, Pomona, CA 91767",628.0,CA-28,Alex Padilla,Democratic,Adam Schiff,Democratic,Judy Chu,Democratic,37.0,6037.0,930400.0,6037930400.0,Census Tract 9304,37.0,6037.0,930301.0,6037930301.0,Census Tract 9303.01,91759.0,34.232917,-117.725804,True
M.S.SunTegra_NY_0,Manufacturing,SunTegra,Solar,Modules,Clean Tech Manufacturing,New,Retired,0.923686,2021-11-10,NY,"27 Link Dr. Binghamton, NY 13904",3619.0,NY-19,Kirsten Gillibrand,Democratic,Chuck Schumer,Democratic,Josh Riley,Democratic,7.0,36007.0,12600.0,36007012600.0,Census Tract 126,7.0,36007.0,12600.0,36007012600.0,Census Tract 126,13904.0,42.105368,-75.820801,True
M.S.Corning_MI_0,Manufacturing,Corning,Solar,"Ingots, Wafers",Clean Tech Manufacturing,New,Operating,912.754183,2024-02-27,MI,"Richland Township, MI",2608.0,MI-08,Gary Peters,Democratic,Elissa Slotkin,Democratic,Kristen McDonald Rivet,Democratic,145.0,26145.0,12100.0,26145012100.0,Census Tract 121,145.0,26145.0,12100.0,26145012100.0,Census Tract 121,48626.0,43.412826,-84.220684,True
M.S.Hemlock_MI_1,Manufacturing,Hemlock Semiconductor,Solar,Polysilicon,Clean Tech Manufacturing,Expansion,Operating,387.112214,2022-10-21,MI,"12334 Geddes Rd, Hemlock, MI 48626",2608.0,MI-08,Gary Peters,Democratic,Elissa Slotkin,Democratic,Kristen McDonald Rivet,Democratic,145.0,26145.0,12002.0,26145012002.0,Census Tract 120.02,145.0,26145.0,12002.0,26145012002.0,Census Tract 120.02,48626.0,43.433769,-84.161896,True
M.S.FirstSolar_OH_3,Manufacturing,First Solar,Solar,Integrated CdTE,Clean Tech Manufacturing,Expansion,Operating,58.32372,2020-06-01,OH,"28101 Cedar Park Blvd, Perrysburg, OH 43551",3909.0,OH-09,Jon Husted,Republican,Bernie Moreno,Republican,Marcy Kaptur,Democratic,173.0,39173.0,20702.0,39173020702.0,Census Tract 207.02,173.0,39173.0,20700.0,39173020700.0,Census Tract 207,43551.0,41.557131,-83.552986,True
M.S.FirstSolar_OH2_2,Manufacturing,First Solar,Solar,Integrated CdTE,Clean Tech Manufacturing,Expansion,Operating,58.32372,2020-06-01,OH,"PGT2 28380 Tracy Rd, Walbridge, OH 43465",3909.0,OH-09,Jon Husted,Republican,Bernie Moreno,Republican,Marcy Kaptur,Democratic,173.0,39173.0,20902.0,39173020902.0,Census Tract 209.02,173.0,39173.0,20900.0,39173020900.0,Census Tract 209,43465.0,41.560411,-83.526316,True
M.S.Silfab_WA_1,Manufacturing,Silfab Solar,Solar,Modules,Clean Tech Manufacturing,Expansion,Operating,27.710573,2018-01-01,WA,"800 Cornwall Ave. Bellingham, WA 98226",5302.0,WA-02,Maria Cantwell,Democratic,Patty Murray,Democratic,Rick Larsen,Democratic,73.0,53073.0,600.0,53073000600.0,Census Tract 6,73.0,53073.0,600.0,53073000600.0,Census Tract 6,98225.0,48.745125,-122.485464,True
M.S.FirstSolar_OH_2,Manufacturing,First Solar,Solar,Integrated CdTE,Clean Tech Manufacturing,Expansion,Operating,43.74279,2019-06-01,OH,"28101 Cedar Park Blvd, Perrysburg, OH 43551",3909.0,OH-09,Jon Husted,Republican,Bernie Moreno,Republican,Marcy Kaptur,Democratic,173.0,39173.0,20702.0,39173020702.0,Census Tract 207.02,173.0,39173.0,20700.0,39173020700.0,Census Tract 207,43551.0,41.557131,-83.552986,True
M.S.FirstSolar_OH2_1,Manufacturing,First Solar,Solar,Integrated CdTE,Clean Tech Manufacturing,Expansion,Operating,43.74279,2019-06-01,OH,"PGT2 28380 Tracy Rd, Walbridge, OH 43465",3909.0,OH-09,Jon Husted,Republican,Bernie Moreno,Republican,Marcy Kaptur,Democratic,173.0,39173.0,20902.0,39173020902.0,Census Tract 209.02,173.0,39173.0,20900.0,39173020900.0,Census Tract 209,43465.0,41.560411,-83.526316,True
M.S.NanoPV_GA_0,Manufacturing,NanoPV,Solar,Modules,Clean Tech Manufacturing,New,Operating,39.436476,2021-10-07,GA,"301 Martin Marietta St, Andersonville, GA 31711",1302.0,GA-02,Jon Ossoff,Democratic,Raphael Warnock,Democratic,Sanford Bishop Jr.,Democratic,261.0,13261.0,950300.0,13261950300.0,Census Tract 9503,261.0,13261.0,950300.0,13261950300.0,Census Tract 9503,31711.0,32.119898,-84.204328,True
M.S.FirstSolar_OH_1,Manufacturing,First Solar,Solar,Integrated CdTE,Clean Tech Manufacturing,Expansion,Operating,29.16186,2018-06-01,OH,"28101 Cedar Park Blvd, Perrysburg, OH 43551",3909.0,OH-09,Jon Husted,Republican,Bernie Moreno,Republican,Marcy Kaptur,Democratic,173.0,39173.0,20702.0,39173020702.0,Census Tract 207.02,173.0,39173.0,20700.0,39173020700.0,Census Tract 207,43551.0,41.557131,-83.552986,True
M.S.Tandem_CA_0,Manufacturing,Tandem PV,Solar,Modules,Clean Tech Manufacturing,New,Under Construction,13.691313,2024-01-16,CA,"San Jose, CA",,,,,,,,,,,,,,,,,,,,37.33701,-121.89168,False
M.S.Mateis_SC_0,Manufacturing,Mateis Solar Corp,Solar,Modules,Clean Tech Manufacturing,New,Announced,11.483874,2023-05-08,SC,"355 Woodruff Rd, Greenville, SC 29607",4504.0,SC-04,Lindsey Graham,Republican,Tim Scott,Republican,William Timmons,Republican,45.0,45045.0,200.0,45045000200.0,Census Tract 2,45.0,45045.0,200.0,45045000200.0,Census Tract 2,29601.0,34.853428,-82.397853,True
M.S.Atkore_AZ_0,Manufacturing,Atkore,Solar,Trackers,Clean Tech Manufacturing,New,Operating,10.517913,2022-05-20,AZ,"2525 N 27th Ave, Phoenix, AZ 85009",403.0,AZ-03,Ruben Gallego,Democratic,Mark Kelly,Democratic,Yassamin Ansari,Democratic,13.0,4013.0,116800.0,4013116800.0,Census Tract 1168,13.0,4013.0,116800.0,4013116800.0,Census Tract 1168,85009.0,33.476992,-112.114477,True
M.S.JMSteel_TX_0,Manufacturing,JM Steel,Solar,Trackers,Clean Tech Manufacturing,Expansion,Operating,10.517913,2021-08-31,TX,"8534 TX-89, Sinton, TX 78387",4827.0,TX-27,John Cornyn,Republican,Ted Cruz,Republican,Michael Cloud,Republican,409.0,48409.0,10700.0,48409010700.0,Census Tract 107,409.0,48409.0,10700.0,48409010700.0,Census Tract 107,78390.0,28.06115,-97.488728,True
M.S.OMCO_AL2_0,Manufacturing,OMCO Solar,Solar,Mounting equipment,Clean Tech Manufacturing,New,Operating,10.206167,2023-09-12,AL,"26385 Distribution Blvd. NW, Suite 500
Huntsville, AL 35756",105.0,AL-05,Katie Britt,Republican,Tommy Tuberville,Republican,Dale Strong,Republican,83.0,1083.0,21203.0,1083021203.0,Census Tract 212.03,83.0,1083.0,21200.0,1083021200.0,Census Tract 212,35756.0,34.661182,-86.853655,True
M.S.OMCO_IN2_0,Manufacturing,OMCO Solar,Solar,Mounting equipment,Clean Tech Manufacturing,New,Operating,5.103944,2023-05-18,IN,"1000 W 300 N, Warsaw, IN 46582",1802.0,IN-02,Jim Banks,Republican,Todd C. Young,Republican,Rudy Yakym,Republican,85.0,18085.0,961800.0,18085961800.0,Census Tract 9618,85.0,18085.0,961800.0,18085961800.0,Census Tract 9618,46582.0,41.2768,-85.86829,True
M.S.MicroLinks_IL_0,Manufacturing,MicroLinks Devices,Solar,Cells,Clean Tech Manufacturing,Expansion,Operating,4.847929,2023-08-24,IL,"6457 W Howard St, Niles, IL 60714",1709.0,IL-09,Tammy Duckworth,Democratic,Dick Durbin,Democratic,Jan Schakowsky,Democratic,31.0,17031.0,808100.0,17031808100.0,Census Tract 8081,31.0,17031.0,808100.0,17031808100.0,Census Tract 8081,60714.0,42.01886,-87.78691,True
M.S.Alpha_TX_0,Manufacturing,Alpha Steel,Solar,Torque Tubes,Clean Tech Manufacturing,New,Under Construction,,2023-02-09,TX,"5000 I-10 Warehouse#6, Sealy, TX 77474",4810.0,TX-10,John Cornyn,Republican,Ted Cruz,Republican,Michael McCaul,Republican,15.0,48015.0,760302.0,48015760302.0,Census Tract 7603.02,15.0,48015.0,760300.0,48015760300.0,Census Tract 7603,77474.0,29.76253,-96.21971,True
M.S.Naked_TX_0,Manufacturing,Naked Energy,Solar,Modules,Clean Tech Manufacturing,New,Operating,1.511989,2024-04-08,TX,"4300 Live Oak Dr, The Colony, TX 75056",4826.0,TX-26,John Cornyn,Republican,Ted Cruz,Republican,Brandon Gill,Republican,121.0,48121.0,21518.0,48121021518.0,Census Tract 215.18,121.0,48121.0,21518.0,48121021518.0,Census Tract 215.18,75056.0,33.068245,-96.894151,True
M.S.Boviet_NC_0,Manufacturing,Boviet Solar,Solar,"Modules, Cells",Clean Tech Manufacturing,New,Operating,121.967078,2024-04-26,NC,"1125 Sugg Pkwy, Greenville, NC 27834",3703.0,NC-03,Ted Budd,Republican,Thom Tillis,Republican,Gregory Murphy,Republican,147.0,37147.0,901.0,37147000901.0,Census Tract 9.01,147.0,37147.0,900.0,37147000900.0,Census Tract 9,27834.0,35.654829,-77.3469,True
M.S.Boviet_NC_1,Manufacturing,Boviet Solar,Solar,"Modules, Cells",Clean Tech Manufacturing,New,Under Construction,174.382682,2024-04-26,NC,"1125 Sugg Pkwy, Greenville, NC 27834",3703.0,NC-03,Ted Budd,Republican,Thom Tillis,Republican,Gregory Murphy,Republican,147.0,37147.0,901.0,37147000901.0,Census Tract 9.01,147.0,37147.0,900.0,37147000900.0,Census Tract 9,27834.0,35.654829,-77.3469,True
M.S.ReCreate_TN_0,Manufacturing,ReCreate,Solar,"Cells, Modules",Clean Tech Manufacturing,New,Announced,461.842891,2024-06-14,TN,102 Western Drive Portland TN 37148,4706.0,TN-06,Marsha Blackburn,Republican,Bill Hagerty,Republican,John Rose,Republican,165.0,47165.0,20300.0,47165020300.0,Census Tract 203,165.0,47165.0,20300.0,47165020300.0,Census Tract 203,37148.0,36.60231,-86.52187,True
M.S.Unimacts_NV2_0,Manufacturing,Unimacts,Solar,Torque Tubes,Clean Tech Manufacturing,New,Operating,8.093678,2024-06-18,NV,"14600 Arville St, Sloan, NV 89054",3203.0,NV-03,Catherine Cortez Masto,Democratic,Jacky Rosen,Democratic,Susie Lee,Democratic,3.0,32003.0,5839.0,32003005839.0,Census Tract 58.39,3.0,32003.0,5839.0,32003005839.0,Census Tract 58.39,89179.0,35.92866,-115.19721,True
M.S.EnduransSolar_NH_0,Manufacturing,Endurans Solar,Solar,Backsheets,Clean Tech Manufacturing,Expansion,Operating,,2022-09-27,NH,"3 Spit Brook Rd, Nashua, NH 03060",3302.0,NH-02,Maggie Hassan,Democratic,Jeanne Shaheen,Democratic,Maggie Goodlander,Democratic,11.0,33011.0,11102.0,33011011102.0,Census Tract 111.02,11.0,33011.0,11102.0,33011011102.0,Census Tract 111.02,3060.0,42.70959,-71.43937,True
M.S.MSS_TN_0,Manufacturing,MSS Steel Tubes,Solar,Torque Tubes,Clean Tech Manufacturing,New,Operating,6.120983,2023-02-08,TN,"4129 Outland Rd, Memphis, TN 38118",4709.0,TN-09,Marsha Blackburn,Republican,Bill Hagerty,Republican,Steve Cohen,Democratic,157.0,47157.0,22600.0,47157022600.0,Census Tract 226,157.0,47157.0,22600.0,47157022600.0,Census Tract 226,38118.0,35.0356,-89.90194,True
M.S.PolarRacking_MI_0,Manufacturing,Polar Racking,Solar,Trackers,Clean Tech Manufacturing,New,Operating,,2023-05-19,MI,MI,,,,,,,,,,,,,,,,,,,,43.79458,-84.63191,False
M.S.PolarRacking_FL_0,Manufacturing,Polar Racking,Solar,Trackers,Clean Tech Manufacturing,New,Operating,,2023-05-19,FL,FL,,,,,,,,,,,,,,,,,,,,27.78629,-81.62635,False
M.S.IRH_IN_0,Manufacturing,IRH Manufacturing,Solar,Cells,Clean Tech Manufacturing,New,Announced,501.219281,2024-09-20,IN,"5880 W Old State Rd 28, Tipton, IN 46072",1805.0,IN-05,Jim Banks,Republican,Todd C. Young,Republican,Victoria Spartz,Republican,159.0,18159.0,20300.0,18159020300.0,Census Tract 203,159.0,18159.0,20300.0,18159020300.0,Census Tract 203,46072.0,40.275481,-86.123036,True
M.S.SolarEdge_TX_0,Manufacturing,Solar Edge,Solar,Residential inverters,Clean Tech Manufacturing,New,Operating,,2023-09-13,TX,"Austin, TX",,,,,,,,,,,,,,,,,,,,30.266746,-97.741338,False
M.S.NanoPV_GA2_0,Manufacturing,NanoPV,Solar,"Cells, Modules",Clean Tech Manufacturing,New,Announced,135.329206,2024-07-15,GA,"301 Martin Marietta St, Andersonville, GA 31711",1302.0,GA-02,Jon Ossoff,Democratic,Raphael Warnock,Democratic,Sanford Bishop Jr.,Democratic,261.0,13261.0,950300.0,13261950300.0,Census Tract 9503,261.0,13261.0,950300.0,13261950300.0,Census Tract 9503,31711.0,32.119843,-84.204339,True
M.S.Zekelman_AL_1,Manufacturing,Zekelman (Atlas Tube),Solar,Torque Tubes,Clean Tech Manufacturing,Expansion,Under Construction,2.305609,2024-07-22,AL,"171 Cleage Dr, Birmingham, AL 35217",107.0,AL-07,Katie Britt,Republican,Tommy Tuberville,Republican,Terri Sewell,Democratic,73.0,1073.0,11901.0,1073011901.0,Census Tract 119.01,73.0,1073.0,11901.0,1073011901.0,Census Tract 119.01,35217.0,33.62822,-86.739307,True
M.S.Zekelman_AL2_1,Manufacturing,Zekelman (Wheatland Tube),Solar,Torque Tubes,Clean Tech Manufacturing,Expansion,Under Construction,3.90951,2024-07-22,AL,"3900 Pinson Valley Pkwy
Birmingham, AL
35217",107.0,AL-07,Katie Britt,Republican,Tommy Tuberville,Republican,Terri Sewell,Democratic,73.0,1073.0,11901.0,1073011901.0,Census Tract 119.01,73.0,1073.0,11901.0,1073011901.0,Census Tract 119.01,35217.0,33.633865,-86.72951,True
M.S.Heliene_MN2_0,Manufacturing,"Heliene, Premier",Solar,Cells,Clean Tech Manufacturing,New,Announced,295.331106,2024-07-26,MN,Minneapolis,,,,,,,,,,,,,,,,,,,,44.976254,-93.267661,False
M.S.EbonSolar_NM_0,Manufacturing,Ebon Solar,Solar,Cells,Clean Tech Manufacturing,New,Announced,209.843806,2024-08-13,NM,"Mesa del Sol, Albuquerque, NM",3501.0,NM-01,Martin Heinrich,Democratic,Ben Ray Luján,Democratic,Melanie Ann Stansbury,Democratic,1.0,35001.0,4001.0,35001004001.0,Census Tract 40.01,1.0,35001.0,4001.0,35001004001.0,Census Tract 40.01,87106.0,34.98814,-106.616718,True
M.S.EbonSolar_NM_1,Manufacturing,Ebon Solar,Solar,Cells,Clean Tech Manufacturing,Expansion,Announced,734.45332,2024-08-13,NM,"Mesa del Sol, Albuquerque, NM",3501.0,NM-01,Martin Heinrich,Democratic,Ben Ray Luján,Democratic,Melanie Ann Stansbury,Democratic,1.0,35001.0,4001.0,35001004001.0,Census Tract 40.01,1.0,35001.0,4001.0,35001004001.0,Census Tract 40.01,87106.0,34.98814,-106.616718,True
M.S.Solarix_VA_0,Manufacturing,Solarix,Solar,Modules,Clean Tech Manufacturing,New,Announced,63.153629,2024-08-05,VA,2150 Perrowville Rd Forest VA 24551,5105.0,VA-05,Tim Kaine,Democratic,Mark Warner,Democratic,John McGuire,Republican,19.0,51019.0,30204.0,51019030204.0,Census Tract 302.04,19.0,51019.0,30201.0,51019030201.0,Census Tract 302.01,24551.0,37.377379,-79.316087,True
M.S.Ice_LA_0,Manufacturing,Ice Industries,Solar,Mounting Equpment (Steel back rails),Clean Tech Manufacturing,New,Operating,6.014631,2024-08-28,LA,"21095 South Frontage Road, Lacassine, LA 70591",2203.0,LA-03,Bill Cassidy,Republican,John Neely Kennedy,Republican,Clay Higgins,Republican,53.0,22053.0,200.0,22053000200.0,Census Tract 2,53.0,22053.0,200.0,22053000200.0,Census Tract 2,70647.0,30.241495,-92.951238,True
M.S.TMEIC_TX_1,Manufacturing,TMEIC,Solar,Utility Inverters,Clean Tech Manufacturing,New,Operating,10.024386,2024-08-26,TX,"4006 Westport Dr, Brookshire, TX 77423",4810.0,TX-10,John Cornyn,Republican,Ted Cruz,Republican,Michael McCaul,Republican,473.0,48473.0,680100.0,48473680100.0,Census Tract 6801,473.0,48473.0,680100.0,48473680100.0,Census Tract 6801,77423.0,29.766426,-95.908676,True
M.S.PMEA_OH_0,Manufacturing,PMEA,Solar,"Torque Tubes, Mounting Equipment",Clean Tech Manufacturing,New,Under Construction,5.103944,2023-05-08,OH,5225 TELEGRAPH ROAD TOLEDO OH 43612,3909.0,OH-09,Jon Husted,Republican,Bernie Moreno,Republican,Marcy Kaptur,Democratic,95.0,39095.0,5705.0,39095005705.0,Census Tract 57.05,95.0,39095.0,5702.0,39095005702.0,Census Tract 57.02,43612.0,41.71139,-83.549714,True
M.S.Hemlock_MI2_0,Manufacturing,Hemlock Semiconductor,Solar,Polysilicon,Clean Tech Manufacturing,New,Announced,411.9401,2024-10-24,MI,"12334 Geddes Rd, Hemlock, MI 48626",2608.0,MI-08,Gary Peters,Democratic,Elissa Slotkin,Democratic,Kristen McDonald Rivet,Democratic,145.0,26145.0,12002.0,26145012002.0,Census Tract 120.02,145.0,26145.0,12002.0,26145012002.0,Census Tract 120.02,48626.0,43.433769,-84.161896,True
M.S.Toyo_TX_0,Manufacturing,Toyo Solar,Solar,Modules,Clean Tech Manufacturing,New,Operating,230.921446,2024-11-24,TX,"6115 Greens Rd, Humble, TX 77396",4818.0,TX-18,John Cornyn,Republican,Ted Cruz,Republican,Vacant,,201.0,48201.0,241501.0,48201241501.0,Census Tract 2415.01,201.0,48201.0,241500.0,48201241500.0,Census Tract 2415,77396.0,29.952679,-95.298319,True
M.S.Maxeon_NM2_0,Manufacturing,Maxeon Solar,Solar,Modules,Clean Tech Manufacturing,New,Announced,184.737156,2024-11-27,NM,"8500 Bluewater Rd NW, Albuquerque, NM 87121",3502.0,NM-02,Martin Heinrich,Democratic,Ben Ray Luján,Democratic,Gabriel Vasquez,Democratic,1.0,35001.0,4759.0,35001004759.0,Census Tract 47.59,1.0,35001.0,4741.0,35001004741.0,Census Tract 47.41,87121.0,35.081493,-106.726164,True
M.S.SolarEdge_FL_0,Manufacturing,"Solar Edge, Jabil",Solar,"Power optimizers, commercial inverters, residential inverters",Clean Tech Manufacturing,New,Operating,,2024-06-11,FL,"7340 Bryan Dairy Rd., Seminole, FL 33777",1213.0,FL-13,Ashley B. Moody,Republican,Rick Scott,Republican,Anna Paulina Luna,Republican,103.0,12103.0,25009.0,12103025009.0,Census Tract 250.09,103.0,12103.0,25009.0,12103025009.0,Census Tract 250.09,33777.0,27.869271,-82.740216,True
M.S.Runergy_AL_0,Manufacturing,Runergy,Solar,Modules,Clean Tech Manufacturing,New,Operating,184.737156,2024-10-04,AL,"4905 Moores Mill Rd, Huntsville, AL 35811",105.0,AL-05,Katie Britt,Republican,Tommy Tuberville,Republican,Dale Strong,Republican,89.0,1089.0,203.0,1089000203.0,Census Tract 2.03,89.0,1089.0,201.0,1089000201.0,Census Tract 2.01,35811.0,34.7791,-86.539395,True
M.S.ESFoundry_SC_0,Manufacturing,ES Foundry,Solar,Cells,Clean Tech Manufacturing,New,Operating,760.288407,2024-10-01,SC,"211 Puckett Ferry Road Greenwood, SC, 29649",4503.0,SC-03,Lindsey Graham,Republican,Tim Scott,Republican,Sheri Biggs,Republican,47.0,45047.0,970301.0,45047970301.0,Census Tract 9703.01,47.0,45047.0,970301.0,45047970301.0,Census Tract 9703.01,29646.0,34.195507,-82.158052,True
M.S.T1Energy_TX2_0,Manufacturing,T1 Energy,Solar,Cells,Clean Tech Manufacturing,New,Under Construction,412.119063,2025-03-17,TX,"Milam County, TX",4817.0,TX-17,John Cornyn,Republican,Ted Cruz,Republican,Pete Sessions,Republican,331.0,48331.0,950700.0,48331950700.0,Census Tract 9507,331.0,48331.0,950700.0,48331950700.0,Census Tract 9507,76567.0,30.655335,-97.001416,True
M.S.GEVernova_PA_0,Manufacturing,GE Vernova,Solar,Utility Inverters,Clean Tech Manufacturing,New,Announced,9.990765,2025-01-25,PA,"Findlay Township, PA",4217.0,PA-17,John Fetterman,Democratic,David McCormick,Republican,Chris Deluzio,Democratic,3.0,42003.0,452000.0,42003452000.0,Census Tract 4520,3.0,42003.0,452000.0,42003452000.0,Census Tract 4520,15126.0,40.474695,-80.288126,True
M.S.Talon_TX_0,Manufacturing,TalonPV,Solar,Cells,Clean Tech Manufacturing,New,Under Construction,1417.589307,2025-02-25,TX,"Houston, TX",,,,,,,,,,,,,,,,,,,,29.764184,-95.365112,False
M.S.Origami_AR_0,Manufacturing,"Origami Solar, Priefert",Solar,Mounting Equpment (Frames),Clean Tech Manufacturing,New,Operating,,2024-06-20,AR,"1325 River St., Benton, AR 72015",502.0,AR-02,John Boozman,Republican,Tom Cotton,Republican,French Hill,Republican,125.0,5125.0,10601.0,5125010601.0,Census Tract 106.01,125.0,5125.0,10600.0,5125010600.0,Census Tract 106,72015.0,34.551577,-92.601027,True
M.S.MissionSolar_TX2_0,Manufacturing,Mission Solar,Solar,Cells,Clean Tech Manufacturing,New,Under Construction,264.755277,2025-03-20,TX,"8303 S New Braunfels Ave, San Antonio, TX 78235",4828.0,TX-28,John Cornyn,Republican,Ted Cruz,Republican,Henry Cuellar,Democratic,29.0,48029.0,192200.0,48029192200.0,Census Tract 1922,29.0,48029.0,192200.0,48029192200.0,Census Tract 1922,78235.0,29.338014,-98.43911,True
M.S.APASolar_OH_0,Manufacturing,APA Solar,Solar,Mounting Equipment (Racking),Clean Tech Manufacturing,New,Announced,9.749976,2025-04-01,OH,Williams County,,,,,,,,,,,,,,,,,,,,41.563235,-84.577383,False
M.S.Opsun_NC_0,Manufacturing,Opsun,Solar,Mounting Equipment (Racking),Clean Tech Manufacturing,New,Operating,9.299977,2025-04-17,NC,High Point,,,,,,,,,,,,,,,,,,,,35.955109,-80.004215,False
M.S.Corning_MI_1,Manufacturing,Corning,Solar,"Ingots, Wafers",Clean Tech Manufacturing,Expansion,Operating,599.998514,2025-04-29,MI,"Richland Township, MI",2608.0,MI-08,Gary Peters,Democratic,Elissa Slotkin,Democratic,Kristen McDonald Rivet,Democratic,145.0,26145.0,12100.0,26145012100.0,Census Tract 121,145.0,26145.0,12100.0,26145012100.0,Census Tract 121,48626.0,43.412826,-84.220684,True
M.S.Tigo_TX_0,Manufacturing,"Tigo, EG4",Solar,Inverters,Clean Tech Manufacturing,New,Announced,,2025-08-25,TX,"Commerce, Texas",,,,,,,,,,,,,,,,,,,,33.249135,-95.908907,False
M.S.SMASolar_TN_0,Manufacturing,SMA Solar,Solar,Utility Inverters,Clean Tech Manufacturing,New,Announced,,2025-08-08,TN,"Portland, Tennessee",,,,,,,,,,,,,,,,,,,,36.581008,-86.516431,False
M.S.Parasol_CA_0,Manufacturing,Parasol Elite Power,Solar,Inverters,Clean Tech Manufacturing,New,Announced,49.364494,2025-08-19,CA,"Merced County, CA",,,,,,,,,,,,,,,,,,,,37.218137,-120.701212,False
M.S.MSS_TN_1,Manufacturing,MSS Steel Tubes,Solar,Torque Tubes,Clean Tech Manufacturing,Expansion,Announced,,2025-12-03,TN,"4129 Outland Rd, Memphis, TN 38118",4709.0,TN-09,Marsha Blackburn,Republican,Bill Hagerty,Republican,Steve Cohen,Democratic,157.0,47157.0,22600.0,47157022600.0,Census Tract 226,157.0,47157.0,22600.0,47157022600.0,Census Tract 226,38118.0,35.0356,-89.90194,True
M.S.FirstSolar_SC_0,Manufacturing,First Solar,Solar,Integrated CdTE,Clean Tech Manufacturing,New,Announced,292.423113,2025-11-17,SC,"121 Logistics Drive, Gaffney, SC 29341",4505.0,SC-05,Lindsey Graham,Republican,Tim Scott,Republican,Ralph Norman,Republican,21.0,45021.0,970201.0,45021970201.0,Census Tract 9702.01,21.0,45021.0,970201.0,45021970201.0,Census Tract 9702.01,29341.0,35.100098,-81.707925,True
M.S.OhioSunshine_OH_0,Manufacturing,Ohio Sunshine,Solar,Modules,Clean Tech Manufacturing,New,Announced,184.737156,2025-12-17,OH,"Papermill Road, Coshocton",3912.0,OH-12,Jon Husted,Republican,Bernie Moreno,Republican,Troy Balderson,Republican,31.0,39031.0,961200.0,39031961200.0,Census Tract 9612,31.0,39031.0,961200.0,39031961200.0,Census Tract 9612,43812.0,40.236379,-81.864179,True
M.Z.Archer_GA_0,Manufacturing,Archer,Zero Emission Vehicles,BEVs,Clean Tech Manufacturing,New,Operating,121.81131,2022-11-14,GA,"14100 GA-142, Covington, GA 30014",1313.0,GA-13,Jon Ossoff,Democratic,Raphael Warnock,Democratic,David Scott,Democratic,217.0,13217.0,100101.0,13217100101.0,Census Tract 1001.01,217.0,13217.0,100100.0,13217100100.0,Census Tract 1001,30014.0,33.629712,-83.836316,True
M.Z.Arrival_NC_0,Manufacturing,Arrival,Zero Emission Vehicles,BEVs,Clean Tech Manufacturing,New,Canceled prior to operation,46.382054,2021-03-17,NC,"4100 Meadow Oak Dr, Charlotte, NC 28208",3712.0,NC-12,Ted Budd,Republican,Thom Tillis,Republican,Alma Adams,Democratic,119.0,37119.0,3903.0,37119003903.0,Census Tract 39.03,119.0,37119.0,3903.0,37119003903.0,Census Tract 39.03,28208.0,35.192577,-80.921971,True
M.Z.Arrival_SC_0,Manufacturing,Arrival,Zero Emission Vehicles,BEVs,Clean Tech Manufacturing,New,Operating,51.754373,2020-10-13,SC,"Rock Hill, York County, SC",4505.0,SC-05,Lindsey Graham,Republican,Tim Scott,Republican,Ralph Norman,Republican,91.0,45091.0,61205.0,45091061205.0,Census Tract 612.05,91.0,45091.0,61201.0,45091061201.0,Census Tract 612.01,29730.0,34.91543,-80.96167,True
M.Z.BMW_SC_0,Manufacturing,BMW,Zero Emission Vehicles,PHEVs,Clean Tech Manufacturing,Expansion,Under Construction,1032.299238,2022-10-19,SC,"1400 SC-101, Greer, SC 29651",4504.0,SC-04,Lindsey Graham,Republican,Tim Scott,Republican,William Timmons,Republican,83.0,45083.0,23202.0,45083023202.0,Census Tract 232.02,83.0,45083.0,23202.0,45083023202.0,Census Tract 232.02,29651.0,34.894624,-82.17843,True
M.Z.BMW_SC_1,Manufacturing,BMW,Zero Emission Vehicles,PHEVs,Clean Tech Manufacturing,Expansion,Operating,7.386807,2022-03-03,SC,"1400 SC-101, Greer, SC 29651",4504.0,SC-04,Lindsey Graham,Republican,Tim Scott,Republican,William Timmons,Republican,83.0,45083.0,23202.0,45083023202.0,Census Tract 232.02,83.0,45083.0,23202.0,45083023202.0,Census Tract 232.02,29651.0,34.894624,-82.17843,True
M.Z.BMW_SC_2,Manufacturing,BMW,Zero Emission Vehicles,PHEVs,Clean Tech Manufacturing,Expansion,Operating,23.622508,2017-06-26,SC,"1400 SC-101, Greer, SC 29651",4504.0,SC-04,Lindsey Graham,Republican,Tim Scott,Republican,William Timmons,Republican,83.0,45083.0,23202.0,45083023202.0,Census Tract 232.02,83.0,45083.0,23202.0,45083023202.0,Census Tract 232.02,29651.0,34.894624,-82.17843,True
M.Z.Bollinger_MI_0,Manufacturing,Bollinger Motors,Zero Emission Vehicles,BEVs,Clean Tech Manufacturing,Expansion,Retired,22.453567,2023-07-25,MI,"14925 W Eleven Mile Rd, Oak Park, MI 48237",2611.0,MI-11,Gary Peters,Democratic,Elissa Slotkin,Democratic,Haley Stevens,Democratic,125.0,26125.0,171000.0,26125171000.0,Census Tract 1710,125.0,26125.0,171000.0,26125171000.0,Census Tract 1710,48237.0,42.48803,-83.19654,True
M.Z.BYD_CA_0,Manufacturing,BYD,Zero Emission Vehicles,BEVs,Clean Tech Manufacturing,Expansion,Operating,5.717447,2018-09-18,CA,"46147 7th St W, Lancaster, CA 93534",627.0,CA-27,Alex Padilla,Democratic,Adam Schiff,Democratic,George Whitesides,Democratic,37.0,6037.0,900901.0,6037900901.0,Census Tract 9009.01,37.0,6037.0,900900.0,6037900900.0,Census Tract 9009,93534.0,34.721722,-118.145356,True
M.Z.Canoo_OK_0,Manufacturing,Canoo,Zero Emission Vehicles,EVs,Clean Tech Manufacturing,New,Canceled prior to operation,179.934222,2021-06-17,OK,"4075 Sanders Mitchell St, Pryor Creek, OK 74361",4002.0,OK-02,James Lankford,Republican,Markwayne Mullin,Republican,Josh Brecheen,Republican,97.0,40097.0,40400.0,40097040400.0,Census Tract 404,97.0,40097.0,40400.0,40097040400.0,Census Tract 404,74361.0,36.247135,-95.28827,True
M.Z.Cargotec_KS_0,Manufacturing,Cargotec,Zero Emission Vehicles,BEVs,Clean Tech Manufacturing,Expansion,Operating,22.195617,2022-06-08,KS,"415 E Dundee St, Ottawa, KS 66067",2003.0,KS-03,Roger Marshall,Republican,Jerry Moran,Republican,Sharice Davids,Democratic,59.0,20059.0,954200.0,20059954200.0,Census Tract 9542,59.0,20059.0,954200.0,20059954200.0,Census Tract 9542,66067.0,38.633467,-95.263973,True
M.Z.Cenntro_FL_0,Manufacturing,Cenntro Automotive,Zero Emission Vehicles,BEVs,Clean Tech Manufacturing,New,Operating,27.386442,2021-12-14,FL,"2240 Lane Ave N, Jacksonville, FL 32254",1204.0,FL-04,Ashley B. Moody,Republican,Rick Scott,Republican,Aaron Bean,Republican,31.0,12031.0,11700.0,12031011700.0,Census Tract 117,31.0,12031.0,11700.0,12031011700.0,Census Tract 117,32254.0,30.35101,-81.75226,True
M.Z.Envirotech_AR_0,Manufacturing,Envirotech Vehicles,Zero Emission Vehicles,EVs,Clean Tech Manufacturing,New,Operating,86.277901,2022-02-24,AR,"1425 Ohlendorf Rd, Osceola, AR 72370",501.0,AR-01,John Boozman,Republican,Tom Cotton,Republican,Rick Crawford,Republican,93.0,5093.0,11000.0,5093011000.0,Census Tract 110,93.0,5093.0,11000.0,5093011000.0,Census Tract 110,72370.0,35.68761,-89.97158,True
M.Z.FCA_MI_0,Manufacturing,Fiat Chrysler Automobiles,Zero Emission Vehicles,PHEVs,Clean Tech Manufacturing,Expansion,Operating,181.927046,2019-02-26,MI,"4000 St. Jean Avenue, Detroit, Michigan",2613.0,MI-13,Gary Peters,Democratic,Elissa Slotkin,Democratic,Shri Thanedar,Democratic,163.0,26163.0,985200.0,26163985200.0,Census Tract 9852,163.0,26163.0,985200.0,26163985200.0,Census Tract 9852,48214.0,42.380852,-82.979527,True
M.Z.FCA_MI2_0,Manufacturing,Fiat Chrysler Automobiles,Zero Emission Vehicles,PHEVs,Clean Tech Manufacturing,Expansion,Operating,170.556605,2019-02-26,MI,"21500 Mound Road, Warren, MI",2610.0,MI-10,Gary Peters,Democratic,Elissa Slotkin,Democratic,John James,Republican,99.0,26099.0,982200.0,26099982200.0,Census Tract 9822,99.0,26099.0,982200.0,26099982200.0,Census Tract 9822,48091.0,42.456028,-83.043498,True
M.Z.Ford_IL_0,Manufacturing,Ford,Zero Emission Vehicles,PHEVs,Clean Tech Manufacturing,Expansion,Operating,6.439197,2019-06-24,IL,"12600 S Torrence Ave, Chicago, IL 60633",1702.0,IL-02,Tammy Duckworth,Democratic,Dick Durbin,Democratic,Robin Kelly,Democratic,31.0,17031.0,838800.0,17031838800.0,Census Tract 8388,31.0,17031.0,838800.0,17031838800.0,Census Tract 8388,60633.0,41.664022,-87.561718,True
M.Z.Ford_IL_1,Manufacturing,Ford,Zero Emission Vehicles,PHEVs,Clean Tech Manufacturing,Expansion,Operating,28.29404,2019-07-22,IL,"12600 S Torrence Ave, Chicago, IL 60633",1702.0,IL-02,Tammy Duckworth,Democratic,Dick Durbin,Democratic,Robin Kelly,Democratic,31.0,17031.0,838800.0,17031838800.0,Census Tract 8388,31.0,17031.0,838800.0,17031838800.0,Census Tract 8388,60633.0,41.664022,-87.561718,True
M.Z.Ford_TN_0,Manufacturing,Ford,Zero Emission Vehicles,BEVs,Clean Tech Manufacturing,New,Canceled prior to operation,3118.56181,2021-09-27,TN,"4767 Stanton-Somerville Rd, Stanton, TN 38069",4708.0,TN-08,Marsha Blackburn,Republican,Bill Hagerty,Republican,David Kustoff,Republican,75.0,47075.0,930500.0,47075930500.0,Census Tract 9305,75.0,47075.0,930500.0,47075930500.0,Census Tract 9305,38069.0,35.408052,-89.413507,True
M.Z.Ford_MI_0,Manufacturing,Ford,Zero Emission Vehicles,BEVs,Clean Tech Manufacturing,New,Retired,789.157212,2020-09-17,MI,"3001 Miller Rd, Dearborn, MI 48120",2612.0,MI-12,Gary Peters,Democratic,Elissa Slotkin,Democratic,Rashida Tlaib,Democratic,163.0,26163.0,985700.0,26163985700.0,Census Tract 9857,163.0,26163.0,985700.0,26163985700.0,Census Tract 9857,48120.0,42.298855,-83.149457,True
M.Z.Ford_MI_1,Manufacturing,Ford,Zero Emission Vehicles,BEVs,Clean Tech Manufacturing,Expansion,Retired,278.443019,2021-09-16,MI,"3001 Miller Rd, Dearborn, MI 48120",2612.0,MI-12,Gary Peters,Democratic,Elissa Slotkin,Democratic,Rashida Tlaib,Democratic,163.0,26163.0,985700.0,26163985700.0,Census Tract 9857,163.0,26163.0,985700.0,26163985700.0,Census Tract 9857,48120.0,42.298855,-83.149457,True
M.Z.Ford_OH_0,Manufacturing,Ford,Zero Emission Vehicles,EVs,Clean Tech Manufacturing,Expansion,Canceled prior to operation,1586.156511,2022-06-03,OH,"799 Abbe Rd N, Sheffield, OH 44054",3905.0,OH-05,Jon Husted,Republican,Bernie Moreno,Republican,Bob Latta,Republican,93.0,39093.0,28100.0,39093028100.0,Census Tract 281,93.0,39093.0,28100.0,39093028100.0,Census Tract 281,44054.0,41.487468,-82.075311,True
M.Z.Ford_MO_0,Manufacturing,Ford,Zero Emission Vehicles,BEVs,Clean Tech Manufacturing,Expansion,Operating,50.22829,2022-06-07,MO,"8121 US-69, Kansas City, MO 64119",2906.0,MO-06,Josh Hawley,Republican,Eric Schmitt,Republican,Sam Graves,Republican,47.0,29047.0,21808.0,29047021808.0,Census Tract 218.08,47.0,29047.0,21803.0,29047021803.0,Census Tract 218.03,64157.0,39.280504,-94.460455,True
M.Z.GM_MI_0,Manufacturing,General Motors,Zero Emission Vehicles,BEVs,Clean Tech Manufacturing,Expansion,Operating,341.113211,2019-03-22,MI,"4555 Giddings Rd, Lake Orion, MI 48359",2609.0,MI-09,Gary Peters,Democratic,Elissa Slotkin,Democratic,Lisa McClain,Republican,125.0,26125.0,128400.0,26125128400.0,Census Tract 1284,125.0,26125.0,128400.0,26125128400.0,Census Tract 1284,48359.0,42.716196,-83.260625,True
M.Z.GM_MI_1,Manufacturing,General Motors,Zero Emission Vehicles,BEVs,Clean Tech Manufacturing,Expansion,Canceled prior to operation,4313.895036,2022-01-25,MI,"4555 Giddings Rd, Lake Orion, MI 48359",2609.0,MI-09,Gary Peters,Democratic,Elissa Slotkin,Democratic,Lisa McClain,Republican,125.0,26125.0,128400.0,26125128400.0,Census Tract 1284,125.0,26125.0,128400.0,26125128400.0,Census Tract 1284,48359.0,42.716196,-83.260625,True
M.Z.GM_MI2_0,Manufacturing,General Motors,Zero Emission Vehicles,BEVs,Clean Tech Manufacturing,Expansion,Operating,2489.262997,2020-01-27,MI,"2500 East Grand Blvd, Detroit, MI 48211",2613.0,MI-13,Gary Peters,Democratic,Elissa Slotkin,Democratic,Shri Thanedar,Democratic,163.0,26163.0,985100.0,26163985100.0,Census Tract 9851,163.0,26163.0,985100.0,26163985100.0,Census Tract 9851,48211.0,42.376962,-83.055658,True
M.Z.GM_TN_0,Manufacturing,General Motors,Zero Emission Vehicles,BEVs,Clean Tech Manufacturing,Expansion,Operating,2250.190122,2020-10-20,TN,"100 Saturn Pkwy, Spring Hill, TN 37174",4705.0,TN-05,Marsha Blackburn,Republican,Bill Hagerty,Republican,Andy Ogles,Republican,119.0,47119.0,10201.0,47119010201.0,Census Tract 102.01,119.0,47119.0,10201.0,47119010201.0,Census Tract 102.01,37174.0,35.735297,-86.960225,True
M.Z.Honda_OH_0,Manufacturing,Honda,Zero Emission Vehicles,"BEVs, FCEVs",Clean Tech Manufacturing,Expansion,Operating,240.869822,2022-10-11,OH,"24000 Honda Pkwy, Marysville, OH 43040",3904.0,OH-04,Jon Husted,Republican,Bernie Moreno,Republican,Jim Jordan,Republican,159.0,39159.0,50301.0,39159050301.0,Census Tract 503.01,159.0,39159.0,50301.0,39159050301.0,Census Tract 503.01,43040.0,40.276864,-83.506498,True
M.Z.Honda_OH_1,Manufacturing,Honda,Zero Emission Vehicles,BEVs,Clean Tech Manufacturing,Expansion,Under Construction,240.869822,2022-10-11,OH,"11000 OH-347, East Liberty, OH 43319",3904.0,OH-04,Jon Husted,Republican,Bernie Moreno,Republican,Jim Jordan,Republican,91.0,39091.0,4700.0,39091004700.0,Census Tract 47,91.0,39091.0,4700.0,39091004700.0,Census Tract 47,43067.0,40.32825,-83.55141,True
M.Z.Hyundai_AL_0,Manufacturing,Hyundai Motor Company,Zero Emission Vehicles,"BEVs, PHEVs",Clean Tech Manufacturing,Expansion,Operating,317.231302,2022-04-12,AL,"700 Hyundai Blvd, Montgomery, AL 36105",102.0,AL-02,Katie Britt,Republican,Tommy Tuberville,Republican,Shomari Figures,Democratic,101.0,1101.0,5904.0,1101005904.0,Census Tract 59.04,101.0,1101.0,5901.0,1101005901.0,Census Tract 59.01,36108.0,32.279875,-86.330235,True
M.Z.Hyundai_GA_0,Manufacturing,Hyundai Motor Company,Zero Emission Vehicles,BEVs,Clean Tech Manufacturing,Expansion,Operating,204.123334,2023-07-12,GA,"7777 Kia Pkwy, West Point, GA 31833",1303.0,GA-03,Jon Ossoff,Democratic,Raphael Warnock,Democratic,Brian Jack,Republican,285.0,13285.0,961000.0,13285961000.0,Census Tract 9610,285.0,13285.0,961000.0,13285961000.0,Census Tract 9610,31833.0,32.887488,-85.142028,True
M.Z.Hyundai_GA2_0,Manufacturing,Hyundai Motor Company,Zero Emission Vehicles,"BEVs, PHEVs",Clean Tech Manufacturing,New,Operating,1311.222716,2022-05-20,GA,"10484 US-280, Ellabell, GA 31308",1301.0,GA-01,Jon Ossoff,Democratic,Raphael Warnock,Democratic,Earl Carter,Republican,29.0,13029.0,920101.0,13029920101.0,Census Tract 9201.01,29.0,13029.0,920101.0,13029920101.0,Census Tract 9201.01,31308.0,32.178711,-81.465294,True
M.Z.Imola_GA_0,Manufacturing,Imola Automotive,Zero Emission Vehicles,EVs,Clean Tech Manufacturing,New,Announced,1014.171314,2024-01-19,GA,"Julius Simmons Avenue, Fort Valley, GA 31030",1302.0,GA-02,Jon Ossoff,Democratic,Raphael Warnock,Democratic,Sanford Bishop Jr.,Democratic,225.0,13225.0,40400.0,13225040400.0,Census Tract 404,225.0,13225.0,40400.0,13225040400.0,Census Tract 404,31030.0,32.538094,-83.886749,True
M.Z.Karma_CA_0,Manufacturing,Karma,Zero Emission Vehicles,PHEVs,Clean Tech Manufacturing,Expansion,Operating,28.693956,2018-01-01,CA,"17100 N Perris Blvd, Moreno Valley, CA 92551",639.0,CA-39,Alex Padilla,Democratic,Adam Schiff,Democratic,Mark Takano,Democratic,65.0,6065.0,42507.0,6065042507.0,Census Tract 425.07,65.0,6065.0,42507.0,6065042507.0,Census Tract 425.07,92551.0,33.873443,-117.226118,True
M.Z.Joby_OH_0,Manufacturing,Joby Aviation,Zero Emission Vehicles,BEVs,Clean Tech Manufacturing,New,Under Construction,486.834151,2023-09-18,OH,"3600 Terminal Dr, Vandalia, OH 45377",3910.0,OH-10,Jon Husted,Republican,Bernie Moreno,Republican,Michael Turner,Republican,113.0,39113.0,110100.0,39113110100.0,Census Tract 1101,113.0,39113.0,110100.0,39113110100.0,Census Tract 1101,45377.0,39.90322,-84.21703,True
M.Z.Lordstown_OH_0,Manufacturing,Lordstown Motors,Zero Emission Vehicles,EVs,Clean Tech Manufacturing,New,Retired,261.520128,2019-01-01,OH,"2300 Hallock Young Rd Suite 200, Warren, OH 44481",3914.0,OH-14,Jon Husted,Republican,Bernie Moreno,Republican,David Joyce,Republican,155.0,39155.0,933400.0,39155933400.0,Census Tract 9334,155.0,39155.0,933400.0,39155933400.0,Census Tract 9334,44481.0,41.143664,-80.882712,True
M.Z.Lion_IL_0,Manufacturing,Lion Electric Company,Zero Emission Vehicles,BEVs,Clean Tech Manufacturing,New,Retired,78.721222,2021-05-10,IL,"3835 Youngs Rd, Channahon, IL 60410",1714.0,IL-14,Tammy Duckworth,Democratic,Dick Durbin,Democratic,Lauren Underwood,Democratic,197.0,17197.0,883211.0,17197883211.0,Census Tract 8832.11,197.0,17197.0,883306.0,17197883306.0,Census Tract 8833.06,60436.0,41.46411,-88.176912,True
M.Z.Lucid_AZ_0,Manufacturing,Lucid,Zero Emission Vehicles,BEVs,Clean Tech Manufacturing,New,Operating,288.260269,2019-02-18,AZ,"317 S Thornton Rd, Casa Grande, AZ 85198",406.0,AZ-06,Ruben Gallego,Democratic,Mark Kelly,Democratic,Juan Ciscomani,Republican,21.0,4021.0,1500.0,4021001500.0,Census Tract 15,21.0,4021.0,1500.0,4021001500.0,Census Tract 15,85193.0,32.860621,-111.777551,True
M.Z.Lucid_AZ_1,Manufacturing,Lucid,Zero Emission Vehicles,BEVs,Clean Tech Manufacturing,Expansion,Operating,241.621858,2019-02-18,AZ,"317 S Thornton Rd, Casa Grande, AZ 85198",406.0,AZ-06,Ruben Gallego,Democratic,Mark Kelly,Democratic,Juan Ciscomani,Republican,21.0,4021.0,1500.0,4021001500.0,Census Tract 15,21.0,4021.0,1500.0,4021001500.0,Census Tract 15,85193.0,32.860621,-111.777551,True
M.Z.Lucid_AZ_2,Manufacturing,Lucid,Zero Emission Vehicles,EVs,Clean Tech Manufacturing,Expansion,Under Construction,241.621858,2019-02-18,AZ,"317 S Thornton Rd, Casa Grande, AZ 85198",406.0,AZ-06,Ruben Gallego,Democratic,Mark Kelly,Democratic,Juan Ciscomani,Republican,21.0,4021.0,1500.0,4021001500.0,Census Tract 15,21.0,4021.0,1500.0,4021001500.0,Census Tract 15,85193.0,32.860621,-111.777551,True
M.Z.Mack_VA_0,Manufacturing,Mack Trucks,Zero Emission Vehicles,EVs,Clean Tech Manufacturing,Expansion,Operating,7.352742,2024-02-10,VA,"6450 Technology Dr, Salem, VA 24153",5109.0,VA-09,Tim Kaine,Democratic,Mark Warner,Democratic,H. Morgan Griffith,Republican,161.0,51161.0,30300.0,51161030300.0,Census Tract 303,161.0,51161.0,30300.0,51161030300.0,Census Tract 303,24153.0,37.26194,-80.14526,True
M.Z.Mercedes_AL_0,Manufacturing,Mercedes-Benz Group,Zero Emission Vehicles,BEVs,Clean Tech Manufacturing,Expansion,Operating,23.231812,2017-09-17,AL,"3200 Skyland E Blvd, Tuscaloosa, AL 35405",107.0,AL-07,Katie Britt,Republican,Tommy Tuberville,Republican,Terri Sewell,Democratic,125.0,1125.0,12408.0,1125012408.0,Census Tract 124.08,125.0,1125.0,12405.0,1125012405.0,Census Tract 124.05,35405.0,33.16657,-87.538101,True
M.Z.Mercedes_SC_0,Manufacturing,Mercedes-Benz Group,Zero Emission Vehicles,BEVs,Clean Tech Manufacturing,Expansion,Operating,66.420903,2021-03-30,SC,"8501 Palmetto Commerce Pkwy, North Charleston, SC",4506.0,SC-06,Lindsey Graham,Republican,Tim Scott,Republican,James Clyburn,Democratic,19.0,45019.0,3107.0,45019003107.0,Census Tract 31.07,19.0,45019.0,3107.0,45019003107.0,Census Tract 31.07,29456.0,32.9644,-80.10807,True
M.Z.Navistar_OH_1,Manufacturing,Navistar,Zero Emission Vehicles,BEVs,Clean Tech Manufacturing,Expansion,Operating,,2021-04-29,OH,"6125 Urbana Rd, Springfield, OH 45502",3910.0,OH-10,Jon Husted,Republican,Bernie Moreno,Republican,Michael Turner,Republican,23.0,39023.0,2403.0,39023002403.0,Census Tract 24.03,23.0,39023.0,2403.0,39023002403.0,Census Tract 24.03,45502.0,39.962392,-83.766448,True
M.Z.Nikola_AZ_0,Manufacturing,Nikola Motor Company,Zero Emission Vehicles,"BEVs, FCEVs",Clean Tech Manufacturing,New,Retired,676.420467,2020-07-23,AZ,"680 E Houser Rd, Coolidge, AZ 85128",406.0,AZ-06,Ruben Gallego,Democratic,Mark Kelly,Democratic,Juan Ciscomani,Republican,21.0,4021.0,2004.0,4021002004.0,Census Tract 20.04,21.0,4021.0,2002.0,4021002002.0,Census Tract 20.02,85131.0,32.777844,-111.515458,True
M.Z.Nissan_MS_0,Manufacturing,Nissan,Zero Emission Vehicles,EVs,Clean Tech Manufacturing,Expansion,Announced,539.23688,2022-02-17,MS,"300 Nissan Dr, Canton, MS 39046",2802.0,MS-02,Cindy Hyde-Smith,Republican,Roger Wicker,Republican,Bennie Thompson,Democratic,89.0,28089.0,30401.0,28089030401.0,Census Tract 304.01,89.0,28089.0,30400.0,28089030400.0,Census Tract 304,39110.0,32.574362,-90.070982,True
M.Z.Nuro_NV_0,Manufacturing,Nuro,Zero Emission Vehicles,EVs,Clean Tech Manufacturing,New,Operating,44.550883,2021-08-26,NV,"North Las Vegas, NV 89030",,,,,,,,,,,,,,,,,,,,36.19812,-115.11742,False
M.Z.Orange_KS_0,Manufacturing,Orange EV,Zero Emission Vehicles,BEVs,Clean Tech Manufacturing,Expansion,Operating,19.097536,2022-11-16,KS,"900 N 69th St, Kansas City, KS 66102",2002.0,KS-02,Roger Marshall,Republican,Jerry Moran,Republican,Derek Schmidt,Republican,209.0,20209.0,43905.0,20209043905.0,Census Tract 439.05,209.0,20209.0,43905.0,20209043905.0,Census Tract 439.05,66102.0,39.114089,-94.738713,True
M.Z.Rivian_IL_0,Manufacturing,Rivian,Zero Emission Vehicles,BEVs,Clean Tech Manufacturing,New,Operating,850.923426,2019-11-13,IL,"100 Rivian Motorway, Normal, IL 61761",1717.0,IL-17,Tammy Duckworth,Democratic,Dick Durbin,Democratic,Eric Sorensen,Democratic,113.0,17113.0,5201.0,17113005201.0,Census Tract 52.01,113.0,17113.0,5201.0,17113005201.0,Census Tract 52.01,61761.0,40.508882,-89.054466,True
M.Z.Rivian_GA_0,Manufacturing,Rivian,Zero Emission Vehicles,BEVs,Clean Tech Manufacturing,New,Announced,5477.288394,2021-12-16,GA,"Rutledge, GA",,,,,,,,,,,,,,,,,,,,33.612226,-83.643875,False
M.Z.Scout_SC_0,Manufacturing,Scout Motors,Zero Emission Vehicles,BEVs,Clean Tech Manufacturing,New,Under Construction,2040.327831,2023-03-03,SC,"I-77, Blythewood, SC 29016",4502.0,SC-02,Lindsey Graham,Republican,Tim Scott,Republican,Joe Wilson,Republican,79.0,45079.0,10106.0,45079010106.0,Census Tract 101.06,79.0,45079.0,10102.0,45079010102.0,Census Tract 101.02,29016.0,34.193019,-80.98389,True
M.Z.Shyft_MI_0,Manufacturing,The Shyft Group,Zero Emission Vehicles,BEVs,Clean Tech Manufacturing,Expansion,Operating,16.322623,2023-02-07,MI,"1000 Reynolds Rd, Charlotte, MI 48813",2607.0,MI-07,Gary Peters,Democratic,Elissa Slotkin,Democratic,Tom Barrett,Republican,45.0,26045.0,20902.0,26045020902.0,Census Tract 209.02,45.0,26045.0,20902.0,26045020902.0,Census Tract 209.02,48813.0,42.55082,-84.85366,True
M.Z.STAR_SC_0,Manufacturing,STAR EV,Zero Emission Vehicles,EVs,Clean Tech Manufacturing,Expansion,Under Construction,9.689817,2021-07-07,SC,"378 Neely Ferry Road, Greenville County, SC",4504.0,SC-04,Lindsey Graham,Republican,Tim Scott,Republican,William Timmons,Republican,45.0,45045.0,3014.0,45045003014.0,Census Tract 30.14,45.0,45045.0,3014.0,45045003014.0,Census Tract 30.14,29680.0,34.73954,-82.28464,True
M.Z.Stellantis_IL_0,Manufacturing,Stellantis,Zero Emission Vehicles,BEVs,Clean Tech Manufacturing,Restart,Announced,1524.254985,2023-11-03,IL,"3000 W Chrysler Dr, Belvidere, IL 61008",1716.0,IL-16,Tammy Duckworth,Democratic,Dick Durbin,Democratic,Darin LaHood,Republican,7.0,17007.0,10400.0,17007010400.0,Census Tract 104,7.0,17007.0,10400.0,17007010400.0,Census Tract 104,61008.0,42.23696,-88.87069,True
M.Z.Tesla_NV_0,Manufacturing,Tesla,Zero Emission Vehicles,BEVs,Clean Tech Manufacturing,New,Under Construction,1013.944757,2023-01-24,NV,"Electric Avenue, Sparks, NV 89434",3202.0,NV-02,Catherine Cortez Masto,Democratic,Jacky Rosen,Democratic,Mark Amodei,Republican,29.0,32029.0,970200.0,32029970200.0,Census Tract 9702,29.0,32029.0,970200.0,32029970200.0,Census Tract 9702,89434.0,39.537778,-119.439104,True
M.Z.Tesla_TX_0,Manufacturing,Tesla,Zero Emission Vehicles,BEVs,Clean Tech Manufacturing,New,Operating,1746.238192,2020-05-15,TX,"13101 Tesla Drive, Austin, TX 78725",4835.0,TX-35,John Cornyn,Republican,Ted Cruz,Republican,Greg Casar,Democratic,453.0,48453.0,2216.0,48453002216.0,Census Tract 22.16,453.0,48453.0,2207.0,48453002207.0,Census Tract 22.07,78725.0,30.23,-97.6,True
M.Z.Toyota_KY_0,Manufacturing,Toyota,Zero Emission Vehicles,BEVs,Clean Tech Manufacturing,Expansion,Under Construction,603.286194,2023-05-31,KY,"1001 Cherry Blossom Way, Georgetown, KY 40324",2106.0,KY-06,Mitch McConnell,Republican,Rand Paul,Republican,Andy Barr,Republican,209.0,21209.0,40303.0,21209040303.0,Census Tract 403.03,209.0,21209.0,40303.0,21209040303.0,Census Tract 403.03,40324.0,38.26143,-84.531416,True
M.Z.Toyota_KY_1,Manufacturing,Toyota,Zero Emission Vehicles,BEVs,Clean Tech Manufacturing,Expansion,Under Construction,1318.422708,2024-02-06,KY,"1001 Cherry Blossom Way, Georgetown, KY 40324",2106.0,KY-06,Mitch McConnell,Republican,Rand Paul,Republican,Andy Barr,Republican,209.0,21209.0,40303.0,21209040303.0,Census Tract 403.03,209.0,21209.0,40303.0,21209040303.0,Census Tract 403.03,40324.0,38.26143,-84.531416,True
M.Z.VW_TN_0,Manufacturing,Volkswagen AG,Zero Emission Vehicles,BEVs,Clean Tech Manufacturing,Expansion,Operating,909.635229,2019-01-14,TN,"8001 Volkswagen Dr, Chattanooga, TN 37416",4703.0,TN-03,Marsha Blackburn,Republican,Bill Hagerty,Republican,Charles J. Fleischmann,Republican,65.0,47065.0,980200.0,47065980200.0,Census Tract 9802,65.0,47065.0,980200.0,47065980200.0,Census Tract 9802,37416.0,35.075188,-85.126401,True
M.Z.Volvo_SC_0,Manufacturing,Volvo Cars,Zero Emission Vehicles,"BEVs, PHEVs",Clean Tech Manufacturing,Expansion,Operating,132.701489,2021-06-17,SC,"1801 Volvo Car Dr, Ridgeville, SC 29472",4501.0,SC-01,Lindsey Graham,Republican,Tim Scott,Republican,Nancy Mace,Republican,15.0,45015.0,20102.0,45015020102.0,Census Tract 201.02,15.0,45015.0,20102.0,45015020102.0,Census Tract 201.02,29472.0,33.133843,-80.247559,True
M.Z.Volvo_PA_0,Manufacturing,Volvo,Zero Emission Vehicles,BEVs,Clean Tech Manufacturing,Expansion,Operating,18.939773,2020-09-20,PA,"7000 Alburtis Road. Macungie, PA 18062",4207.0,PA-07,John Fetterman,Democratic,David McCormick,Republican,Ryan Mackenzie,Republican,77.0,42077.0,6302.0,42077006302.0,Census Tract 63.02,77.0,42077.0,6302.0,42077006302.0,Census Tract 63.02,18062.0,40.519758,-75.570218,True
M.Z.Volvo_VA_0,Manufacturing,Volvo,Zero Emission Vehicles,BEVs,Clean Tech Manufacturing,Expansion,Operating,90.58194,2019-06-28,VA,"4881 Cougar Trail Rd, Dublin, VA 24084",5109.0,VA-09,Tim Kaine,Democratic,Mark Warner,Democratic,H. Morgan Griffith,Republican,155.0,51155.0,210202.0,51155210202.0,Census Tract 2102.02,155.0,51155.0,210202.0,51155210202.0,Census Tract 2102.02,24301.0,37.073293,-80.704077,True
M.Z.Vingroup_NC_0,Manufacturing,Vingroup,Zero Emission Vehicles,BEVs,Clean Tech Manufacturing,New,Under Construction,482.782477,2022-03-29,NC,"Chatham County's Triangle Innovation Point, NC",3709.0,NC-09,Ted Budd,Republican,Thom Tillis,Republican,Richard Hudson,Republican,37.0,37037.0,20300.0,37037020300.0,Census Tract 203,37.0,37037.0,20300.0,37037020300.0,Census Tract 203,27355.0,35.7547,-79.5252,True
M.Z.Wiggins_CA_0,Manufacturing,Wiggins Lift,Zero Emission Vehicles,BEVs,Clean Tech Manufacturing,New,Operating,19.235214,2020-03-06,CA,"2571 Cortez Street, Oxnard, CA, 93036",626.0,CA-26,Alex Padilla,Democratic,Adam Schiff,Democratic,Julia Brownley,Democratic,111.0,6111.0,5005.0,6111005005.0,Census Tract 50.05,111.0,6111.0,5003.0,6111005003.0,Census Tract 50.03,93036.0,34.23232,-119.16824,True
M.Z.Workhorse_IN_1,Manufacturing,Workhorse,Zero Emission Vehicles,BEVs,Clean Tech Manufacturing,Expansion,Operating,43.13895,2022-01-01,IN,"940 State Route 32, Union City, IN 47390",1803.0,IN-03,Jim Banks,Republican,Todd C. Young,Republican,Marlin A. Stutzman,Republican,135.0,18135.0,951600.0,18135951600.0,Census Tract 9516,135.0,18135.0,951600.0,18135951600.0,Census Tract 9516,47390.0,40.195051,-84.819952,True
M.Z.GreenPower_WV_0,Manufacturing,GreenPower,Zero Emission Vehicles,BEVs,Clean Tech Manufacturing,Expansion,Operating,0.246592,2023-12-14,WV,"30 Industrial Wy, South Charleston, WV 25303",5401.0,WV-01,Shelley Moore Capito,Republican,Jim Justice,Republican,Carol Miller,Republican,39.0,54039.0,12900.0,54039012900.0,Census Tract 129,39.0,54039.0,12900.0,54039012900.0,Census Tract 129,25303.0,38.35981,-81.70521,True
M.Z.RYVID_CA_0,Manufacturing,RYVID,Zero Emission Vehicles,BEVs,Clean Tech Manufacturing,New,Operating,6.014428,2022-12-01,CA,"San Bernardino, CA",,,,,,,,,,,,,,,,,,,,34.10955,-117.28367,False
M.Z.Vicinity_WA_0,Manufacturing,Vicinity Motor,Zero Emission Vehicles,BEVs,Clean Tech Manufacturing,New,Operating,22.491778,2021-06-07,WA,"5354 Pacific Fern Dr., Ferndale, Washington, 98248",5302.0,WA-02,Maria Cantwell,Democratic,Patty Murray,Democratic,Rick Larsen,Democratic,73.0,53073.0,10600.0,53073010600.0,Census Tract 106,73.0,53073.0,10600.0,53073010600.0,Census Tract 106,98248.0,48.83955,-122.57312,True
M.Z.BlueBird_GA_0,Manufacturing,Blue Bird,Zero Emission Vehicles,BEVs,Clean Tech Manufacturing,New,Operating,30.072142,2023-05-25,GA,"6144 US-341, Fort Valley, GA 31030",1302.0,GA-02,Jon Ossoff,Democratic,Raphael Warnock,Democratic,Sanford Bishop Jr.,Democratic,225.0,13225.0,40400.0,13225040400.0,Census Tract 404,225.0,13225.0,40400.0,13225040400.0,Census Tract 404,31030.0,32.52567,-83.86771,True
M.Z.Electra_AZ_0,Manufacturing,ElectraMeccanica,Zero Emission Vehicles,EVs,Clean Tech Manufacturing,New,Canceled prior to operation,60.144283,2023-08-15,AZ,"8127 E Ray Rd, Mesa, AZ 85212",405.0,AZ-05,Ruben Gallego,Democratic,Mark Kelly,Democratic,Andy Biggs,Republican,13.0,4013.0,817600.0,4013817600.0,Census Tract 8176,13.0,4013.0,817600.0,4013817600.0,Census Tract 8176,85212.0,33.32338,-111.65942,True
M.Z.Lightning_CO_0,Manufacturing,Lightning eMotors,Zero Emission Vehicles,BEVs,Clean Tech Manufacturing,Expansion,Canceled prior to operation,5.392369,2022-02-25,CO,"815 14th St SW Building B, Loveland, CO 80537",804.0,CO-04,Michael Bennet,Democratic,John Hickenlooper,Democratic,Lauren Boebert,Republican,69.0,8069.0,2007.0,8069002007.0,Census Tract 20.07,69.0,8069.0,2007.0,8069002007.0,Census Tract 20.07,80537.0,40.37925,-105.09221,True
M.Z.Mullen_MS_0,Manufacturing,Mullen Automotive,Zero Emission Vehicles,EVs,Clean Tech Manufacturing,New,Operating,3.007214,2021-11-05,MS,"One Mullen Automotive DR, MS 38664",2802.0,MS-02,Cindy Hyde-Smith,Republican,Roger Wicker,Republican,Bennie Thompson,Democratic,143.0,28143.0,950102.0,28143950102.0,Census Tract 9501.02,143.0,28143.0,950100.0,28143950100.0,Census Tract 9501,38664.0,34.81592,-90.28785,True
M.Z.Hexagon_TX_0,Manufacturing,Hexagon Purus,Zero Emission Vehicles,EVs,Clean Tech Manufacturing,New,Operating,,2023-09-27,TX,"Mesquite, TX",,,,,,,,,,,,,,,,,,,,32.76818,-96.5976,False
M.Z.BigRig_NV_0,Manufacturing,Big Rig Manufacturing,Zero Emission Vehicles,EVs,Clean Tech Manufacturing,Expansion,Operating,,2023-09-25,NV,"Las Vegas, NV",,,,,,,,,,,,,,,,,,,,36.17334,-115.12424,False
M.Z.Harbinger_CA_0,Manufacturing,Harbinger Motors,Zero Emission Vehicles,EVs,Clean Tech Manufacturing,New,Operating,,2023-08-28,CA,"12821 Knott St, Garden Grove, CA 92841",645.0,CA-45,Alex Padilla,Democratic,Adam Schiff,Democratic,Derek Tran,Democratic,59.0,6059.0,110004.0,6059110004.0,Census Tract 1100.04,59.0,6059.0,110004.0,6059110004.0,Census Tract 1100.04,92845.0,33.776,-118.00925,True
M.Z.Zeus_MN_0,Manufacturing,Zeus Electric Chassis,Zero Emission Vehicles,EVs,Clean Tech Manufacturing,Expansion,Operating,,2022-08-02,MN,"2320 Leibel St Suite 101, White Bear Lake, MN 55110",2704.0,MN-04,Amy Klobuchar,Democratic,Tina Smith,Democratic,Betty McCollum,Democratic,123.0,27123.0,40102.0,27123040102.0,Census Tract 401.02,123.0,27123.0,40100.0,27123040100.0,Census Tract 401,55110.0,45.1204,-93.00099,True
M.Z.Thomas_NC_0,Manufacturing,Thomas Built Buses,Zero Emission Vehicles,EVs,Clean Tech Manufacturing,Expansion,Operating,5.258956,2022-05-18,NC,"1013 Callahan St, High Point, NC 27263",3709.0,NC-09,Ted Budd,Republican,Thom Tillis,Republican,Richard Hudson,Republican,151.0,37151.0,31602.0,37151031602.0,Census Tract 316.02,151.0,37151.0,31602.0,37151031602.0,Census Tract 316.02,27263.0,35.91842,-79.99566,True
M.Z.Cenntro_NJ_0,Manufacturing,Cenntro Automotive,Zero Emission Vehicles,EVs,Clean Tech Manufacturing,New,Operating,,2023-02-27,NJ,"225 Willow Brook Rd. Unit 14, Freehold, NJ 07728, USA",3403.0,NJ-03,Cory Booker,Democratic,Andrew Kim,Democratic,Herbert C. Conaway Jr.,Democratic,25.0,34025.0,810501.0,34025810501.0,Census Tract 8105.01,25.0,34025.0,810501.0,34025810501.0,Census Tract 8105.01,7728.0,40.24258,-74.25553,True
M.Z.BattleMotors_OH_0,Manufacturing,Battle Motors,Zero Emission Vehicles,BEVs,Clean Tech Manufacturing,Expansion,Operating,5.547431,2022-09-25,OH,"1951 Reiser Ave SE, New Philadelphia, OH 44663",3906.0,OH-06,Jon Husted,Republican,Bernie Moreno,Republican,Michael Rulli,Republican,157.0,39157.0,21501.0,39157021501.0,Census Tract 215.01,157.0,39157.0,21500.0,39157021500.0,Census Tract 215,44663.0,40.47236,-81.44751,True
M.Z.ClubCar_GA_0,Manufacturing,Club Car,Zero Emission Vehicles,BEVs,Clean Tech Manufacturing,New,Operating,8.12936,2023-10-13,GA,"755 Innovation Pkwy, Appling, GA 30802",1312.0,GA-12,Jon Ossoff,Democratic,Raphael Warnock,Democratic,Rick Allen,Republican,73.0,13073.0,30404.0,13073030404.0,Census Tract 304.04,73.0,13073.0,30402.0,13073030402.0,Census Tract 304.02,30802.0,33.50659,-82.32504,True
M.Z.Toyota_KY_2,Manufacturing,Toyota,Zero Emission Vehicles,BEVs,Clean Tech Manufacturing,Expansion,Announced,1058.392003,2024-04-26,KY,"1001 Cherry Blossom Way, Georgetown, KY 40324",2106.0,KY-06,Mitch McConnell,Republican,Rand Paul,Republican,Andy Barr,Republican,209.0,21209.0,40303.0,21209040303.0,Census Tract 403.03,209.0,21209.0,40303.0,21209040303.0,Census Tract 403.03,40324.0,38.26143,-84.531416,True
M.Z.Columbia_SC_0,Manufacturing,Columbia Vehicle Group,Zero Emission Vehicles,BEVs,Clean Tech Manufacturing,New,Under Construction,12.095909,2024-05-07,SC,"2063 University Pkwy, Aiken, SC 29801",4502.0,SC-02,Lindsey Graham,Republican,Tim Scott,Republican,Joe Wilson,Republican,3.0,45003.0,20304.0,45003020304.0,Census Tract 203.04,3.0,45003.0,20302.0,45003020302.0,Census Tract 203.02,29801.0,33.58212,-81.72314,True
M.Z.GM_KS_0,Manufacturing,General Motors,Zero Emission Vehicles,BEVs,Clean Tech Manufacturing,Expansion,Operating,393.11703,2024-05-12,KS,"3201 Fairfax Trafficway, Kansas City, KS 66115",2002.0,KS-02,Roger Marshall,Republican,Jerry Moran,Republican,Derek Schmidt,Republican,209.0,20209.0,980000.0,20209980000.0,Census Tract 9800,209.0,20209.0,40001.0,20209040001.0,Census Tract 400.01,66115.0,39.14834,-94.60244,True
M.Z.ToyotaMaterial_IN_0,Manufacturing,Toyota Material Handling,Zero Emission Vehicles,BEVs,Clean Tech Manufacturing,New,Under Construction,100.799238,2024-05-30,IN,"5559 Inwood Dr, Columbus, IN 47201",1809.0,IN-09,Jim Banks,Republican,Todd C. Young,Republican,Erin Houchin,Republican,5.0,18005.0,11500.0,18005011500.0,Census Tract 115,5.0,18005.0,11500.0,18005011500.0,Census Tract 115,47201.0,39.14667,-85.95365,True
M.Z.Rivian_IL_1,Manufacturing,Rivian,Zero Emission Vehicles,BEVs,Clean Tech Manufacturing,Expansion,Under Construction,1511.988576,2024-05-02,IL,"100 Rivian Motorway, Normal, IL 61761",1717.0,IL-17,Tammy Duckworth,Democratic,Dick Durbin,Democratic,Eric Sorensen,Democratic,113.0,17113.0,5201.0,17113005201.0,Census Tract 52.01,113.0,17113.0,5201.0,17113005201.0,Census Tract 52.01,61761.0,40.508882,-89.054466,True
M.Z.GreenPower_CA_0,Manufacturing,GreenPower,Zero Emission Vehicles,BEVs,Clean Tech Manufacturing,New,Operating,1.202886,2018-08-01,CA,"90 W Poplar
Porterville, CA 93257",622.0,CA-22,Alex Padilla,Democratic,Adam Schiff,Democratic,David G. Valadao,Republican,107.0,6107.0,4104.0,6107004104.0,Census Tract 41.04,107.0,6107.0,4101.0,6107004101.0,Census Tract 41.01,93257.0,36.05259,-119.01882,True
M.Z.GreenPower_WV_1,Manufacturing,GreenPower,Zero Emission Vehicles,EVs,Clean Tech Manufacturing,New,Operating,0.902164,2022-01-12,WV,"30 Industrial Wy, South Charleston, WV 25303",5401.0,WV-01,Shelley Moore Capito,Republican,Jim Justice,Republican,Carol Miller,Republican,39.0,54039.0,12900.0,54039012900.0,Census Tract 129,39.0,54039.0,12900.0,54039012900.0,Census Tract 129,25303.0,38.35981,-81.70521,True
M.Z.Mobis_OH_0,Manufacturing,Mobis North America,Zero Emission Vehicles,PHEVs,Clean Tech Manufacturing,Expansion,Under Construction,32.078034,2024-07-11,OH,"4000 Stickney Ave, Toledo, OH 43612",3909.0,OH-09,Jon Husted,Republican,Bernie Moreno,Republican,Marcy Kaptur,Democratic,95.0,39095.0,1100.0,39095001100.0,Census Tract 11,95.0,39095.0,1100.0,39095001100.0,Census Tract 11,43612.0,41.69473,-83.52696,True
M.Z.GM_MI3_0,Manufacturing,General Motors,Zero Emission Vehicles,EVs,Clean Tech Manufacturing,Expansion,Announced,902.194706,2024-07-11,MI,"920 Townsend St, Lansing, MI 48933",2607.0,MI-07,Gary Peters,Democratic,Elissa Slotkin,Democratic,Tom Barrett,Republican,65.0,26065.0,980200.0,26065980200.0,Census Tract 9802,65.0,26065.0,980200.0,26065980200.0,Census Tract 9802,48933.0,42.72374,-84.55631,True
M.Z.Harley_PA_0,Manufacturing,Harley-Davidson,Zero Emission Vehicles,BEVs,Clean Tech Manufacturing,Expansion,Operating,,2018-06-30,PA,"1425 Eden Road, York, PA 17402",4210.0,PA-10,John Fetterman,Democratic,David McCormick,Republican,Scott Perry,Republican,133.0,42133.0,10120.0,42133010120.0,Census Tract 101.20,133.0,42133.0,10120.0,42133010120.0,Census Tract 101.20,17406.0,39.98674,-76.71295,True
M.Z.RBW_VA_0,Manufacturing,RBW Sports & Classics,Zero Emission Vehicles,EVs,Clean Tech Manufacturing,New,Under Construction,8.019508,2024-08-22,VA,"1461 South Boston Rd, Danville, VA 24540",5105.0,VA-05,Tim Kaine,Democratic,Mark Warner,Democratic,John McGuire,Republican,590.0,51590.0,1301.0,51590001301.0,Census Tract 13.01,590.0,51590.0,1301.0,51590001301.0,Census Tract 13.01,24540.0,36.58248,-79.33775,True
M.Z.Pebble_CA_0,Manufacturing,Pebble,Zero Emission Vehicles,BEVs,Clean Tech Manufacturing,New,Operating,,2023-09-27,CA,"2800 Bayview Dr, Fremont, CA 94538",617.0,CA-17,Alex Padilla,Democratic,Adam Schiff,Democratic,Ro Khanna,Democratic,1.0,6001.0,441503.0,6001441503.0,Census Tract 4415.03,1.0,6001.0,441503.0,6001441503.0,Census Tract 4415.03,94538.0,37.47125,-121.93343,True
M.Z.MeanGreen_OH_0,Manufacturing,Mean Green,Zero Emission Vehicles,BEVs,Clean Tech Manufacturing,New,Operating,,2022-12-08,OH,"Hamilton, OH",,,,,,,,,,,,,,,,,,,,39.39976,-84.56263,False
M.Z.Stellantis_MI_0,Manufacturing,Stellantis,Zero Emission Vehicles,BEVs,Clean Tech Manufacturing,Expansion,Canceled prior to operation,236.074281,2024-09-11,MI,"38111 Van Dyke, Sterling Heights, MI, United States",2610.0,MI-10,Gary Peters,Democratic,Elissa Slotkin,Democratic,John James,Republican,99.0,26099.0,982001.0,26099982001.0,Census Tract 9820.01,99.0,26099.0,982000.0,26099982000.0,Census Tract 9820,48312.0,42.57341,-83.0354,True
M.Z.Isuzu_MI_0,Manufacturing,Isuzu,Zero Emission Vehicles,BEVs,Clean Tech Manufacturing,New,Operating,,2024-08-25,MI,"1055 Mikesell St, Charlotte, MI 48813",2607.0,MI-07,Gary Peters,Democratic,Elissa Slotkin,Democratic,Tom Barrett,Republican,45.0,26045.0,20902.0,26045020902.0,Census Tract 209.02,45.0,26045.0,20902.0,26045020902.0,Census Tract 209.02,48813.0,42.55236,-84.84986,True
M.Z.Volvo_PA_1,Manufacturing,Volvo,Zero Emission Vehicles,BEVs,Clean Tech Manufacturing,Expansion,Under Construction,137.614766,2024-07-11,PA,"7000 Alburtis Road. Macungie, PA 18062",4207.0,PA-07,John Fetterman,Democratic,David McCormick,Republican,Ryan Mackenzie,Republican,77.0,42077.0,6302.0,42077006302.0,Census Tract 63.02,77.0,42077.0,6302.0,42077006302.0,Census Tract 63.02,18062.0,40.519758,-75.570218,True
M.Z.Volvo_VA_1,Manufacturing,Volvo,Zero Emission Vehicles,BEVs,Clean Tech Manufacturing,Expansion,Under Construction,137.614766,2024-07-11,VA,"4881 Cougar Trail Rd, Dublin, VA 24084",5109.0,VA-09,Tim Kaine,Democratic,Mark Warner,Democratic,H. Morgan Griffith,Republican,155.0,51155.0,210202.0,51155210202.0,Census Tract 2102.02,155.0,51155.0,210202.0,51155210202.0,Census Tract 2102.02,24301.0,37.073293,-80.704077,True
M.Z.BlueBird_GA_1,Manufacturing,Blue Bird,Zero Emission Vehicles,BEVs,Clean Tech Manufacturing,Expansion,Operating,160.39017,2024-07-12,GA,"6144 US-341, Fort Valley, GA 31030",1302.0,GA-02,Jon Ossoff,Democratic,Raphael Warnock,Democratic,Sanford Bishop Jr.,Democratic,225.0,13225.0,40400.0,13225040400.0,Census Tract 404,225.0,13225.0,40400.0,13225040400.0,Census Tract 404,31030.0,32.52567,-83.86771,True
M.Z.Harley_PA_1,Manufacturing,Harley-Davidson,Zero Emission Vehicles,EVs,Clean Tech Manufacturing,Expansion,Under Construction,178.434064,2024-07-11,PA,"1425 Eden Road, York, PA 17402",4210.0,PA-10,John Fetterman,Democratic,David McCormick,Republican,Scott Perry,Republican,133.0,42133.0,10120.0,42133010120.0,Census Tract 101.20,133.0,42133.0,10120.0,42133010120.0,Census Tract 101.20,17406.0,39.98674,-76.71295,True
M.Z.Electra_AZ_1,Manufacturing,ElectraMeccanica,Zero Emission Vehicles,BEVs,Clean Tech Manufacturing,New,Retired,19.701115,2021-03-06,AZ,"8127 E Ray Rd, Mesa, AZ 85212",405.0,AZ-05,Ruben Gallego,Democratic,Mark Kelly,Democratic,Andy Biggs,Republican,13.0,4013.0,817600.0,4013817600.0,Census Tract 8176,13.0,4013.0,817600.0,4013817600.0,Census Tract 8176,85212.0,33.32344,-111.65942,True
M.Z.Holon_FL_0,Manufacturing,Holon,Zero Emission Vehicles,BEVs,Clean Tech Manufacturing,New,Announced,100.243856,2024-09-04,FL,"10145 Eastport Rd, Jacksonville, FL 32218",1204.0,FL-04,Ashley B. Moody,Republican,Rick Scott,Republican,Aaron Bean,Republican,31.0,12031.0,10203.0,12031010203.0,Census Tract 102.03,31.0,12031.0,10201.0,12031010201.0,Census Tract 102.01,32218.0,30.44098,-81.6046,True
M.Z.Roush_MI_0,Manufacturing,Roush Industries,Zero Emission Vehicles,BEVs,Clean Tech Manufacturing,Expansion,Operating,,2024-09-23,MI,"Detroit, MI",,,,,,,,,,,,,,,,,,,,42.332292,-83.046347,False
M.Z.Toyota_IN_0,Manufacturing,Toyota,Zero Emission Vehicles,PHEVs,Clean Tech Manufacturing,Expansion,Operating,153.517629,2021-04-28,IN,"4000 Tulip Tree Dr, Princeton, IN 47670",1808.0,IN-08,Jim Banks,Republican,Todd C. Young,Republican,Mark Messmer,Republican,51.0,18051.0,50402.0,18051050402.0,Census Tract 504.02,51.0,18051.0,50402.0,18051050402.0,Census Tract 504.02,47670.0,38.29275,-87.56417,True
M.Z.Navistar_TX_0,Manufacturing,Navistar,Zero Emission Vehicles,BEVs,Clean Tech Manufacturing,New,Operating,28.165132,2020-06-25,TX,"14607 US-281, San Antonio, TX 78221",4828.0,TX-28,John Cornyn,Republican,Ted Cruz,Republican,Henry Cuellar,Democratic,29.0,48029.0,151900.0,48029151900.0,Census Tract 1519,29.0,48029.0,151900.0,48029151900.0,Census Tract 1519,78221.0,29.276439,-98.473827,True
M.Z.MicroBird_NY_0,Manufacturing,Micro Bird,Zero Emission Vehicles,BEVs,Clean Tech Manufacturing,New,Operating,18.974211,2024-11-27,NY,"260 Banker Rd, Plattsburgh, NY 12901",3621.0,NY-21,Kirsten Gillibrand,Democratic,Chuck Schumer,Democratic,Elise Stefanik,Republican,19.0,36019.0,100700.0,36019100700.0,Census Tract 1007,19.0,36019.0,100700.0,36019100700.0,Census Tract 1007,12901.0,44.712544,-73.541005,True
M.Z.MotorCoach_ND_0,Manufacturing,Motor Coach Industries,Zero Emission Vehicles,BEVs,Clean Tech Manufacturing,Expansion,Operating,,2023-11-16,ND,"552 W Stutsman St, Pembina, ND 58271",3800.0,ND-00,Kevin Cramer,Republican,John Hoeven,Republican,Julie Fedorchak,Republican,67.0,38067.0,950100.0,38067950100.0,Census Tract 9501,67.0,38067.0,950100.0,38067950100.0,Census Tract 9501,58271.0,48.96869,-97.251782,True
M.Z.Pegasus_OH_0,Manufacturing,Pegasus Specialty Vehicles,Zero Emission Vehicles,"BEVs, FCEVs",Clean Tech Manufacturing,New,Operating,,2021-12-15,OH,"211 W Geneva St, Dunkirk, OH 45836",3904.0,OH-04,Jon Husted,Republican,Bernie Moreno,Republican,Jim Jordan,Republican,65.0,39065.0,300.0,39065000300.0,Census Tract 3,65.0,39065.0,300.0,39065000300.0,Census Tract 3,45836.0,40.782879,-83.646591,True
M.Z.Pegasus_OH2_0,Manufacturing,Pegasus Specialty Vehicles,Zero Emission Vehicles,"BEVs, FCEVs",Clean Tech Manufacturing,New,Announced,30.604917,2023-01-26,OH,"Gateway Commerce Park, Jay Begg Pkwy OH",3904.0,OH-04,Jon Husted,Republican,Bernie Moreno,Republican,Jim Jordan,Republican,3.0,39003.0,11900.0,39003011900.0,Census Tract 119,3.0,39003.0,11900.0,39003011900.0,Census Tract 119,45804.0,40.692393,-84.109787,True
M.Z.Oshkosh_TN_0,Manufacturing,Oshkosh Corporation (McNeilus Truck Manufacturing),Zero Emission Vehicles,BEVs,Clean Tech Manufacturing,New,Operating,10.401432,2022-08-18,TN,"2120 Logistics Way, off Joe B. Jackson Parkway and Interstate 24",4704.0,TN-04,Marsha Blackburn,Republican,Bill Hagerty,Republican,Scott DesJarlais,Republican,149.0,47149.0,41201.0,47149041201.0,Census Tract 412.01,149.0,47149.0,41201.0,47149041201.0,Census Tract 412.01,37127.0,35.77088,-86.358247,True
M.Z.Oshkosh_TN_1,Manufacturing,Oshkosh Corporation (McNeilus Truck Manufacturing),Zero Emission Vehicles,BEVs,Clean Tech Manufacturing,Expansion,Operating,5.10082,2023-02-21,TN,"2120 Logistics Way, off Joe B. Jackson Parkway and Interstate 24",4704.0,TN-04,Marsha Blackburn,Republican,Bill Hagerty,Republican,Scott DesJarlais,Republican,149.0,47149.0,41201.0,47149041201.0,Census Tract 412.01,149.0,47149.0,41201.0,47149041201.0,Census Tract 412.01,37127.0,35.77088,-86.358247,True
M.Z.ZMTrucks_CA_0,Manufacturing,ZM Trucks,Zero Emission Vehicles,BEVs,Clean Tech Manufacturing,New,Operating,,2025-01-29,CA,"10271 Almond Ave, Fontana, CA 92335",635.0,CA-35,Alex Padilla,Democratic,Adam Schiff,Democratic,Norma Torres,Democratic,71.0,6071.0,2204.0,6071002204.0,Census Tract 22.04,71.0,6071.0,2204.0,6071002204.0,Census Tract 22.04,92335.0,34.067298,-117.492819,True
M.Z.Isuzu_SC_0,Manufacturing,Isuzu,Zero Emission Vehicles,BEVs,Clean Tech Manufacturing,New,Under Construction,92.31467,2025-02-12,SC,"7755 Augusta Rd, Piedmont, SC 29673",4503.0,SC-03,Lindsey Graham,Republican,Tim Scott,Republican,Sheri Biggs,Republican,45.0,45045.0,3303.0,45045003303.0,Census Tract 33.03,45.0,45045.0,3303.0,45045003303.0,Census Tract 33.03,29673.0,34.71257,-82.3876,True
M.Z.Endera_OH_0,Manufacturing,Endera,Zero Emission Vehicles,BEVs,Clean Tech Manufacturing,New,Operating,,2021-04-07,OH,"804 N Pratt St Ottawa, OH 45875",3905.0,OH-05,Jon Husted,Republican,Bernie Moreno,Republican,Bob Latta,Republican,137.0,39137.0,30301.0,39137030301.0,Census Tract 303.01,137.0,39137.0,30300.0,39137030300.0,Census Tract 303,45875.0,41.027385,-84.035043,True
M.Z.Endera_OH_1,Manufacturing,Endera,Zero Emission Vehicles,BEVs,Clean Tech Manufacturing,Expansion,Under Construction,12.987995,2025-02-11,OH,"804 N Pratt St Ottawa, OH 45875",3905.0,OH-05,Jon Husted,Republican,Bernie Moreno,Republican,Bob Latta,Republican,137.0,39137.0,30301.0,39137030301.0,Census Tract 303.01,137.0,39137.0,30300.0,39137030300.0,Census Tract 303,45875.0,41.027385,-84.035043,True
M.Z.Hyundai_AL_1,Manufacturing,Hyundai Motor Group,Zero Emission Vehicles,"BEVs, PHEVs",Clean Tech Manufacturing,Expansion,Under Construction,2247.92216,2025-03-24,AL,"700 Hyundai Blvd, Montgomery, AL 36105",102.0,AL-02,Katie Britt,Republican,Tommy Tuberville,Republican,Shomari Figures,Democratic,101.0,1101.0,5904.0,1101005904.0,Census Tract 59.04,101.0,1101.0,5901.0,1101005901.0,Census Tract 59.01,36108.0,32.279875,-86.330235,True
M.Z.Hyundai_GA_1,Manufacturing,Hyundai Motor Group,Zero Emission Vehicles,BEVs,Clean Tech Manufacturing,Expansion,Under Construction,2247.92216,2025-03-24,GA,"7777 Kia Pkwy, West Point, GA 31833",1303.0,GA-03,Jon Ossoff,Democratic,Raphael Warnock,Democratic,Brian Jack,Republican,285.0,13285.0,961000.0,13285961000.0,Census Tract 9610,285.0,13285.0,961000.0,13285961000.0,Census Tract 9610,31833.0,32.887488,-85.142028,True
M.Z.Honda_OH_2,Manufacturing,Honda,Zero Emission Vehicles,"BEVs, FCEVs",Clean Tech Manufacturing,Expansion,Under Construction,49.953826,2025-01-29,OH,"24000 Honda Pkwy, Marysville, OH 43040",3904.0,OH-04,Jon Husted,Republican,Bernie Moreno,Republican,Jim Jordan,Republican,159.0,39159.0,50301.0,39159050301.0,Census Tract 503.01,159.0,39159.0,50301.0,39159050301.0,Census Tract 503.01,43040.0,40.276864,-83.506498,True
M.Z.Honda_OH_3,Manufacturing,Honda,Zero Emission Vehicles,BEVs,Clean Tech Manufacturing,Expansion,Under Construction,49.953826,2025-01-29,OH,"11000 OH-347, East Liberty, OH 43319",3904.0,OH-04,Jon Husted,Republican,Bernie Moreno,Republican,Jim Jordan,Republican,91.0,39091.0,4700.0,39091004700.0,Census Tract 47,91.0,39091.0,4700.0,39091004700.0,Census Tract 47,43067.0,40.32825,-83.55141,True
M.Z.Foxconn_OH_0,Manufacturing,Foxconn,Zero Emission Vehicles,EVs,Clean Tech Manufacturing,Restart,Canceled prior to operation,25.999936,2025-04-22,OH,"2300 Hallock Young Rd Suite 200, Warren, OH 44481",3914.0,OH-14,Jon Husted,Republican,Bernie Moreno,Republican,David Joyce,Republican,155.0,39155.0,933400.0,39155933400.0,Census Tract 9334,155.0,39155.0,933400.0,39155933400.0,Census Tract 9334,44481.0,41.143664,-80.882712,True
M.Z.Kandi_TX_0,Manufacturing,Kandi,Zero Emission Vehicles,EVs,Clean Tech Manufacturing,New,Operating,,2023-09-27,TX,"3301 Marquis Drive, Garland, TX 75041",4832.0,TX-32,John Cornyn,Republican,Ted Cruz,Republican,Julie Johnson,Democratic,113.0,48113.0,18501.0,48113018501.0,Census Tract 185.01,113.0,48113.0,18501.0,48113018501.0,Census Tract 185.01,75042.0,32.90258,-96.67906,True
M.Z.SlateAuto_IN_0,Manufacturing,Slate Auto,Zero Emission Vehicles,EVs,Clean Tech Manufacturing,Retrofit,Under Construction,383.49905,2025-04-29,IN,"2801 W Old Rd 30, Warsaw, IN 46580",1802.0,IN-02,Jim Banks,Republican,Todd C. Young,Republican,Rudy Yakym,Republican,85.0,18085.0,961800.0,18085961800.0,Census Tract 9618,85.0,18085.0,961800.0,18085961800.0,Census Tract 9618,46580.0,41.24152,-85.8922,True
M.Z.Damera_IL_0,Manufacturing,Damera Corporation,Zero Emission Vehicles,BEVs,Clean Tech Manufacturing,New,Announced,31.499922,2025-05-15,IL,"Peoria, IL",,,,,,,,,,,,,,,,,,,,40.69266,-89.59252,False
M.Z.Ford_KY_2,Manufacturing,Ford,Zero Emission Vehicles,BEVs,Clean Tech Manufacturing,Expansion,Announced,1875.850762,2025-08-11,KY,"2000 Fern Valley Rd, Louisville, KY 40213",2103.0,KY-03,Mitch McConnell,Republican,Rand Paul,Republican,Morgan McGarvey,Democratic,111.0,21111.0,980100.0,21111980100.0,Census Tract 9801,111.0,21111.0,980100.0,21111980100.0,Census Tract 9801,40213.0,38.155309,-85.724516,True
M.Z.Hyundai_GA2_1,Manufacturing,Hyundai Motor Group,Zero Emission Vehicles,"BEVs, PHEVs",Clean Tech Manufacturing,Expansion,Under Construction,2665.682661,2025-09-18,GA,"10484 US-280, Ellabell, GA 31308",1301.0,GA-01,Jon Ossoff,Democratic,Raphael Warnock,Democratic,Earl Carter,Republican,29.0,13029.0,920101.0,13029920101.0,Census Tract 9201.01,29.0,13029.0,920101.0,13029920101.0,Census Tract 9201.01,31308.0,32.178711,-81.465294,True
M.Z.Faraday_CA_0,Manufacturing,Faraday Future,Zero Emission Vehicles,BEVs,Clean Tech Manufacturing,New,Operating,315.537384,2017-08-07,CA,"10701 Idaho Ave, Hanford, CA 93230",622.0,CA-22,Alex Padilla,Democratic,Adam Schiff,Democratic,David G. Valadao,Republican,31.0,6031.0,1200.0,6031001200.0,Census Tract 12,31.0,6031.0,1200.0,6031001200.0,Census Tract 12,93230.0,36.26783,-119.64705,True
M.CM.Albemarle_NV_0,Manufacturing,Albemarle Corporation,Critical Minerals,Lithium Carbonate,Clean Tech Manufacturing,Expansion,Operating,45.031121,2021-01-07,NV,"HWY 265, Silver Peak, NV 89047",3204.0,NV-04,Catherine Cortez Masto,Democratic,Jacky Rosen,Democratic,Steven Horsford,Democratic,9.0,32009.0,950100.0,32009950100.0,Census Tract 9501,9.0,32009.0,950100.0,32009950100.0,Census Tract 9501,,37.740208,-117.792319,True
M.CM.Albemarle_NC_0,Manufacturing,Albemarle Corporation,Critical Minerals,"Lithium Hydroxide, Spodumene",Clean Tech Manufacturing,Restart,Announced,5.392369,2022-03-25,NC,"348 Holiday Inn Drive, Kings Mountain, NC 28086",3714.0,NC-14,Ted Budd,Republican,Thom Tillis,Republican,Timothy K. Moore,Republican,45.0,37045.0,950500.0,37045950500.0,Census Tract 9505,45.0,37045.0,950500.0,37045950500.0,Census Tract 9505,28086.0,35.220466,-81.341653,True
M.CM.Albemarle_SC_0,Manufacturing,Albemarle Corporation,Critical Minerals,Lithium Hydroxide,Clean Tech Manufacturing,New,Announced,1374.668976,2022-06-28,SC,"510 Albemarle Way, Richburg, SC 29729",4505.0,SC-05,Lindsey Graham,Republican,Tim Scott,Republican,Ralph Norman,Republican,23.0,45023.0,20700.0,45023020700.0,Census Tract 207,23.0,45023.0,20700.0,45023020700.0,Census Tract 207,29729.0,34.70169,-80.97733,True
M.CM.ABTC_NV_0,Manufacturing,American Battery Technology Company,Critical Minerals,Lithium Hydroxide,Clean Tech Manufacturing,New,Announced,404.661301,2022-10-01,NV,"115–125 Burro Ave, Tonopah, NV  89049",3204.0,NV-04,Catherine Cortez Masto,Democratic,Jacky Rosen,Democratic,Steven Horsford,Democratic,23.0,32023.0,960200.0,32023960200.0,Census Tract 9602,23.0,32023.0,960200.0,32023960200.0,Census Tract 9602,89049.0,38.0686,-117.2263,True
M.CM.Anson_UT_0,Manufacturing,Anson Resources,Critical Minerals,Lithium Carbonate,Clean Tech Manufacturing,New,Announced,514.870906,2022-09-01,UT,"Moab, UT",4903.0,UT-03,John Curtis,Republican,Mike Lee,Republican,Mike Kennedy,Republican,19.0,49019.0,200.0,49019000200.0,Census Tract 2,19.0,49019.0,200.0,49019000200.0,Census Tract 2,84532.0,38.57385,-109.54889,True
M.CM.Ascend_GA_0,Manufacturing,Ascend Elements,Critical Minerals,"Lithium, Nickel, Cobalt",Clean Tech Manufacturing,New,Operating,53.923688,2022-01-05,GA,"10157 Industrial Dr NE, Covington, GA 30014",1313.0,GA-13,Jon Ossoff,Democratic,Raphael Warnock,Democratic,David Scott,Democratic,217.0,13217.0,100301.0,13217100301.0,Census Tract 1003.01,217.0,13217.0,100300.0,13217100300.0,Census Tract 1003,30014.0,33.61394,-83.83645,True
M.CM.BlueWhale_OK_0,Manufacturing,BlueWhale Materials,Critical Minerals,"Cobalt, Nickel, Lithium",Clean Tech Manufacturing,New,Operating,112.267834,2023-09-20,OK,"1560 Industrial Blvd, Bartlesville, OK 74006",4002.0,OK-02,James Lankford,Republican,Markwayne Mullin,Republican,Josh Brecheen,Republican,147.0,40147.0,1200.0,40147001200.0,Census Tract 12,147.0,40147.0,1200.0,40147001200.0,Census Tract 12,74006.0,36.73217,-95.89365,True
M.CM.Century_NV_0,Manufacturing,Century Lithium,Critical Minerals,Lithium Carbonate,Clean Tech Manufacturing,New,Announced,1757.543133,2018-07-01,NV,"Esmeralda County, Dyer, NV  89010",3204.0,NV-04,Catherine Cortez Masto,Democratic,Jacky Rosen,Democratic,Steven Horsford,Democratic,9.0,32009.0,950100.0,32009950100.0,Census Tract 9501,9.0,32009.0,950100.0,32009950100.0,Census Tract 9501,,37.7525,-117.5906,True
M.CM.Compass_UT_0,Manufacturing,Compass Minerals,Critical Minerals,Lithium Carbonate,Clean Tech Manufacturing,New,Canceled prior to operation,277.371532,2022-09-14,UT,"Blacksmith Fork Canyon Rd, Hyrum, UT  84319",4901.0,UT-01,John Curtis,Republican,Mike Lee,Republican,Blake Moore,Republican,5.0,49005.0,980100.0,49005980100.0,Census Tract 9801,5.0,49005.0,980100.0,49005980100.0,Census Tract 9801,84319.0,41.63,-111.7,True
M.CM.CTR_CA_0,Manufacturing,Controlled Thermal Resources,Critical Minerals,"Lithium Carbonate, Lithium Hydroxide",Clean Tech Manufacturing,New,Under Construction,2093.243884,2020-03-16,CA,"124 West 9th St, Imperial, CA 92251",625.0,CA-25,Alex Padilla,Democratic,Adam Schiff,Democratic,Raul Ruiz,Democratic,25.0,6025.0,11002.0,6025011002.0,Census Tract 110.02,25.0,6025.0,11000.0,6025011000.0,Census Tract 110,92251.0,32.848538,-115.571086,True
M.CM.Evelution_AZ_0,Manufacturing,EVelution Energy,Critical Minerals,Cobalt Sulfate,Clean Tech Manufacturing,New,Announced,204.032783,2023-03-06,AZ,"2454 W 5th St, Yuma, AZ 85364",407.0,AZ-07,Ruben Gallego,Democratic,Mark Kelly,Democratic,Adelita Grijalva,Democratic,27.0,4027.0,502.0,4027000502.0,Census Tract 5.02,27.0,4027.0,502.0,4027000502.0,Census Tract 5.02,85364.0,32.71858,-114.64995,True
M.CM.Graphex_MI_0,Manufacturing,Graphex Technologies LLC,Critical Minerals,Graphite,Clean Tech Manufacturing,New,Operating,80.885532,2022-01-07,MI,"31227–31265 Charles Kettering Rd, Warren, MI  48092",2610.0,MI-10,Gary Peters,Democratic,Elissa Slotkin,Democratic,John James,Republican,99.0,26099.0,982300.0,26099982300.0,Census Tract 9823,99.0,26099.0,982300.0,26099982300.0,Census Tract 9823,48092.0,42.5223,-83.0404,True
M.CM.GraphiteOne_AK_0,Manufacturing,Graphite One,Critical Minerals,Graphite,Clean Tech Manufacturing,New,Announced,519.031479,2022-08-29,AK,"Nome School District, AK 99762",,,,,,,,,,,,,,,,,,,,64.5124,-165.427,False
M.CM.GM_LA_0,Manufacturing,"General Motors, Element 25",Critical Minerals,Manganese Sulphate,Clean Tech Manufacturing,New,Announced,291.309799,2024-05-13,LA,"Burnside, Ascension Parish, LA",2202.0,LA-02,Bill Cassidy,Republican,John Neely Kennedy,Republican,Troy Carter,Democratic,5.0,22005.0,30302.0,22005030302.0,Census Tract 303.02,5.0,22005.0,30300.0,22005030300.0,Census Tract 303,70725.0,30.124615,-90.911351,True
M.CM.InternationalBattery_LA_0,Manufacturing,International Battery Metals,Critical Minerals,Lithium Carbonate,Clean Tech Manufacturing,New,Canceled prior to operation,425.826287,2024-01-11,LA,"Lake Charles, Louisiana",,,,,,,,,,,,,,,,,,,,30.22651,-93.21669,False
M.CM.Ioneer_NV_0,Manufacturing,Ioneer,Critical Minerals,"Lithium Hydroxide, Lithium Carbonate",Clean Tech Manufacturing,New,Announced,1908.09021,2018-10-01,NV,"Dyer, NV  89010",3204.0,NV-04,Catherine Cortez Masto,Democratic,Jacky Rosen,Democratic,Steven Horsford,Democratic,9.0,32009.0,950100.0,32009950100.0,Census Tract 9501,9.0,32009.0,950100.0,32009950100.0,Census Tract 9501,,37.830315,-117.818984,True
M.CM.Laxness_AR_0,Manufacturing,"Lanxess, Standard Lithium",Critical Minerals,Lithium Carbonate,Clean Tech Manufacturing,New,Announced,230.983948,2019-06-19,AR,"2226 Haynesville Hwy, El Dorado, AR 71730",504.0,AR-04,John Boozman,Republican,Tom Cotton,Republican,Bruce Westerman,Republican,139.0,5139.0,950501.0,5139950501.0,Census Tract 9505.01,139.0,5139.0,950500.0,5139950500.0,Census Tract 9505,71730.0,33.185833,-92.700849,True
M.CM.StandardLithium_AR_0,Manufacturing,Standard Lithium,Critical Minerals,Lithium Hydroxide,Clean Tech Manufacturing,New,Announced,1588.413634,2021-11-26,AR,"324 Southfield Cutoff, El Dorado, AR 71730",504.0,AR-04,John Boozman,Republican,Tom Cotton,Republican,Bruce Westerman,Republican,139.0,5139.0,950501.0,5139950501.0,Census Tract 9505.01,139.0,5139.0,950500.0,5139950500.0,Census Tract 9505,71730.0,33.112126,-92.667783,True
M.CM.LithiumAmericas_NV_0,Manufacturing,Lithium Americas Corp.,Critical Minerals,Lithium Carbonate,Clean Tech Manufacturing,New,Under Construction,3264.756253,2021-01-21,NV,"Thacker Pass, NV",3202.0,NV-02,Catherine Cortez Masto,Democratic,Jacky Rosen,Democratic,Mark Amodei,Republican,13.0,32013.0,10501.0,32013010501.0,Census Tract 105.01,13.0,32013.0,10500.0,32013010500.0,Census Tract 105,89425.0,41.718861,-118.026813,True
M.CM.Livent_NC_0,Manufacturing,Livent Corporation,Critical Minerals,Lithium Hydroxide,Clean Tech Manufacturing,New,Operating,446.074244,2019-10-29,NC,"1115 Bessemer City Kings Mtn Hwy, Bessemer City, NC 28016",3714.0,NC-14,Ted Budd,Republican,Thom Tillis,Republican,Timothy K. Moore,Republican,71.0,37071.0,31600.0,37071031600.0,Census Tract 316,71.0,37071.0,31600.0,37071031600.0,Census Tract 316,28016.0,35.279778,-81.309021,True
M.CM.Mersen_TN_0,Manufacturing,Mersen,Critical Minerals,Graphite,Clean Tech Manufacturing,New,Operating,79.41952,2019-11-12,TN,"795 Santa Fe Pike in Columbia, TN",4705.0,TN-05,Marsha Blackburn,Republican,Bill Hagerty,Republican,Andy Ogles,Republican,119.0,47119.0,10600.0,47119010600.0,Census Tract 106,119.0,47119.0,10600.0,47119010600.0,Census Tract 106,38401.0,35.6411,-87.05418,True
M.CM.Mersen_TN_1,Manufacturing,Mersen,Critical Minerals,Graphite,Clean Tech Manufacturing,Expansion,Under Construction,30.6185,2023-07-11,TN,"795 Santa Fe Pike in Columbia, TN",4705.0,TN-05,Marsha Blackburn,Republican,Bill Hagerty,Republican,Andy Ogles,Republican,119.0,47119.0,10600.0,47119010600.0,Census Tract 106,119.0,47119.0,10600.0,47119010600.0,Census Tract 106,38401.0,35.6411,-87.05418,True
M.CM.MissouriCobalt_MO_0,Manufacturing,Missouri Cobalt LLC,Critical Minerals,"Cobalt, Nickel",Clean Tech Manufacturing,New,Under Construction,565.880801,2019-07-31,MO,"401 N Mine La Motte Ave, Frederickstown, MO 63645",2908.0,MO-08,Josh Hawley,Republican,Eric Schmitt,Republican,Jason Smith,Republican,123.0,29123.0,960201.0,29123960201.0,Census Tract 9602.01,123.0,29123.0,960200.0,29123960200.0,Census Tract 9602,63645.0,37.5651,-90.2926,True
M.CM.NewRange_MN_0,Manufacturing,NewRange Copper Nickel JV,Critical Minerals,Nickel,Clean Tech Manufacturing,New,Announced,22.019488,2022-07-21,MN,"6500 Co Rd 666, Hoyt Lakes, MN 55750",2708.0,MN-08,Amy Klobuchar,Democratic,Tina Smith,Democratic,Pete Stauber,Republican,137.0,27137.0,14000.0,27137014000.0,Census Tract 140,137.0,27137.0,14000.0,27137014000.0,Census Tract 140,55750.0,47.587233,-92.149957,True
M.CM.Nth_OH_0,Manufacturing,Nth Cycle,Critical Minerals,"Nickel, Cobalt",Clean Tech Manufacturing,New,Operating,28.071693,2023-06-27,OH,"9530 Le St Dr, Fairfield, OH 45014",3908.0,OH-08,Jon Husted,Republican,Bernie Moreno,Republican,Warren Davidson,Republican,17.0,39017.0,11123.0,39017011123.0,Census Tract 111.23,17.0,39017.0,11123.0,39017011123.0,Census Tract 111.23,45011.0,39.318675,-84.478006,True
M.CM.Piedmont_NC_0,Manufacturing,Piedmont Lithium Limited,Critical Minerals,Lithium Hydroxide,Clean Tech Manufacturing,New,Announced,920.18445,2021-12-01,NC,"5706 Dallas Cherryville Hwy 279, Bessemer City, NC 28016",3714.0,NC-14,Ted Budd,Republican,Thom Tillis,Republican,Timothy K. Moore,Republican,71.0,37071.0,30501.0,37071030501.0,Census Tract 305.01,71.0,37071.0,30501.0,37071030501.0,Census Tract 305.01,28016.0,35.360361,-81.296462,True
M.CM.Piedmont_TN_0,Manufacturing,Piedmont Lithium Limited,Critical Minerals,Lithium Hydroxide,Clean Tech Manufacturing,New,Canceled prior to operation,605.363368,2022-09-01,TN,"525 Fifth St, Etowah, TN 37331",4703.0,TN-03,Marsha Blackburn,Republican,Bill Hagerty,Republican,Charles J. Fleischmann,Republican,107.0,47107.0,970602.0,47107970602.0,Census Tract 9706.02,107.0,47107.0,970600.0,47107970600.0,Census Tract 9706,37331.0,35.329,-84.53,True
M.CM.ReElement_IN_0,Manufacturing,ReElement,Critical Minerals,"Lithium Hydroxide, Lithium Carbonate, Rare-earth oxides, Antimony Trisulfide",Clean Tech Manufacturing,New,Under Construction,124.817189,2022-09-19,IN,"3611 South Adams Street, Marion,
Indiana 46953",1805.0,IN-05,Jim Banks,Republican,Todd C. Young,Republican,Victoria Spartz,Republican,53.0,18053.0,800.0,18053000800.0,Census Tract 8,53.0,18053.0,800.0,18053000800.0,Census Tract 8,46953.0,40.527585,-85.656345,True
M.CM.SGL_NC_0,Manufacturing,SGL Carbon,Critical Minerals,Graphite,Clean Tech Manufacturing,Expansion,Operating,11.137721,2021-08-23,NC,"307 Jamestown Road, Morganton, NC 28655",3714.0,NC-14,Ted Budd,Republican,Thom Tillis,Republican,Timothy K. Moore,Republican,23.0,37023.0,21400.0,37023021400.0,Census Tract 214,23.0,37023.0,21400.0,37023021400.0,Census Tract 214,28655.0,35.731791,-81.724254,True
M.CM.Stardust_OK_0,Manufacturing,Stardust Energy,Critical Minerals,Lithium Carbonate,Clean Tech Manufacturing,New,Announced,1014.171314,2024-01-12,OK,"US-64 &, W 53rd St S, Muskogee, OK 74403",4002.0,OK-02,James Lankford,Republican,Markwayne Mullin,Republican,Josh Brecheen,Republican,101.0,40101.0,600.0,40101000600.0,Census Tract 6,101.0,40101.0,600.0,40101000600.0,Census Tract 6,74403.0,35.68254,-95.37587,True
M.CM.Talon_ND_0,Manufacturing,Talon Metals,Critical Minerals,Nickel,Clean Tech Manufacturing,New,Announced,446.98557,2022-10-19,ND,"Beulah, ND  58523",3800.0,ND-00,Kevin Cramer,Republican,John Hoeven,Republican,Julie Fedorchak,Republican,57.0,38057.0,961700.0,38057961700.0,Census Tract 9617,57.0,38057.0,961700.0,38057961700.0,Census Tract 9617,58523.0,47.263387,-101.777743,True
M.CM.Tesla_TX_0,Manufacturing,Tesla,Critical Minerals,Lithium Hydroxide,Clean Tech Manufacturing,New,Operating,1020.163916,2023-03-01,TX,"4518 Co Rd 28, Robstown, TX 78380",4827.0,TX-27,John Cornyn,Republican,Ted Cruz,Republican,Michael Cloud,Republican,25.0,48025.0,950201.0,48025950201.0,Census Tract 9502.01,25.0,48025.0,950201.0,48025950201.0,Census Tract 9502.01,78389.0,28.3372,-97.6711,True
M.CM.Ucore_LA_0,Manufacturing,Ucore Rare Metals Inc.,Critical Minerals,Rare-earth metals,Clean Tech Manufacturing,New,Under Construction,76.559162,2023-04-07,LA,"934 3rd St, Alexandria, LA 71301",2206.0,LA-06,Bill Cassidy,Republican,John Neely Kennedy,Republican,Cleo Fields,Democratic,79.0,22079.0,13900.0,22079013900.0,Census Tract 139,79.0,22079.0,13900.0,22079013900.0,Census Tract 139,71301.0,31.3112,-92.4451,True
M.CM.USARare_OK_0,Manufacturing,USA Rare Earths,Critical Minerals,"Rare-earth oxides, Neodymium",Clean Tech Manufacturing,New,Under Construction,105.743767,2022-06-22,OK,"Stillwater, OK",4003.0,OK-03,James Lankford,Republican,Markwayne Mullin,Republican,Frank Lucas,Republican,119.0,40119.0,10700.0,40119010700.0,Census Tract 107,119.0,40119.0,10700.0,40119010700.0,Census Tract 107,74074.0,36.1102,-97.0586,True
M.CM.Westwater_AL_0,Manufacturing,"Westwater Resources Inc., Alabama Graphite Products",Critical Minerals,Graphite,Clean Tech Manufacturing,New,Under Construction,275.524277,2021-06-22,AL,"349 McClellan Industrial Drive
Kellyton, AL 35089",106.0,AL-06,Katie Britt,Republican,Tommy Tuberville,Republican,Gary Palmer,Republican,37.0,1037.0,961000.0,1037961000.0,Census Tract 9610,37.0,1037.0,961000.0,1037961000.0,Census Tract 9610,35089.0,32.969014,-86.031921,True
M.CM.Westwin_OK_0,Manufacturing,Westwin Elements,Critical Minerals,"Nickel, Cobalt",Clean Tech Manufacturing,New,Canceled prior to operation,747.601711,2023-08-22,OK,"10925 SW Bishop Rd, Lawton, OK 73505",4004.0,OK-04,James Lankford,Republican,Markwayne Mullin,Republican,Tom Cole,Republican,31.0,40031.0,2301.0,40031002301.0,Census Tract 23.01,31.0,40031.0,2301.0,40031002301.0,Census Tract 23.01,73527.0,34.58013,-98.54557,True
M.CM.ESM_CA_0,Manufacturing,EnergySource Minerals,Critical Minerals,Lithium Hydroxide,Clean Tech Manufacturing,New,Announced,594.765659,2021-11-18,CA,"477 McDonald Road in Calipatria, California",625.0,CA-25,Alex Padilla,Democratic,Adam Schiff,Democratic,Raul Ruiz,Democratic,25.0,6025.0,10102.0,6025010102.0,Census Tract 101.02,25.0,6025.0,10102.0,6025010102.0,Census Tract 101.02,92233.0,33.20578,-115.57587,True
M.CM.Aqua_NV_0,Manufacturing,Aqua Metals,Critical Minerals,"Nickel, Lithium Carbonate",Clean Tech Manufacturing,New,Announced,37.2598,2023-01-18,NV,"5370 Kietzke Ln, Reno, NV 89511",3202.0,NV-02,Catherine Cortez Masto,Democratic,Jacky Rosen,Democratic,Mark Amodei,Republican,31.0,32031.0,1012.0,32031001012.0,Census Tract 10.12,31.0,32031.0,1012.0,32031001012.0,Census Tract 10.12,89511.0,39.46953,-119.79083,True
M.CM.Titan_NY_0,Manufacturing,Titan Mining Corp,Critical Minerals,Zinc,Clean Tech Manufacturing,Restart,Operating,,2018-01-01,NY,"408 Sylvia Lake Rd, Gouverneur, NY 13642",3621.0,NY-21,Kirsten Gillibrand,Democratic,Chuck Schumer,Democratic,Elise Stefanik,Republican,89.0,36089.0,492600.0,36089492600.0,Census Tract 4926,89.0,36089.0,492600.0,36089492600.0,Census Tract 4926,13642.0,44.27561,-75.38157,True
M.CM.LiCycle_NY_0,Manufacturing,Li-Cycle,Critical Minerals,Lithium Carbonate,Clean Tech Manufacturing,New,Canceled prior to operation,504.469474,2022-09-19,NY,"Eastman Business Park, 100 Latona Rd Bldg. 350, Rochester, NY 14652",3625.0,NY-25,Kirsten Gillibrand,Democratic,Chuck Schumer,Democratic,Joseph Morelle,Democratic,55.0,36055.0,14102.0,36055014102.0,Census Tract 141.02,55.0,36055.0,14102.0,36055014102.0,Census Tract 141.02,14615.0,43.19832,-77.67825,True
M.CM.MPMaterials_TX_0,Manufacturing,MP Materials,Critical Minerals,Rare earths,Clean Tech Manufacturing,New,Operating,592.165098,2022-04-21,TX,"13840 Independence Pkwy, Fort Worth, TX 76177",4824.0,TX-24,John Cornyn,Republican,Ted Cruz,Republican,Beth Van Duyne,Republican,439.0,48439.0,113943.0,48439113943.0,Census Tract 1139.43,439.0,48439.0,113928.0,48439113928.0,Census Tract 1139.28,76177.0,32.98337,-97.24985,True
M.CM.PrimeIBC_WY_0,Manufacturing,"Prime Lithium, IBC Advanced Technologies",Critical Minerals,Lithium Hydroxide,Clean Tech Manufacturing,New,Announced,237.906263,2024-04-30,WY,"Rock Springs, WY",5600.0,WY-00,John Barrasso,Republican,Cynthia Lummis,Republican,Harriet Hageman,Republican,37.0,56037.0,971200.0,56037971200.0,Census Tract 9712,37.0,56037.0,971200.0,56037971200.0,Census Tract 9712,82901.0,41.58637,-109.19819,True
M.CM.Mersen_MI_0,Manufacturing,Mersen,Critical Minerals,Graphite,Clean Tech Manufacturing,Expansion,Operating,72.476006,2023-06-29,MI,"900 Harrison St, Bay City, MI 48708",2608.0,MI-08,Gary Peters,Democratic,Elissa Slotkin,Democratic,Kristen McDonald Rivet,Democratic,17.0,26017.0,280900.0,26017280900.0,Census Tract 2809,17.0,26017.0,280900.0,26017280900.0,Census Tract 2809,48708.0,43.56354,-83.90171,True
M.CM.Mersen_MI_1,Manufacturing,Mersen,Critical Minerals,Graphite,Clean Tech Manufacturing,Expansion,Operating,10.207888,2023-06-29,MI,"712 Industrial Park Dr, Greenville, MI 48838",2602.0,MI-02,Gary Peters,Democratic,Elissa Slotkin,Democratic,John Moolenaar,Republican,117.0,26117.0,971200.0,26117971200.0,Census Tract 9712,117.0,26117.0,971200.0,26117971200.0,Census Tract 9712,48838.0,43.18852,-85.22937,True
M.CM.Aqua_NV_3,Manufacturing,Aqua Metals,Critical Minerals,"Nickel, Lithium Carbonate",Clean Tech Manufacturing,Expansion,Announced,37.2598,2025-02-04,NV,"5370 Kietzke Ln, Reno, NV 89511",3202.0,NV-02,Catherine Cortez Masto,Democratic,Jacky Rosen,Democratic,Mark Amodei,Republican,31.0,32031.0,1012.0,32031001012.0,Census Tract 10.12,31.0,32031.0,1012.0,32031001012.0,Census Tract 10.12,89511.0,39.46953,-119.79083,True
M.CM.GeoFrame_TX_0,Manufacturing,GeoFrame,Critical Minerals,Lithium Hydroxide,Clean Tech Manufacturing,New,Announced,2483.146625,2025-04-08,TX,"300 NE Acc Rd, Mt Vernon, TX 75457",4801.0,TX-01,John Cornyn,Republican,Ted Cruz,Republican,Nathaniel Moran,Republican,159.0,48159.0,950200.0,48159950200.0,Census Tract 9502,159.0,48159.0,950200.0,48159950200.0,Census Tract 9502,75457.0,33.165113,-95.215908,True
M.CM.AMGCriticalMinerals_PA_0,Manufacturing,AMG Critical Materials,Critical Minerals,Chromium,Clean Tech Manufacturing,New,Announced,14.999963,2025-04-10,PA,"Frenz Dr, New Castle, PA 16101",4216.0,PA-16,John Fetterman,Democratic,David McCormick,Republican,Mike Kelly,Republican,73.0,42073.0,10600.0,42073010600.0,Census Tract 106,73.0,42073.0,10600.0,42073010600.0,Census Tract 106,16101.0,41.012665,-80.386886,True
M.CM.Waterleaf_UT_0,Manufacturing,Waterleaf Resources,Critical Minerals,Lithium Carbonate,Clean Tech Manufacturing,New,Announced,199.999505,2025-04-21,UT,"Box Elder County, UT",4901.0,UT-01,John Curtis,Republican,Mike Lee,Republican,Blake Moore,Republican,3.0,49003.0,960100.0,49003960100.0,Census Tract 9601,3.0,49003.0,960100.0,49003960100.0,Census Tract 9601,,41.485223,-113.199667,True
M.CM.alkaLi_PA_0,Manufacturing,alkaLi,Critical Minerals,Lithium Carbonate,Clean Tech Manufacturing,New,Announced,148.691415,2025-06-24,PA,"Montrose, Susquehanna County",4209.0,PA-09,John Fetterman,Democratic,David McCormick,Republican,Dan Meuser,Republican,115.0,42115.0,32600.0,42115032600.0,Census Tract 326,115.0,42115.0,32600.0,42115032600.0,Census Tract 326,18801.0,41.833589,-75.875927,True
M.CM.Titan_NY_1,Manufacturing,Titan,Critical Minerals,Graphite,Clean Tech Manufacturing,New,Operating,57.13282,2025-05-20,NY,"408 Sylvia Lake Rd, Gouverneur, NY 13642",3621.0,NY-21,Kirsten Gillibrand,Democratic,Chuck Schumer,Democratic,Elise Stefanik,Republican,89.0,36089.0,492600.0,36089492600.0,Census Tract 4926,89.0,36089.0,492600.0,36089492600.0,Census Tract 4926,13642.0,44.265108,-75.408738,True
M.CM.SungEel_GA_0,Manufacturing,SungEel,Critical Minerals,"Lithium, Nickel, Cobalt",Clean Tech Manufacturing,New,Canceled prior to operation,38.4853,2022-08-18,GA,"Stephens County, GA",,,,,,,,,,,,,,,,,,,,34.598373,-83.235968,False
M.CM.BlueWhale_OK_1,Manufacturing,BlueWhale Materials,Critical Minerals,"Cobalt, Nickel, Lithium",Clean Tech Manufacturing,Expansion,Announced,,2025-11-10,OK,"1560 Industrial Blvd, Bartlesville, OK 74006",4002.0,OK-02,James Lankford,Republican,Markwayne Mullin,Republican,Josh Brecheen,Republican,147.0,40147.0,1200.0,40147001200.0,Census Tract 12,147.0,40147.0,1200.0,40147001200.0,Census Tract 12,74006.0,36.73217,-95.89365,True
M.CM.Aclara_LA_0,Manufacturing,Aclara,Critical Minerals,Rare-earth metals,Clean Tech Manufacturing,New,Announced,270.004008,2025-10-24,LA,"Port of Vinton, Calcasieu Parish",2204.0,LA-04,Bill Cassidy,Republican,John Neely Kennedy,Republican,Mike Johnson,Republican,19.0,22019.0,3400.0,22019003400.0,Census Tract 34,19.0,22019.0,3400.0,22019003400.0,Census Tract 34,70668.0,30.148574,-93.566367,True
M.CM.SelectWater_TX_0,Manufacturing,"Select Water Solutions, Mariana Minerals",Critical Minerals,Lithium Carbonate,Clean Tech Manufacturing,New,Announced,159.684858,2025-10-22,TX,"659 Co Rd 3590, Joaquin, TX 75954",4801.0,TX-01,John Cornyn,Republican,Ted Cruz,Republican,Nathaniel Moran,Republican,419.0,48419.0,950100.0,48419950100.0,Census Tract 9501,419.0,48419.0,950100.0,48419950100.0,Census Tract 9501,75954.0,31.97473,-94.015464,True
M.W.Acrosa_NM_0,Manufacturing,Acrosa,Wind,Towers,Clean Tech Manufacturing,New,Operating,56.109015,2023-03-14,NM,"Rio Grande Industrial Park, Belen, NM 87002",3502.0,NM-02,Martin Heinrich,Democratic,Ben Ray Luján,Democratic,Gabriel Vasquez,Democratic,61.0,35061.0,970800.0,35061970800.0,Census Tract 9708,61.0,35061.0,970800.0,35061970800.0,Census Tract 9708,87002.0,34.662552,-106.781775,True
M.W.Broadwind_TX_2,Manufacturing,Broadwind,Wind,Towers,Clean Tech Manufacturing,Expansion,Operating,,2025-06-04,TX,"1126 Arnold Blvd, Abilene, TX 79603",4819.0,TX-19,John Cornyn,Republican,Ted Cruz,Republican,Jodey Arrington,Republican,441.0,48441.0,13100.0,48441013100.0,Census Tract 131,441.0,48441.0,13100.0,48441013100.0,Census Tract 131,79603.0,32.462481,-99.811479,True
M.W.Broadwind_TX_0,Manufacturing,Broadwind,Wind,Towers,Clean Tech Manufacturing,Expansion,Operating,3.12043,2022-09-14,TX,"1126 Arnold Blvd, Abilene, TX 79603",4819.0,TX-19,John Cornyn,Republican,Ted Cruz,Republican,Jodey Arrington,Republican,441.0,48441.0,13100.0,48441013100.0,Census Tract 131,441.0,48441.0,13100.0,48441013100.0,Census Tract 131,79603.0,32.462481,-99.811479,True
M.W.Carter_OK_0,Manufacturing,Carter Wind Turbines,Wind,Turbines,Clean Tech Manufacturing,New,Operating,11.245889,2021-04-09,OK,"Lawton, OK",4004.0,OK-04,James Lankford,Republican,Markwayne Mullin,Republican,Tom Cole,Republican,31.0,40031.0,2500.0,40031002500.0,Census Tract 25,31.0,40031.0,2500.0,40031002500.0,Census Tract 25,73501.0,34.604539,-98.395914,True
M.W.CSWind_CO_1,Manufacturing,CS Wind,Wind,Towers,Clean Tech Manufacturing,Expansion,Operating,33.686031,2023-04-04,CO,"100 Tower Rd, Pueblo, CO 81004",803.0,CO-03,Michael Bennet,Democratic,John Hickenlooper,Democratic,Jeff Hurd,Republican,101.0,8101.0,2806.0,8101002806.0,Census Tract 28.06,101.0,8101.0,2806.0,8101002806.0,Census Tract 28.06,81004.0,38.173517,-104.619054,True
M.W.CSWind_CO_2,Manufacturing,CS Wind,Wind,Towers,Clean Tech Manufacturing,Expansion,Operating,33.686031,2023-04-04,CO,"100 Tower Rd, Pueblo, CO 81004",803.0,CO-03,Michael Bennet,Democratic,John Hickenlooper,Democratic,Jeff Hurd,Republican,101.0,8101.0,2806.0,8101002806.0,Census Tract 28.06,101.0,8101.0,2806.0,8101002806.0,Census Tract 28.06,81004.0,38.173517,-104.619054,True
M.W.Dilligence_TX_0,Manufacturing,Diligence Offshore Services,Wind,Foundations,Clean Tech Manufacturing,New,Announced,1255.358504,2023-08-28,TX,"Pleasure Island, Port Arthur, TX",4814.0,TX-14,John Cornyn,Republican,Ted Cruz,Republican,Randy Weber,Republican,245.0,48245.0,11600.0,48245011600.0,Census Tract 116,245.0,48245.0,11600.0,48245011600.0,Census Tract 116,77640.0,29.815151,-93.955678,True
M.W.EEW_NJ_1,Manufacturing,EEW - Phase 2,Wind,Foundations,Clean Tech Manufacturing,Expansion,Announced,371.28137,2020-12-01,NJ,"Port of Paulsboro, Paulsboro, NJ 08066",3401.0,NJ-01,Cory Booker,Democratic,Andrew Kim,Democratic,Donald Norcross,Democratic,15.0,34015.0,500400.0,34015500400.0,Census Tract 5004,15.0,34015.0,500400.0,34015500400.0,Census Tract 5004,8066.0,39.84475,-75.237019,True
M.W.EEW_NJ_0,Manufacturing,EEW,Wind,Foundations,Clean Tech Manufacturing,New,Operating,123.760457,2020-12-01,NJ,"Port of Paulsboro, Paulsboro, NJ 08066",3401.0,NJ-01,Cory Booker,Democratic,Andrew Kim,Democratic,Donald Norcross,Democratic,15.0,34015.0,500400.0,34015500400.0,Census Tract 5004,15.0,34015.0,500400.0,34015500400.0,Census Tract 5004,8066.0,39.84475,-75.237019,True
M.W.Equinor_NY_1,Manufacturing,Marmen and Welcon,Wind,Foundations,Clean Tech Manufacturing,New,Canceled prior to operation,98.445818,2020-11-12,NY,"106 Smith Blvd, Albany, NY 12202",3620.0,NY-20,Kirsten Gillibrand,Democratic,Chuck Schumer,Democratic,Paul Tonko,Democratic,1.0,36001.0,2600.0,36001002600.0,Census Tract 26,1.0,36001.0,2600.0,36001002600.0,Census Tract 26,12202.0,42.626407,-73.758027,True
M.W.Equinor_NY_0,Manufacturing,Marmen and Welcon,Wind,Towers,Clean Tech Manufacturing,New,Canceled prior to operation,267.911876,2020-11-12,NY,"106 Smith Blvd, Albany, NY 12202",3620.0,NY-20,Kirsten Gillibrand,Democratic,Chuck Schumer,Democratic,Paul Tonko,Democratic,1.0,36001.0,2600.0,36001002600.0,Census Tract 26,1.0,36001.0,2600.0,36001002600.0,Census Tract 26,12202.0,42.626407,-73.758027,True
M.W.GEVernova_FL_2,Manufacturing,GE Vernova,Wind,Nacelles,Clean Tech Manufacturing,Expansion,Under Construction,44.958443,2025-01-29,FL,"8301 Scenic Hwy, Pensacola, FL 32514",1201.0,FL-01,Ashley B. Moody,Republican,Rick Scott,Republican,Jimmy Patronis,Republican,33.0,12033.0,3506.0,12033003506.0,Census Tract 35.06,33.0,12033.0,3506.0,12033003506.0,Census Tract 35.06,32514.0,30.513398,-87.165927,True
M.W.GEVernova_FL_0,Manufacturing,GE Vernova,Wind,Nacelles,Clean Tech Manufacturing,Expansion,Operating,20.403278,2023-03-02,FL,"8301 Scenic Hwy, Pensacola, FL 32514",1201.0,FL-01,Ashley B. Moody,Republican,Rick Scott,Republican,Jimmy Patronis,Republican,33.0,12033.0,3506.0,12033003506.0,Census Tract 35.06,33.0,12033.0,3506.0,12033003506.0,Census Tract 35.06,32514.0,30.513398,-87.165927,True
M.W.GEVernova_NY_0,Manufacturing,"GE Vernova, LM Wind Power",Wind,Blades,Clean Tech Manufacturing,New,Canceled prior to operation,262.94782,2023-02-01,NY,"2170 River Rd, Coeymans, NY 12045",3620.0,NY-20,Kirsten Gillibrand,Democratic,Chuck Schumer,Democratic,Paul Tonko,Democratic,1.0,36001.0,14401.0,36001014401.0,Census Tract 144.01,1.0,36001.0,14401.0,36001014401.0,Census Tract 144.01,12158.0,42.479308,-73.79274,True
M.W.GEVernova_NY2_0,Manufacturing,GE Vernova,Wind,Nacelles,Clean Tech Manufacturing,New,Canceled prior to operation,262.94782,2023-02-01,NY,"2170 River Rd, Coeymans, NY 12045",3620.0,NY-20,Kirsten Gillibrand,Democratic,Chuck Schumer,Democratic,Paul Tonko,Democratic,1.0,36001.0,14401.0,36001014401.0,Census Tract 144.01,1.0,36001.0,14401.0,36001014401.0,Census Tract 144.01,12158.0,42.479308,-73.79274,True
M.W.GEVernova_NY3_0,Manufacturing,Ge Vernova,Wind,Nacelles,Clean Tech Manufacturing,Expansion,Operating,51.039441,2023-05-23,NY,"1 River Rd, Schenectady, NY 12345",3620.0,NY-20,Kirsten Gillibrand,Democratic,Chuck Schumer,Democratic,Paul Tonko,Democratic,93.0,36093.0,33500.0,36093033500.0,Census Tract 335,93.0,36093.0,33500.0,36093033500.0,Census Tract 335,12305.0,42.81002,-73.953792,True
M.W.GEVernova_NY3_1,Manufacturing,Ge Vernova,Wind,Nacelles,Clean Tech Manufacturing,Expansion,Under Construction,34.967678,2025-01-29,NY,"1 River Rd, Schenectady, NY 12345",3620.0,NY-20,Kirsten Gillibrand,Democratic,Chuck Schumer,Democratic,Paul Tonko,Democratic,93.0,36093.0,33500.0,36093033500.0,Census Tract 335,93.0,36093.0,33500.0,36093033500.0,Census Tract 335,12305.0,42.81002,-73.953792,True
M.W.Keystone_TX_0,Manufacturing,Keystone Tower Systems,Wind,Towers,Clean Tech Manufacturing,New,Operating,100.8262,2019-06-30,TX,"11659 US-60, Pampa, TX 79065",4813.0,TX-13,John Cornyn,Republican,Ted Cruz,Republican,Ronny L. Jackson,Republican,179.0,48179.0,950100.0,48179950100.0,Census Tract 9501,179.0,48179.0,950100.0,48179950100.0,Census Tract 9501,79066.0,35.503977,-101.032466,True
M.W.LMWind_ND_0,Manufacturing,LM Wind Power,Wind,Blades,Clean Tech Manufacturing,Expansion,Operating,2.856422,2018-12-07,ND,"1580 S 48th St, Grand Forks, ND 58201",3800.0,ND-00,Kevin Cramer,Republican,John Hoeven,Republican,Julie Fedorchak,Republican,35.0,38035.0,10801.0,38035010801.0,Census Tract 108.01,35.0,38035.0,10801.0,38035010801.0,Census Tract 108.01,58201.0,47.905555,-97.101866,True
M.W.LMWind_ND_2,Manufacturing,LM Wind Power,Wind,Blades,Clean Tech Manufacturing,Expansion,Under Construction,15.985224,2025-01-29,ND,"1580 S 48th St, Grand Forks, ND 58201",3800.0,ND-00,Kevin Cramer,Republican,John Hoeven,Republican,Julie Fedorchak,Republican,35.0,38035.0,10801.0,38035010801.0,Census Tract 108.01,35.0,38035.0,10801.0,38035010801.0,Census Tract 108.01,58201.0,47.905555,-97.101866,True
M.W.Marmen_SD_1,Manufacturing,Marmen,Wind,Towers,Clean Tech Manufacturing,Expansion,Operating,18.148716,2023-05-30,SD,"Rovang Industrial Park, Brandon, SD",4600.0,SD-00,Mike Rounds,Republican,John Thune,Republican,Dusty Johnson,Republican,99.0,46099.0,10501.0,46099010501.0,Census Tract 105.01,99.0,46099.0,10501.0,46099010501.0,Census Tract 105.01,57005.0,43.594504,-96.572452,True
M.W.Nordex_IA_0,Manufacturing,Nordex Group,Wind,Nacelles,Clean Tech Manufacturing,Restart,Operating,10.517913,2024-06-27,IA,"155 Fawcett Drive, West Branch, IA 52358",1901.0,IA-01,Joni Ernst,Republican,Chuck Grassley,Republican,Mariannette Miller-Meeks,Republican,31.0,19031.0,450500.0,19031450500.0,Census Tract 4505,31.0,19031.0,450500.0,19031450500.0,Census Tract 4505,52358.0,41.671735,-91.346612,True
M.W.Orsted_RI_0,Manufacturing,Orsted,Wind,Foundations,Clean Tech Manufacturing,New,Operating,56.229444,2021-04-14,RI,"Providence Port, RI",4401.0,RI-01,Jack Reed,Democratic,Sheldon Whitehouse,Democratic,Gabe Amo,Democratic,7.0,44007.0,101.0,44007000101.0,Census Tract 1.01,7.0,44007.0,101.0,44007000101.0,Census Tract 1.01,2905.0,41.796613,-71.388796,True
M.W.Siemens_IA_0,Manufacturing,Siemens Gamesa,Wind,Blades,Clean Tech Manufacturing,Restart,Operating,0.0,2022-12-01,IA,"2597 US-61, Fort Madison, IA 52627",1901.0,IA-01,Joni Ernst,Republican,Chuck Grassley,Republican,Mariannette Miller-Meeks,Republican,111.0,19111.0,490200.0,19111490200.0,Census Tract 4902,111.0,19111.0,490200.0,19111490200.0,Census Tract 4902,52639.0,40.582711,-91.431809,True
M.W.Siemens_KS_0,Manufacturing,Siemens Gamesa,Wind,Nacelles,Clean Tech Manufacturing,Restart,Operating,0.0,2023-03-12,KS,"1000 Commerce St, Hutchinson, KS 67501",2001.0,KS-01,Roger Marshall,Republican,Jerry Moran,Republican,Tracey Mann,Republican,155.0,20155.0,1400.0,20155001400.0,Census Tract 14,155.0,20155.0,1400.0,20155001400.0,Census Tract 14,67501.0,38.036134,-97.88036,True
M.W.Siemens_VA_0,Manufacturing,Siemens Gamesa,Wind,Blades,Clean Tech Manufacturing,New,Canceled prior to operation,219.091536,2021-10-25,VA,"2000 Seaboard Ave, Portsmouth, VA 23707",5103.0,VA-03,Tim Kaine,Democratic,Mark Warner,Democratic,Robert C. Scott,Democratic,740.0,51740.0,210200.0,51740210200.0,Census Tract 2102,740.0,51740.0,210200.0,51740210200.0,Census Tract 2102,23707.0,36.857364,-76.32465,True
M.W.SIVA_NY_0,Manufacturing,SIVA Powers America,Wind,Turbines,Clean Tech Manufacturing,New,Announced,2.55041,2023-01-13,NY,"1060 Enterprise Dr, Lockport, NY 14094",3624.0,NY-24,Kirsten Gillibrand,Democratic,Chuck Schumer,Democratic,Claudia Tenney,Republican,63.0,36063.0,23401.0,36063023401.0,Census Tract 234.01,63.0,36063.0,23401.0,36063023401.0,Census Tract 234.01,14094.0,43.167484,-78.748716,True
M.W.SparrowsPoint_MD_0,Manufacturing,Sparrows Point Steel (U.S. Wind and Haizea Wind Group),Wind,Foundations,Clean Tech Manufacturing,New,Announced,394.91595,2023-03-28,MD,"6995 Bethlehem Blvd Suite 100, Sparrows Point, MD 21219",2407.0,MD-07,Angela Alsobrooks,Democratic,Chris Van Hollen,Democratic,Kweisi Mfume,Democratic,5.0,24005.0,492700.0,24005492700.0,Census Tract 4927,5.0,24005.0,980000.0,24005980000.0,Census Tract 9800,21219.0,39.220369,-76.483682,True
M.W.TPI_IA_0,Manufacturing,TPI Composites,Wind,Blades,Clean Tech Manufacturing,Restart,Operating,3.303358,2022-11-04,IA,"2300 N 33rd E, Newton, IA 502082300 N 33rd E, Newton, IA 50208",1901.0,IA-01,Joni Ernst,Republican,Chuck Grassley,Republican,Mariannette Miller-Meeks,Republican,99.0,19099.0,40100.0,19099040100.0,Census Tract 401,99.0,19099.0,40100.0,19099040100.0,Census Tract 401,50208.0,41.73049,-93.021076,True
M.W.Vestas_CO_1,Manufacturing,Vestas,Wind,Blades,Clean Tech Manufacturing,Expansion,Operating,20.412333,2023-07-18,CO,"11140 Eastman Park Dr, Windsor, CO 80550",804.0,CO-04,Michael Bennet,Democratic,John Hickenlooper,Democratic,Lauren Boebert,Republican,123.0,8123.0,2209.0,8123002209.0,Census Tract 22.09,123.0,8123.0,2209.0,8123002209.0,Census Tract 22.09,80631.0,40.460855,-104.848627,True
M.W.Vestas_CO2_1,Manufacturing,Vestas,Wind,Nacelles,Clean Tech Manufacturing,Expansion,Operating,20.412333,2023-07-18,CO,"N, 1500 E Crown Prince Blvd, Brighton, CO 80603",808.0,CO-08,Michael Bennet,Democratic,John Hickenlooper,Democratic,Gabe Evans,Republican,123.0,8123.0,1911.0,8123001911.0,Census Tract 19.11,123.0,8123.0,1907.0,8123001907.0,Census Tract 19.07,80603.0,40.020138,-104.807219,True
M.EZ.Accelera_MN_0,Manufacturing,Accelera,Electrolyzers,PEM,Clean Tech Manufacturing,New,Operating,10.322992,2022-10-10,MN,"1400 73rd Ave NE, Fridley, MN 55432",2705.0,MN-05,Amy Klobuchar,Democratic,Tina Smith,Democratic,Ilhan Omar,Democratic,3.0,27003.0,51103.0,27003051103.0,Census Tract 511.03,3.0,27003.0,51103.0,27003051103.0,Census Tract 511.03,55432.0,45.098937,-93.233629,True
M.EZ.Bloom_CA_0,Manufacturing,Bloom Energy,Electrolyzers,SOEC,Clean Tech Manufacturing,New,Operating,122.697067,2021-06-18,CA,"Fremont, CA 94538",617.0,CA-17,Alex Padilla,Democratic,Adam Schiff,Democratic,Ro Khanna,Democratic,1.0,6001.0,441503.0,6001441503.0,Census Tract 4415.03,1.0,6001.0,441503.0,6001441503.0,Census Tract 4415.03,94538.0,37.49987,-121.960892,True
M.EZ.Bloom_DE_0,Manufacturing,Bloom Energy,Electrolyzers,SOEC,Clean Tech Manufacturing,New,Operating,81.798045,2022-11-01,DE,"200 Christina Pkwy, Newark, DE 19713",1000.0,DE-00,Lisa Blunt Rochester,Democratic,Chris Coons,Democratic,Sarah McBride,Democratic,3.0,10003.0,14402.0,10003014402.0,Census Tract 144.02,3.0,10003.0,14402.0,10003014402.0,Census Tract 144.02,19713.0,39.661658,-75.759568,True
M.EZ.EH2_MA_0,Manufacturing,Electric Hydrogen,Electrolyzers,PEM,Clean Tech Manufacturing,New,Operating,91.870994,2023-05-04,MA,"Devens, MA",2503.0,MA-03,Edward J. Markey,Democratic,Elizabeth Warren,Democratic,Lori Trahan,Democratic,27.0,25027.0,761402.0,25027761402.0,Census Tract 7614.02,27.0,25027.0,761400.0,25027761400.0,Census Tract 7614,1434.0,42.546132,-71.612628,True
M.EZ.Evol_MA_0,Manufacturing,EvolOH,Electrolyzers,AEM,Clean Tech Manufacturing,New,Under Construction,383.428335,2023-02-27,MA,"Pawtucket Boulevard, Lowell, MA",2503.0,MA-03,Edward J. Markey,Democratic,Elizabeth Warren,Democratic,Lori Trahan,Democratic,17.0,25017.0,311800.0,25017311800.0,Census Tract 3118,17.0,25017.0,311800.0,25017311800.0,Census Tract 3118,1851.0,42.633052,-71.317077,True
M.EZ.JohnCockerill_TX_0,Manufacturing,John Cockerill,Electrolyzers,Alkaline,Clean Tech Manufacturing,New,Under Construction,147.344649,2023-10-25,TX,Baytown Houston TX,4836.0,TX-36,John Cornyn,Republican,Ted Cruz,Republican,Brian Babin,Republican,201.0,48201.0,254300.0,48201254300.0,Census Tract 2543,201.0,48201.0,254300.0,48201254300.0,Census Tract 2543,77520.0,29.737158,-94.978911,True
M.EZ.Nel_CT_1,Manufacturing,Nel Hydrogen US,Electrolyzers,PEM,Clean Tech Manufacturing,Expansion,Operating,26.320229,2023-02-28,CT,"10 Technology Dr, Wallingford, CT 06492",903.0,CT-03,Richard Blumenthal,Democratic,Christopher S. Murphy,Democratic,Rosa L. DeLauro,Democratic,9.0,9009.0,176000.0,9009176000.0,Census Tract 1760,9.0,9009.0,176000.0,9009176000.0,Census Tract 1760,6492.0,41.492526,-72.758901,True
M.EZ.Nel_MI_0,Manufacturing,Nel Hydrogen US,Electrolyzers,"Alkaline, PEM",Clean Tech Manufacturing,New,Canceled prior to operation,408.315529,2023-05-03,MI,"Plymouth Charter Twp, MI",2606.0,MI-06,Gary Peters,Democratic,Elissa Slotkin,Democratic,Debbie Dingell,Democratic,163.0,26163.0,562600.0,26163562600.0,Census Tract 5626,163.0,26163.0,562600.0,26163562600.0,Census Tract 5626,48170.0,42.371455,-83.470626,True
M.EZ.OxEon_UT_0,Manufacturing,OxEon Energy,Electrolyzers,SOEC,Clean Tech Manufacturing,New,Announced,100.910046,2024-03-14,UT,"257 River Bend Way Ste 300 North Salt Lake, UT, 84054-2986",4902.0,UT-02,John Curtis,Republican,Mike Lee,Republican,Celeste Maloy,Republican,11.0,49011.0,127002.0,49011127002.0,Census Tract 1270.02,11.0,49011.0,127002.0,49011127002.0,Census Tract 1270.02,84054.0,40.836257,-111.9436,True
M.EZ.PlugPower_MA_0,Manufacturing,Plug Power,Electrolyzers,"Alkaline, PEM",Clean Tech Manufacturing,New,Operating,,2021-10-20,MA,"45 Winthrop St, Concord, MA 01742",2503.0,MA-03,Edward J. Markey,Democratic,Elizabeth Warren,Democratic,Lori Trahan,Democratic,17.0,25017.0,361100.0,25017361100.0,Census Tract 3611,17.0,25017.0,361100.0,25017361100.0,Census Tract 3611,1742.0,42.461714,-71.38943,True
M.EZ.PlugPower_NY_1,Manufacturing,Plug Power,Electrolyzers,PEM,Clean Tech Manufacturing,Expansion,Operating,51.123778,2023-04-04,NY,"1025 John St, West Henrietta, NY 14586",3625.0,NY-25,Kirsten Gillibrand,Democratic,Chuck Schumer,Democratic,Joseph Morelle,Democratic,55.0,36055.0,13205.0,36055013205.0,Census Tract 132.05,55.0,36055.0,13205.0,36055013205.0,Census Tract 132.05,14586.0,43.070323,-77.663292,True
M.EZ.PlugPower_NY_0,Manufacturing,Plug Power,Electrolyzers,PEM,Clean Tech Manufacturing,New,Operating,140.722252,2021-01-19,NY,"1025 John St, West Henrietta, NY 14586",3625.0,NY-25,Kirsten Gillibrand,Democratic,Chuck Schumer,Democratic,Joseph Morelle,Democratic,55.0,36055.0,13205.0,36055013205.0,Census Tract 132.05,55.0,36055.0,13205.0,36055013205.0,Census Tract 132.05,14586.0,43.070323,-77.663292,True
M.EZ.Topsoe_VA_0,Manufacturing,Topsoe,Electrolyzers,SOEC,Clean Tech Manufacturing,New,Announced,408.315529,2023-05-15,VA,"11700 Meadowville Lane, Meadowville Technology Parkway",5104.0,VA-04,Tim Kaine,Democratic,Mark Warner,Democratic,Jennifer McClellan,Democratic,41.0,51041.0,100403.0,51041100403.0,Census Tract 1004.03,41.0,51041.0,100403.0,51041100403.0,Census Tract 1004.03,23836.0,37.364118,-77.333264,True
M.EZ.Verdagy_CA_0,Manufacturing,Verdagy,Electrolyzers,Alkaline,Clean Tech Manufacturing,New,Operating,110.717708,2023-09-19,CA,"7395 Morton Ave Newark, CA 94560",617.0,CA-17,Alex Padilla,Democratic,Adam Schiff,Democratic,Ro Khanna,Democratic,1.0,6001.0,444304.0,6001444304.0,Census Tract 4443.04,1.0,6001.0,444302.0,6001444302.0,Census Tract 4443.02,94560.0,37.519456,-122.03633,True
M.EZ.Versogen_DE_0,Manufacturing,Versogen,Electrolyzers,AEM,Clean Tech Manufacturing,New,Operating,4.992688,2022-07-05,DE,"1090 Elkton Rd s115, Newark, DE 19711",1000.0,DE-00,Lisa Blunt Rochester,Democratic,Chris Coons,Democratic,Sarah McBride,Democratic,3.0,10003.0,14404.0,10003014404.0,Census Tract 144.04,3.0,10003.0,14404.0,10003014404.0,Census Tract 144.04,19711.0,39.662007,-75.78324,True
M.FU.Gyre9_CT_0,Manufacturing,Gyre9,Fueling Equipment,EV Chargers,Clean Tech Manufacturing,Expansion,Operating,58.705478,2021-09-23,CT,"1200 Main St S, Southbury, CT 06488",905.0,CT-05,Richard Blumenthal,Democratic,Christopher S. Murphy,Democratic,Jahana Hayes,Democratic,9.0,9009.0,348111.0,9009348111.0,Census Tract 3481.11,9.0,9009.0,348111.0,9009348111.0,Census Tract 3481.11,6488.0,41.454838,-73.242302,True
M.FU.Tritium_TN_0,Manufacturing,Tritium Technologies LLC,Fueling Equipment,EV Chargers,Clean Tech Manufacturing,New,Operating,234.821914,2022-02-08,TN,"1420 Toshiba Dr, Lebanon, TN 37087",4705.0,TN-05,Marsha Blackburn,Republican,Bill Hagerty,Republican,Andy Ogles,Republican,189.0,47189.0,30500.0,47189030500.0,Census Tract 305,189.0,47189.0,30500.0,47189030500.0,Census Tract 305,37087.0,36.232205,-86.327517,True
M.FU.Tritium_TN_1,Manufacturing,Tritium Technologies LLC,Fueling Equipment,EV Chargers,Clean Tech Manufacturing,Expansion,Operating,117.410957,2023-06-19,TN,"1420 Toshiba Dr, Lebanon, TN 37087",4705.0,TN-05,Marsha Blackburn,Republican,Bill Hagerty,Republican,Andy Ogles,Republican,189.0,47189.0,30500.0,47189030500.0,Census Tract 305,189.0,47189.0,30500.0,47189030500.0,Census Tract 305,37087.0,36.232205,-86.327517,True
M.FU.FLO_MI_0,Manufacturing,FLO,Fueling Equipment,EV Chargers,Clean Tech Manufacturing,New,Operating,3.096898,2022-10-04,MI,"1270 Pacific Dr, Auburn Hills, MI 48326",2611.0,MI-11,Gary Peters,Democratic,Elissa Slotkin,Democratic,Haley Stevens,Democratic,125.0,26125.0,140500.0,26125140500.0,Census Tract 1405,125.0,26125.0,140500.0,26125140500.0,Census Tract 1405,48326.0,42.692799,-83.269057,True
M.FU.ABB_SC_0,Manufacturing,ABB E-mobility,Fueling Equipment,EV Chargers,Clean Tech Manufacturing,New,Operating,4.160573,2022-09-14,SC,"1000 Technology Dr, West Columbia, SC 29170",4502.0,SC-02,Lindsey Graham,Republican,Tim Scott,Republican,Joe Wilson,Republican,63.0,45063.0,980100.0,45063980100.0,Census Tract 9801,63.0,45063.0,980100.0,45063980100.0,Census Tract 9801,29170.0,33.95332,-81.1374,True
M.FU.Siemens_TX_0,Manufacturing,Siemens,Fueling Equipment,EV Chargers,Clean Tech Manufacturing,Expansion,Operating,10.784738,2022-03-04,TX,"501 Fountain Pkwy, Grand Prairie, TX 75050",4825.0,TX-25,John Cornyn,Republican,Ted Cruz,Republican,Roger Williams,Republican,439.0,48439.0,113003.0,48439113003.0,Census Tract 1130.03,439.0,48439.0,113001.0,48439113001.0,Census Tract 1130.01,75050.0,32.77891,-97.060618,True
M.FU.Siemens_CA_0,Manufacturing,Siemens,Fueling Equipment,EV Chargers,Clean Tech Manufacturing,Expansion,Operating,43.13895,2022-03-04,CA,"2420 S Reservoir St, Pomona, CA 91766",635.0,CA-35,Alex Padilla,Democratic,Adam Schiff,Democratic,Norma Torres,Democratic,37.0,6037.0,402904.0,6037402904.0,Census Tract 4029.04,37.0,6037.0,402904.0,6037402904.0,Census Tract 4029.04,91766.0,34.02794,-117.731463,True
M.FU.Siemens_NC_0,Manufacturing,Siemens,Fueling Equipment,EV Chargers,Clean Tech Manufacturing,Expansion,Operating,23.482191,2019-05-21,NC,"7000 Siemens Dr, Wendell, NC 27591",3702.0,NC-02,Ted Budd,Republican,Thom Tillis,Republican,Deborah Ross,Democratic,183.0,37183.0,54404.0,37183054404.0,Census Tract 544.04,183.0,37183.0,54404.0,37183054404.0,Census Tract 544.04,27591.0,35.816262,-78.388314,True
M.FU.Siemens_TX2_0,Manufacturing,Siemens,Fueling Equipment,EV Chargers,Clean Tech Manufacturing,New,Operating,46.964383,2023-02-15,TX,"1649 W Frankford Rd, Carrollton, TX 75007",4824.0,TX-24,John Cornyn,Republican,Ted Cruz,Republican,Beth Van Duyne,Republican,113.0,48113.0,13716.0,48113013716.0,Census Tract 137.16,113.0,48113.0,13716.0,48113013716.0,Census Tract 137.16,75006.0,32.974779,-96.892435,True
M.FU.Wallbox_TX_0,Manufacturing,"Wallbox, Arcadis",Fueling Equipment,EV Chargers,Clean Tech Manufacturing,New,Operating,77.964045,2021-09-01,TX,"2240 Forum Dr, Arlington, TX 76010",4833.0,TX-33,John Cornyn,Republican,Ted Cruz,Republican,Marc Veasey,Democratic,439.0,48439.0,121904.0,48439121904.0,Census Tract 1219.04,439.0,48439.0,121904.0,48439121904.0,Census Tract 1219.04,76010.0,32.711485,-97.053586,True
M.FU.SK Signet_TX_0,Manufacturing,SK Signet,Fueling Equipment,EV Chargers,Clean Tech Manufacturing,New,Operating,15.484489,2022-10-12,TX,"4101 E Plano Pkwy, Plano, TX 75074",4832.0,TX-32,John Cornyn,Republican,Ted Cruz,Republican,Julie Johnson,Democratic,85.0,48085.0,32010.0,48085032010.0,Census Tract 320.10,85.0,48085.0,32010.0,48085032010.0,Census Tract 320.10,75074.0,33.008689,-96.654378,True
M.FU.ADSTec_AL_0,Manufacturing,ADS-Tec Energy,Fueling Equipment,EV Chargers,Clean Tech Manufacturing,New,Operating,8.258394,2022-12-20,AL,"229 Teague Ct, Auburn, AL 36832",103.0,AL-03,Katie Britt,Republican,Tommy Tuberville,Republican,Mike Rogers,Republican,81.0,1081.0,40603.0,1081040603.0,Census Tract 406.03,81.0,1081.0,40603.0,1081040603.0,Census Tract 406.03,36832.0,32.60106,-85.51925,True
M.FU.EVBox_IL_0,Manufacturing,EVBox,Fueling Equipment,EV Chargers,Clean Tech Manufacturing,New,Operating,46.964383,2020-02-18,IL,"1930 Innovation Wy Ste 200, Libertyville, IL 60048",1710.0,IL-10,Tammy Duckworth,Democratic,Dick Durbin,Democratic,Brad Schneider,Democratic,97.0,17097.0,863603.0,17097863603.0,Census Tract 8636.03,97.0,17097.0,863603.0,17097863603.0,Census Tract 8636.03,60048.0,42.287938,-87.997044,True
M.FU.FreeWire_CA_0,Manufacturing,FreeWire,Fueling Equipment,EV Chargers,Clean Tech Manufacturing,New,Canceled prior to operation,21.569475,2022-03-25,CA,"7200 Gateway Blvd, Newark, CA 94560",617.0,CA-17,Alex Padilla,Democratic,Adam Schiff,Democratic,Ro Khanna,Democratic,1.0,6001.0,444301.0,6001444301.0,Census Tract 4443.01,1.0,6001.0,444301.0,6001444301.0,Census Tract 4443.01,94560.0,37.544563,-122.058803,True
M.FU.EverCharge_CA_0,Manufacturing,EverCharge,Fueling Equipment,EV Chargers,Clean Tech Manufacturing,New,Operating,,2022-12-07,CA,"Hayward, CA",,,,,,,,,,,,,,,,,,,,37.668106,-122.084422,False
M.FU.Lincoln_OH_0,Manufacturing,Lincoln Electric,Fueling Equipment,EV Chargers,Clean Tech Manufacturing,Expansion,Operating,,2022-08-29,OH,"22801 St Clair Ave., Cleveland, OH 44117",3911.0,OH-11,Jon Husted,Republican,Bernie Moreno,Republican,Shontel Brown,Democratic,35.0,39035.0,152502.0,39035152502.0,Census Tract 1525.02,35.0,39035.0,152502.0,39035152502.0,Census Tract 1525.02,44117.0,41.588154,-81.519485,True
M.FU.EdgeEnergy_OH_0,Manufacturing,EdgeEnergy,Fueling Equipment,EV Chargers,Clean Tech Manufacturing,Expansion,Under Construction,153.024587,2023-02-15,OH,"5460 Muddy Creek Rd, Cincinnati, OH 45238",3901.0,OH-01,Jon Husted,Republican,Bernie Moreno,Republican,Greg Landsman,Democratic,61.0,39061.0,10201.0,39061010201.0,Census Tract 102.01,61.0,39061.0,10201.0,39061010201.0,Census Tract 102.01,45238.0,39.136876,-84.614539,True
M.FU.Blink_MD_0,Manufacturing,Blink,Fueling Equipment,EV Chargers,Clean Tech Manufacturing,Expansion,Operating,49.988032,2023-01-19,MD,"4961 Tesla Dr, Bowie, MD 20715",2405.0,MD-05,Angela Alsobrooks,Democratic,Chris Van Hollen,Democratic,Steny Hoyer,Democratic,33.0,24033.0,800504.0,24033800504.0,Census Tract 8005.04,33.0,24033.0,800504.0,24033800504.0,Census Tract 8005.04,20715.0,38.95664,-76.70764,True
M.FU.Design_MN_0,Manufacturing,Design Ready Controls,Fueling Equipment,EV Chargers,Clean Tech Manufacturing,New,Operating,63.401917,2022-09-30,MN,"590 E 14th St, Albert Lea, MN 56007",2701.0,MN-01,Amy Klobuchar,Democratic,Tina Smith,Democratic,Brad Finstad,Republican,47.0,27047.0,180600.0,27047180600.0,Census Tract 1806,47.0,27047.0,180600.0,27047180600.0,Census Tract 1806,56007.0,43.623467,-93.360517,True
M.FU.Kempower_NC_0,Manufacturing,Kempower,Fueling Equipment,EV Chargers,Clean Tech Manufacturing,New,Operating,41.826721,2023-02-07,NC,"2530 S Tricenter Blvd, Durham, NC 27713",3704.0,NC-04,Ted Budd,Republican,Thom Tillis,Republican,Valerie Foushee,Democratic,63.0,37063.0,2035.0,37063002035.0,Census Tract 20.35,63.0,37063.0,2027.0,37063002027.0,Census Tract 20.27,27713.0,35.919239,-78.886866,True
M.FU.Dunamis_MI_0,Manufacturing,"Dunamis Clean Energy Partners, LLC",Fueling Equipment,EV Chargers,Clean Tech Manufacturing,New,Operating,,2022-02-10,MI,"15101 W 8 Mile Rd, Detroit, MI, 48235, United States",2611.0,MI-11,Gary Peters,Democratic,Elissa Slotkin,Democratic,Haley Stevens,Democratic,125.0,26125.0,171500.0,26125171500.0,Census Tract 1715,125.0,26125.0,171500.0,26125171500.0,Census Tract 1715,48237.0,42.445367,-83.192135,True
M.FU.Eaton_SC_0,Manufacturing,Eaton,Fueling Equipment,EV Chargers,Clean Tech Manufacturing,Expansion,Operating,51.030833,2023-08-29,SC,845 Corporate Circle Sumter SC 29154-8858,4505.0,SC-05,Lindsey Graham,Republican,Tim Scott,Republican,Ralph Norman,Republican,85.0,45085.0,1903.0,45085001903.0,Census Tract 19.03,85.0,45085.0,1901.0,45085001901.0,Census Tract 19.01,29154.0,33.8483,-80.37762,True
M.FU.NXU_AZ_0,Manufacturing,NXU Energy,Fueling Equipment,EV Chargers,Clean Tech Manufacturing,Expansion,Retired,,2023-09-28,AZ,"1828 N. Highley Road, Mesa, AZ",404.0,AZ-04,Ruben Gallego,Democratic,Mark Kelly,Democratic,Greg Stanton,Democratic,13.0,4013.0,420215.0,4013420215.0,Census Tract 4202.15,13.0,4013.0,420215.0,4013420215.0,Census Tract 4202.15,85205.0,33.44853,-111.71921,True
M.FU.EVCharge_NY_0,Manufacturing,EV Charge Solutions,Fueling Equipment,EV Chargers,Clean Tech Manufacturing,New,Operating,7.044657,2022-04-29,NY,"900 Jefferson Rd, Rochester, NY 14623",,,,,,,,,,,,,,,,,,,,43.090598,-77.613071,False
M.FU.WAVE_UT_0,Manufacturing,WAVE,Fueling Equipment,EV Chargers,Clean Tech Manufacturing,Expansion,Operating,19.725041,2022-04-06,UT,"4752 West California Ave, Salt Lake City, UT 84104",4902.0,UT-02,John Curtis,Republican,Mike Lee,Republican,Celeste Maloy,Republican,35.0,49035.0,114500.0,49035114500.0,Census Tract 1145,35.0,49035.0,114500.0,49035114500.0,Census Tract 1145,84104.0,40.741368,-112.004552,True
M.FU.AtomPower_NC_0,Manufacturing,Atom Power,Fueling Equipment,EV Chargers,Clean Tech Manufacturing,Expansion,Operating,4.287313,2023-05-09,NC,"13245 Reese Blvd W #130, Huntersville, NC 28078",3714.0,NC-14,Ted Budd,Republican,Thom Tillis,Republican,Timothy K. Moore,Republican,119.0,37119.0,6224.0,37119006224.0,Census Tract 62.24,119.0,37119.0,6215.0,37119006215.0,Census Tract 62.15,28078.0,35.39253,-80.86515,True
M.FU.Rhombus_MI_0,Manufacturing,Rhombus Energy,Fueling Equipment,EV Chargers,Clean Tech Manufacturing,Expansion,Operating,2.55041,2023-03-29,MI,"15301 Century Dr #204, Dearborn, MI 48120",2612.0,MI-12,Gary Peters,Democratic,Elissa Slotkin,Democratic,Rashida Tlaib,Democratic,163.0,26163.0,983700.0,26163983700.0,Census Tract 9837,163.0,26163.0,574202.0,26163574202.0,Census Tract 5742.02,48120.0,42.30776,-83.1854,True
M.FU.Autel_NC_0,Manufacturing,Autel Intelligent Technology,Fueling Equipment,EV Chargers,Clean Tech Manufacturing,New,Operating,40.806557,2023-03-09,NC,"8420 Triad Dr, Greensboro, NC 27409",3706.0,NC-06,Ted Budd,Republican,Thom Tillis,Republican,Addison McDowell,Republican,81.0,37081.0,16201.0,37081016201.0,Census Tract 162.01,81.0,37081.0,16201.0,37081016201.0,Census Tract 162.01,27409.0,36.09538,-79.98845,True
M.FU.Ingeteam_WI_0,Manufacturing,Ingeteam,Fueling Equipment,EV Chargers,Clean Tech Manufacturing,New,Operating,46.964383,2023-05-08,WI,"Menomonee Valley at 3550 W. Canal St, WI, 53214",5504.0,WI-04,Tammy Baldwin,Democratic,Ronald Harold Johnson,Republican,Gwen Moore,Democratic,79.0,55079.0,186800.0,55079186800.0,Census Tract 1868,79.0,55079.0,186800.0,55079186800.0,Census Tract 1868,53208.0,43.026719,-87.959387,True
M.FU.JohnDeere_NC_0,Manufacturing,John Deere Electric Powertrain,Fueling Equipment,EV Chargers,Clean Tech Manufacturing,New,Announced,35.211275,2023-08-14,NC,"1000 John Deere Rd, Kernersville, NC 27284",3706.0,NC-06,Ted Budd,Republican,Thom Tillis,Republican,Addison McDowell,Republican,67.0,37067.0,3107.0,37067003107.0,Census Tract 31.07,67.0,37067.0,3107.0,37067003107.0,Census Tract 31.07,27284.0,36.136722,-80.093396,True
M.FU.StarCharge_OH_0,Manufacturing,Star Charge,Fueling Equipment,EV Chargers,Clean Tech Manufacturing,New,Operating,,2023-12-11,OH,"Columbus, OH",,,,,,,,,,,,,,,,,,,,39.96085,-82.98499,False
M.FU.Quench_CT_0,Manufacturing,Quench Chargers,Fueling Equipment,EV Chargers,Clean Tech Manufacturing,New,Operating,,2023-01-19,CT,"Shelton, CT",,,,,,,,,,,,,,,,,,,,41.31701,-73.1018,False
M.FU.Induct_PA_0,Manufacturing,InductEV,Fueling Equipment,EV Chargers,Clean Tech Manufacturing,Expansion,Operating,,2024-01-09,PA,"660 Allendale Rd, King of Prussia, PA 19406",4205.0,PA-05,John Fetterman,Democratic,David McCormick,Republican,Mary Gay Scanlon,Democratic,91.0,42091.0,205808.0,42091205808.0,Census Tract 2058.08,91.0,42091.0,205808.0,42091205808.0,Census Tract 2058.08,19406.0,40.10176,-75.39698,True
M.FU.LG_TX_0,Manufacturing,LG Electronics,Fueling Equipment,EV Chargers,Clean Tech Manufacturing,New,Operating,,2024-01-12,TX,"2153 Eagle Pkwy, Fort Worth, TX 76177",4826.0,TX-26,John Cornyn,Republican,Ted Cruz,Republican,Brandon Gill,Republican,121.0,48121.0,20320.0,48121020320.0,Census Tract 203.20,121.0,48121.0,20308.0,48121020308.0,Census Tract 203.08,76177.0,33.00766,-97.31141,True
M.FU.Blink_MD_1,Manufacturing,Blink,Fueling Equipment,EV Chargers,Clean Tech Manufacturing,Expansion,Operating,12.423599,2024-03-11,MD,"4961 Tesla Dr, Bowie, MD 20715",2405.0,MD-05,Angela Alsobrooks,Democratic,Chris Van Hollen,Democratic,Steny Hoyer,Democratic,33.0,24033.0,800504.0,24033800504.0,Census Tract 8005.04,33.0,24033.0,800504.0,24033800504.0,Census Tract 8005.04,20715.0,38.95664,-76.70764,True
M.FU.PlugPower_NY_0,Manufacturing,Plug Power,Fueling Equipment,EV Chargers,Clean Tech Manufacturing,Expansion,Operating,,2023-05-01,NY,"968 Albany Shaker Rd, Latham, NY 12110",3620.0,NY-20,Kirsten Gillibrand,Democratic,Chuck Schumer,Democratic,Paul Tonko,Democratic,1.0,36001.0,13703.0,36001013703.0,Census Tract 137.03,1.0,36001.0,13703.0,36001013703.0,Census Tract 137.03,12110.0,42.76494,-73.81634,True
M.FU.Nidec_OH_0,Manufacturing,Nidec,Fueling Equipment,EV Chargers,Clean Tech Manufacturing,Expansion,Operating,,2023-09-11,OH,"243 Tuxedo Avenue, Cleveland, OH 44131 USA",3907.0,OH-07,Jon Husted,Republican,Bernie Moreno,Republican,Max Miller,Republican,35.0,39035.0,192300.0,39035192300.0,Census Tract 1923,35.0,39035.0,192300.0,39035192300.0,Census Tract 1923,44131.0,41.4196,-81.67808,True
M.FU.Rivian_IL_0,Manufacturing,Rivian,Fueling Equipment,EV Chargers,Clean Tech Manufacturing,Expansion,Operating,,2024-04-26,IL,"100 Rivian Motorway, Normal, IL 61761",1717.0,IL-17,Tammy Duckworth,Democratic,Dick Durbin,Democratic,Eric Sorensen,Democratic,113.0,17113.0,5201.0,17113005201.0,Census Tract 52.01,113.0,17113.0,5201.0,17113005201.0,Census Tract 52.01,61761.0,40.50038,-89.05904,True
M.FU.ElectricFish_CA_0,Manufacturing,ElectricFish,Fueling Equipment,EV Chargers,Clean Tech Manufacturing,New,Operating,7.044657,2024-04-23,CA,"955 Terminal Way, San Carlos, CA 94070",615.0,CA-15,Alex Padilla,Democratic,Adam Schiff,Democratic,Kevin Mullin,Democratic,81.0,6081.0,609100.0,6081609100.0,Census Tract 6091,81.0,6081.0,609100.0,6081609100.0,Census Tract 6091,94070.0,37.50752,-122.25437,True
M.FU.ChargeTronix_CA_0,Manufacturing,ChargeTronix,Fueling Equipment,EV Chargers,Clean Tech Manufacturing,Expansion,Operating,,2024-05-27,CA,"3587 Harbor Blvd, Costa Mesa, CA 92626",647.0,CA-47,Alex Padilla,Democratic,Adam Schiff,Democratic,Dave Min,Democratic,59.0,6059.0,63910.0,6059063910.0,Census Tract 639.10,59.0,6059.0,63907.0,6059063907.0,Census Tract 639.07,92626.0,33.7009,-117.92008,True
M.FU.Enteligent_CA_0,Manufacturing,Enteligent,Fueling Equipment,EV Chargers,Clean Tech Manufacturing,Expansion,Operating,3.007316,2024-08-20,CA,"Morgan Hill, CA 95037, US",,,,,,,,,,,,,,,,,,,,37.13073,-121.65472,False
M.FU.Wallbox_TX_1,Manufacturing,Wallbox,Fueling Equipment,EV Chargers,Clean Tech Manufacturing,Expansion,Operating,211.339722,2024-04-23,TX,"2240 Forum Dr, Arlington, TX 76010",4833.0,TX-33,John Cornyn,Republican,Ted Cruz,Republican,Marc Veasey,Democratic,439.0,48439.0,121904.0,48439121904.0,Census Tract 1219.04,439.0,48439.0,121904.0,48439121904.0,Census Tract 1219.04,76010.0,32.711485,-97.053586,True
M.FU.XCharge_TX_0,Manufacturing,XCharge,Fueling Equipment,EV Chargers,Clean Tech Manufacturing,New,Operating,7.044657,2023-03-21,TX,"19121 Marketplace Ave 2 145, Kyle, TX 78640",4835.0,TX-35,John Cornyn,Republican,Ted Cruz,Republican,Greg Casar,Democratic,209.0,48209.0,10925.0,48209010925.0,Census Tract 109.25,209.0,48209.0,10910.0,48209010910.0,Census Tract 109.10,78640.0,30.02615,-97.86152,True
M.FU.EnergiSpot_UT_0,Manufacturing,EnergiSpot,Fueling Equipment,EV Chargers,Clean Tech Manufacturing,New,Operating,,2023-06-30,UT,"370 S 300 E, Salt Lake City, UT 84111",4901.0,UT-01,John Curtis,Republican,Mike Lee,Republican,Blake Moore,Republican,35.0,49035.0,102100.0,49035102100.0,Census Tract 1021,35.0,49035.0,102100.0,49035102100.0,Census Tract 1021,84111.0,40.76107,-111.8829,True
M.FU.EnergiSpot_UT2_0,Manufacturing,EnergiSpot,Fueling Equipment,EV Chargers,Clean Tech Manufacturing,Expansion,Under Construction,1.471669,2024-04-11,UT,"Spanish Fork, UT",,,,,,,,,,,,,,,,,,,,40.11404,-111.64772,False
M.FU.Dover_TX_0,Manufacturing,Dover Fueling Solutions,Fueling Equipment,EV Chargers,Clean Tech Manufacturing,Expansion,Operating,,2024-09-25,TX,"3814 Jarrett Way #1212, Austin, TX 78728",4810.0,TX-10,John Cornyn,Republican,Ted Cruz,Republican,Michael McCaul,Republican,453.0,48453.0,45600.0,48453045600.0,Census Tract 456,453.0,48453.0,1851.0,48453001851.0,Census Tract 18.51,78728.0,30.47385,-97.67736,True
M.FU.Foxlink_AZ_0,Manufacturing,Foxlink,Fueling Equipment,EV Chargers,Clean Tech Manufacturing,Expansion,Operating,10.784738,2022-02-11,AZ,"2140 W Pinnacle Peak Rd., Phoenix AZ 85027",408.0,AZ-08,Ruben Gallego,Democratic,Mark Kelly,Democratic,Abraham Hamadeh,Republican,13.0,4013.0,612301.0,4013612301.0,Census Tract 6123.01,13.0,4013.0,612300.0,4013612300.0,Census Tract 6123,85085.0,33.70271,-112.10584,True
M.FU.Dunamis_MI_1,Manufacturing,"Dunamis Clean Energy Partners, LLC",Fueling Equipment,EV Chargers,Clean Tech Manufacturing,Expansion,Operating,1.997285,2024-10-07,MI,"15101 W 8 Mile Rd, Detroit, MI, 48235, United States",2611.0,MI-11,Gary Peters,Democratic,Elissa Slotkin,Democratic,Haley Stevens,Democratic,125.0,26125.0,171500.0,26125171500.0,Census Tract 1715,125.0,26125.0,171500.0,26125171500.0,Census Tract 1715,48237.0,42.445367,-83.192135,True
M.FU.Wiegel_IL_0,Manufacturing,Wiegel,Fueling Equipment,EV Chargers,Clean Tech Manufacturing,Expansion,Operating,1.098507,2024-11-15,IL,"Hall, 404 N Wood Dale Rd, Wood Dale, IL 60191",1708.0,IL-08,Tammy Duckworth,Democratic,Dick Durbin,Democratic,Raja Krishnamoorthi,Democratic,43.0,17043.0,840101.0,17043840101.0,Census Tract 8401.01,43.0,17043.0,840101.0,17043840101.0,Census Tract 8401.01,60191.0,41.967229,-87.979273,True
